song_id,title,artist,genres,song_length,release_date,entry_week_date,entry_week_pos,peak_pos,lifespan,yt_subs_release_date,yt_views_release_date,tt_followers_release_date,tt_uploads_release_date,tt_likes_release_date,ig_followers_release_date,ig_media_release_date,ig_followers_diff_12m,ig_followers_diff_6m,ig_followers_diff_3m,ig_followers_diff_1m,tt_followers_diff_12m,tt_followers_diff_6m,tt_followers_diff_3m,tt_followers_diff_1m,tt_likes_diff_12m,tt_likes_diff_6m,tt_likes_diff_3m,tt_likes_diff_1m,yt_subs_diff_12m,yt_subs_diff_6m,yt_subs_diff_3m,yt_subs_diff_1m,yt_views_diff_12m,yt_views_diff_6m,yt_views_diff_3m,yt_views_diff_1m,lifespan_bin
Linus & Lucy — Vince Guaraldi Trio,Linus & Lucy,Vince Guaraldi Trio,['Holiday'],3.089916666666667,1965-12-09,2022-01-01,37,37,1,,,,,,,,,,,,,,,,,,,,,,,,,,,,1–2
Christmastime Is Here — Vince Guaraldi Trio,Christmastime Is Here,Vince Guaraldi Trio,['Holiday'],2.774,1965-12-09,2022-01-01,48,31,7,,,,,,,,,,,,,,,,,,,,,,,,,,,,3–8
25 Million — Roddy Ricch,25 Million,Roddy Ricch,['Hip-Hop/Rap'],3.410433333333333,2021-12-17,2022-01-01,77,77,1,,,5100000.0,1.0,18100000.0,6598455.0,3.0,106230.0,109828.0,102632.0,58121.0,,400000.0,200000.0,100000.0,,0.0,0.0,0.0,,,,,,,,,1–2
Christmas Isn't Canceled (Just You) — Kelly Clarkson,Christmas Isn't Canceled (Just You),Kelly Clarkson,['Holiday'],3.85915,2021-10-15,2022-01-01,79,79,2,,,136800.0,34.0,323800.0,5411457.0,1079.0,352502.0,232361.0,166648.0,115080.0,72800.0,29450.0,21600.0,12000.0,242900.0,88800.0,66600.0,49300.0,,,,,,,,,1–2
Thailand — Roddy Ricch,Thailand,Roddy Ricch,['Hip-Hop/Rap'],3.3493166666666667,2021-12-17,2022-01-01,95,95,1,,,5100000.0,1.0,18100000.0,6598455.0,3.0,106230.0,109828.0,102632.0,58121.0,,400000.0,200000.0,100000.0,,0.0,0.0,0.0,,,,,,,,,1–2
Surface Pressure — Jessica Darrow,Surface Pressure,Jessica Darrow,"['Musicals', 'Soundtrack', 'Disney', 'Soundtrack', 'Original Score', 'Children’s Music']",3.37045,2021-11-19,2022-01-08,54,8,19,,,,,,2555.0,71.0,,,,,,,,,,,,,,,,,,,,,17–32
Christmas Tree — V,Christmas Tree,V,"['Soundtrack', 'Pop', 'K-Pop']",3.4991166666666667,2021-12-24,2022-01-08,79,79,1,,,,,,27678982.0,21.0,,,,,,,,,,,,,,,,,,,,,1–2
Hrs And Hrs — Muni Long,Hrs And Hrs,Muni Long,['R&B/Soul'],3.405283333333333,2021-11-19,2022-01-08,83,16,20,,,,,,135253.0,239.0,51427.0,45132.0,43102.0,3683.0,,,,,,,,,,,,,,,,,17–32
I Am Woman — Emmy Meli,I Am Woman,Emmy Meli,['Pop'],3.880216666666666,2021-11-18,2022-01-08,92,74,4,,,287300.0,50.0,4100000.0,13625.0,90.0,,,,,,,,,,,,,,,,,,,,,3–8
Pressure — Ari Lennox,Pressure,Ari Lennox,['R&B/Soul'],3.2213166666666666,2021-09-10,2022-01-08,94,66,17,,,,,,1755385.0,99.0,417178.0,265425.0,69082.0,13915.0,,,,,,,,,,,,,,,,,17–32
23 — Sam Hunt,23,Sam Hunt,['Country'],2.9953333333333334,2021-09-09,2022-01-08,99,50,20,,,,,,2619823.0,82.0,,,,30163.0,,,,,,,,,,,,,,,,,17–32
Fingers Crossed — Lauren Spencer-Smith,Fingers Crossed,Lauren Spencer-Smith,['Pop'],2.922416666666667,2022-01-15,2022-01-15,69,19,19,,,2800000.0,812.0,63700000.0,348228.0,388.0,164977.0,72587.0,68966.0,37930.0,,1600000.0,1300000.0,500000.0,,40500000.0,32900000.0,13500000.0,,,,,,,,,17–32
Waiting On A Miracle — Stephanie Beatriz,Waiting On A Miracle,Stephanie Beatriz,"['Musicals', 'Soundtrack', 'Soundtrack', 'Children’s Music', 'Disney', 'Original Score']",2.697333333333334,2021-11-19,2022-01-15,82,48,12,,,354700.0,18.0,1600000.0,2333886.0,1918.0,284630.0,154780.0,64981.0,6190.0,,,,,,,,,,,,,,,,,9–16
Dos Oruguitas — Sebastian Yatra,Dos Oruguitas,Sebastian Yatra,"['Musicals', 'Soundtrack', 'Original Score', 'Children’s Music', 'Soundtrack', 'Disney']",3.5768833333333334,2021-11-24,2022-01-15,83,36,16,,,16100000.0,236.0,116400000.0,28212522.0,847.0,3330547.0,1255527.0,610119.25,278473.0,4000000.0,1385714.2857142854,500000.0,400000.0,36900000.0,17971428.571428567,11000000.0,7700000.0,,,,,,,,,9–16
AA — Walker Hayes,AA,Walker Hayes,['Country'],3.1593333333333335,2021-11-19,2022-01-15,87,28,24,,,2200000.0,222.0,21500000.0,571464.0,1125.0,,344969.0,135338.0,48502.0,,,,200000.0,,,,3300000.0,,,,,,,,,17–32
Home Sweet — Russell Dickerson,Home Sweet,Russell Dickerson,['Country'],3.43245,2020-06-26,2022-01-15,90,88,7,,,,,,,,,,,,,,,,,,,,,,,,,,,,3–8
Come Back As A Country Boy — Blake Shelton,Come Back As A Country Boy,Blake Shelton,['Country'],3.69555,2021-10-01,2022-01-15,91,81,13,,,943800.0,31.0,2200000.0,4811197.0,686.0,872892.0,508790.0,309170.0,66798.0,,,,,,,,,,,,,,,,,9–16
I Love You So — The Walters,I Love You So,The Walters,['Alternative'],2.6706666666666665,2014-11-28,2022-01-15,97,71,16,,,,,,,,,,,,,,,,,,,,,,,,,,,,9–16
Sacrifice — The Weeknd,Sacrifice,The Weeknd,['R&B/Soul'],3.148633333333333,2022-01-07,2022-01-22,11,11,10,,,4500000.0,41.0,17100000.0,35773225.0,542.0,8300985.0,3601083.0,1689257.0,680918.0,1800000.0,400000.0,300000.0,100000.0,10300000.0,2000000.0,1100000.0,600000.0,,,,,,,,,9–16
Gasoline — The Weeknd,Gasoline,The Weeknd,['R&B/Soul'],3.5361,2022-01-07,2022-01-22,29,29,2,,,4500000.0,41.0,17100000.0,35773225.0,542.0,8300985.0,3601083.0,1689257.0,680918.0,1800000.0,400000.0,300000.0,100000.0,10300000.0,2000000.0,1100000.0,600000.0,,,,,,,,,1–2
Is There Someone Else? — The Weeknd,Is There Someone Else?,The Weeknd,['R&B/Soul'],3.3185166666666666,2022-01-07,2022-01-22,31,31,2,,,4500000.0,41.0,17100000.0,35773225.0,542.0,8300985.0,3601083.0,1689257.0,680918.0,1800000.0,400000.0,300000.0,100000.0,10300000.0,2000000.0,1100000.0,600000.0,,,,,,,,,1–2
Out Of Time — The Weeknd,Out Of Time,The Weeknd,['R&B/Soul'],3.56985,2022-01-07,2022-01-22,32,32,3,,,4500000.0,41.0,17100000.0,35773225.0,542.0,8300985.0,3601083.0,1689257.0,680918.0,1800000.0,400000.0,300000.0,100000.0,10300000.0,2000000.0,1100000.0,600000.0,,,,,,,,,3–8
How Do I Make You Love Me? — The Weeknd,How Do I Make You Love Me?,The Weeknd,[],,,2022-01-22,39,39,1,,,,,,,,,,,,,,,,,,,,,,,,,,,,1–2
Poochie Gown — Gunna,Poochie Gown,Gunna,['Hip-Hop/Rap'],2.355783333333333,2022-01-07,2022-01-22,42,42,2,,,1300000.0,158.0,14600000.0,3887640.0,57.0,558813.0,285444.0,248348.0,171571.0,642400.0,348200.0,100000.0,0.0,8800000.0,6600000.0,3200000.0,800000.0,,,,,,,,,1–2
Alotta Cake — Gunna,Alotta Cake,Gunna,['Hip-Hop/Rap'],3.233116666666666,2022-01-07,2022-01-22,46,46,2,,,1300000.0,158.0,14600000.0,3887640.0,57.0,558813.0,285444.0,248348.0,171571.0,642400.0,348200.0,100000.0,0.0,8800000.0,6600000.0,3200000.0,800000.0,,,,,,,,,1–2
Less Than Zero — The Weeknd,Less Than Zero,The Weeknd,['R&B/Soul'],3.5302333333333333,2022-01-07,2022-01-22,53,53,2,,,4500000.0,41.0,17100000.0,35773225.0,542.0,8300985.0,3601083.0,1689257.0,680918.0,1800000.0,400000.0,300000.0,100000.0,10300000.0,2000000.0,1100000.0,600000.0,,,,,,,,,1–2
Best Friends — The Weeknd,Best Friends,The Weeknd,['R&B/Soul'],2.7250666666666667,2022-01-07,2022-01-22,60,60,1,,,4500000.0,41.0,17100000.0,35773225.0,542.0,8300985.0,3601083.0,1689257.0,680918.0,1800000.0,400000.0,300000.0,100000.0,10300000.0,2000000.0,1100000.0,600000.0,,,,,,,,,1–2
Livin Wild — Gunna,Livin Wild,Gunna,['Hip-Hop/Rap'],2.37045,2022-01-07,2022-01-22,61,61,2,,,1300000.0,158.0,14600000.0,3887640.0,57.0,558813.0,285444.0,248348.0,171571.0,642400.0,348200.0,100000.0,0.0,8800000.0,6600000.0,3200000.0,800000.0,,,,,,,,,1–2
Circles Around This Town — Maren Morris,Circles Around This Town,Maren Morris,['Country'],3.2627166666666665,2022-01-16,2022-01-22,63,52,25,,,,,,1589561.0,226.0,58958.0,-3149.0,-2613.0,145.0,,,,,,,,,,,,,,,,,17–32
Dawn FM — The Weeknd,Dawn FM,The Weeknd,['R&B/Soul'],1.604,2022-01-07,2022-01-22,65,65,1,,,4500000.0,41.0,17100000.0,35773225.0,542.0,8300985.0,3601083.0,1689257.0,680918.0,1800000.0,400000.0,300000.0,100000.0,10300000.0,2000000.0,1100000.0,600000.0,,,,,,,,,1–2
Private Island — Gunna,Private Island,Gunna,['Hip-Hop/Rap'],2.2,2022-03-30,2022-01-22,68,68,1,,,1700000.0,211.0,20300000.0,4287645.0,102.0,886409.0,647991.0,543191.5,81637.0,963600.0,600000.0,400000.0,100000.0,14200000.0,10300000.0,6400000.0,700000.0,,,,,,,,,1–2
South To West — Gunna,South To West,Gunna,['Hip-Hop/Rap'],2.0448833333333334,2022-01-07,2022-01-22,70,70,1,,,1300000.0,158.0,14600000.0,3887640.0,57.0,558813.0,285444.0,248348.0,171571.0,642400.0,348200.0,100000.0,0.0,8800000.0,6600000.0,3200000.0,800000.0,,,,,,,,,1–2
Starry Eyes — The Weeknd,Starry Eyes,The Weeknd,['R&B/Soul'],2.466666666666667,2022-01-07,2022-01-22,79,79,1,,,4500000.0,41.0,17100000.0,35773225.0,542.0,8300985.0,3601083.0,1689257.0,680918.0,1800000.0,400000.0,300000.0,100000.0,10300000.0,2000000.0,1100000.0,600000.0,,,,,,,,,1–2
Don't Break My Heart — The Weeknd,Don't Break My Heart,The Weeknd,['R&B/Soul'],3.4244833333333333,2022-01-07,2022-01-22,85,85,1,,,4500000.0,41.0,17100000.0,35773225.0,542.0,8300985.0,3601083.0,1689257.0,680918.0,1800000.0,400000.0,300000.0,100000.0,10300000.0,2000000.0,1100000.0,600000.0,,,,,,,,,1–2
Flooded — Gunna,Flooded,Gunna,['Hip-Hop/Rap'],2.533333333333333,2022-01-07,2022-01-22,86,86,1,,,1300000.0,158.0,14600000.0,3887640.0,57.0,558813.0,285444.0,248348.0,171571.0,642400.0,348200.0,100000.0,0.0,8800000.0,6600000.0,3200000.0,800000.0,,,,,,,,,1–2
Every Angel Is Terrifying — The Weeknd,Every Angel Is Terrifying,The Weeknd,['R&B/Soul'],2.7876,2022-01-07,2022-01-22,93,93,1,,,4500000.0,41.0,17100000.0,35773225.0,542.0,8300985.0,3601083.0,1689257.0,680918.0,1800000.0,400000.0,300000.0,100000.0,10300000.0,2000000.0,1100000.0,600000.0,,,,,,,,,1–2
Cold December — Rod Wave,Cold December,Rod Wave,['Hip-Hop/Rap'],3.2003666666666666,2022-01-17,2022-01-29,58,38,6,,,3200000.0,259.0,26600000.0,4728769.0,114.0,954278.0,434206.0,197816.66666666695,66801.0,1200000.0,500000.0,300000.0,100000.0,11400000.0,5100000.0,2900000.0,600000.0,,,,,,,,,3–8
Bring The Hook — YoungBoy Never Broke Again,Bring The Hook,YoungBoy Never Broke Again,['Hip-Hop/Rap'],4.41975,2022-01-14,2022-01-29,61,61,2,,,716.0,,905.0,,,,,,,,5.14285714285711,7.0,4.0,,3.0,2.0,1.0,,,,,,,,,1–2
Iffy — Chris Brown,Iffy,Chris Brown,['R&B/Soul'],2.8924833333333333,2022-01-14,2022-01-29,71,71,8,,,5300000.0,10.0,11200000.0,102378505.0,7336.0,27477347.0,15065131.0,7738986.0,3951751.0,,300000.0,200000.0,100000.0,,300000.0,100000.0,100000.0,,,,,,,,,3–8
Fish Scale — YoungBoy Never Broke Again,Fish Scale,YoungBoy Never Broke Again,['Hip-Hop/Rap'],2.8493166666666667,2022-01-04,2022-01-29,82,68,3,,,714.0,54.0,905.0,,,,,,,-3.0,3.0,5.0,3.0,2.0,3.0,2.0,1.0,,,,,,,,,3–8
Trouble With A Heartbreak — Jason Aldean,Trouble With A Heartbreak,Jason Aldean,['Country'],3.2671166666666664,2022-01-14,2022-01-29,88,32,20,,,331800.0,22.0,795400.0,3604780.0,1138.0,340757.0,237609.0,92674.0,12420.0,,,,14500.0,,,,46900.0,,,,,,,,,17–32
Light Switch — Charlie Puth,Light Switch,Charlie Puth,['Pop'],3.1284,2022-01-20,2022-02-05,42,27,15,,,14900000.0,236.0,293400000.0,15529093.0,1.0,,193632.0,46500.0,5034.0,6100000.0,3900000.0,1100000.0,200000.0,195400000.0,127200000.0,52100000.0,16300000.0,,,,,,,,,9–16
No Switch — YoungBoy Never Broke Again,No Switch,YoungBoy Never Broke Again,['Hip-Hop/Rap'],3.0117666666666665,2022-01-21,2022-02-05,58,58,2,,,716.0,,905.0,,,,,,,,5.666666666666629,6.0,3.0,,3.0,1.0,0.0,,,,,,,,,1–2
Bring It On — YoungBoy Never Broke Again,Bring It On,YoungBoy Never Broke Again,['Hip-Hop/Rap'],4.078216666666667,2022-01-21,2022-02-05,60,60,1,,,716.0,,905.0,,,,,,,,5.666666666666629,6.0,3.0,,3.0,1.0,0.0,,,,,,,,,1–2
Proud — Key Glock,Proud,Key Glock,['Hip-Hop/Rap'],3.0673333333333335,2022-01-18,2022-02-05,73,73,1,,,,,,2640039.0,0.0,699070.0,550184.0,513772.0,8495.0,,,,,,,,,,,,,,,,,1–2
Know Like I Know — YoungBoy Never Broke Again,Know Like I Know,YoungBoy Never Broke Again,['Hip-Hop/Rap'],3.8722833333333337,2022-01-18,2022-02-05,74,74,1,,,716.0,,905.0,,,,,,,,5.714285714285666,6.0,3.0,,3.0,1.0,0.0,,,,,,,,,1–2
2Hoo — YoungBoy Never Broke Again,2Hoo,YoungBoy Never Broke Again,['Hip-Hop/Rap'],2.7807333333333335,2022-01-21,2022-02-05,86,86,1,,,716.0,,905.0,,,,,,,,5.666666666666629,6.0,3.0,,3.0,1.0,0.0,,,,,,,,,1–2
Long Live — YoungBoy Never Broke Again,Long Live,YoungBoy Never Broke Again,['Hip-Hop/Rap'],2.65115,2022-01-21,2022-02-05,87,87,1,,,716.0,,905.0,,,,,,,,5.666666666666629,6.0,3.0,,3.0,1.0,0.0,,,,,,,,,1–2
Dis & That — YoungBoy Never Broke Again,Dis & That,YoungBoy Never Broke Again,['Hip-Hop/Rap'],2.9253666666666667,2022-01-21,2022-02-05,89,89,1,,,716.0,,905.0,,,,,,,,5.666666666666629,6.0,3.0,,3.0,1.0,0.0,,,,,,,,,1–2
Smoke One — YoungBoy Never Broke Again,Smoke One,YoungBoy Never Broke Again,['Hip-Hop/Rap'],3.4152,2022-01-21,2022-02-05,97,97,1,,,716.0,,905.0,,,,,,,,5.666666666666629,6.0,3.0,,3.0,1.0,0.0,,,,,,,,,1–2
High — The Chainsmokers,High,The Chainsmokers,"['Pop', 'Dance']",2.919383333333333,2022-01-28,2022-02-12,57,57,9,,,2200000.0,33.0,34400000.0,6711106.0,14.0,-523743.0,-168608.0,-41355.0,2521.0,400000.0,400000.0,300000.0,300000.0,2400000.0,2300000.0,2300000.0,2000000.0,,,,,,,,,9–16
If I Was A Cowboy — Miranda Lambert,If I Was A Cowboy,Miranda Lambert,['Country'],3.2502166666666668,2021-10-15,2022-02-12,82,53,20,,,,,,4264881.0,1035.0,180537.0,82169.0,46011.0,12771.0,,,,,,,,,,,,,,,,,17–32
Shotta Flow 6 — NLE Choppa,Shotta Flow 6,NLE Choppa,['Hip-Hop/Rap'],3.2024666666666666,2022-01-28,2022-02-12,86,86,1,,,10500000.0,350.0,153600000.0,4480832.0,19.0,,870418.0,453131.0,136204.0,4900000.0,1600000.0,700000.0,300000.0,70800000.0,26800000.0,12700000.0,4500000.0,,,,,,,,,1–2
Vice City — XXXTENTACION,Vice City,XXXTENTACION,['Hip-Hop/Rap'],3.6784833333333338,2022-01-28,2022-02-12,89,89,1,,,,,,19843682.0,1.0,,727494.0,477596.0,199420.0,,,,,,,,,,,,,,,,,1–2
Numb Little Bug — Em Beihold,Numb Little Bug,Em Beihold,['Pop'],2.8206333333333333,2022-01-28,2022-02-12,91,18,32,,,395000.0,191.0,8200000.0,74108.0,49.0,72063.0,10590.0,2030.0,4455.0,,183000.0,90700.0,88600.0,,3900000.0,2200000.0,2100000.0,,,,,,,,,17–32
Infinity — Jaymes Young,Infinity,Jaymes Young,['Alternative'],3.960916666666667,2017-06-23,2022-02-12,94,94,1,,,,,,,,,,,,,,,,,,,,,,,,,,,,1–2
Megan's Piano — Megan Thee Stallion,Megan's Piano,Megan Thee Stallion,[],,,2022-02-12,97,97,2,,,,,,,,,,,,,,,,,,,,,,,,,,,,1–2
"Colombia, Mi Encanto — Carlos Vives","Colombia, Mi Encanto",Carlos Vives,"['Musicals', 'Soundtrack', 'Disney', 'Children’s Music', 'Soundtrack', 'Original Score']",2.921333333333333,2021-11-24,2022-02-12,100,100,1,,,2300000.0,211.0,9700000.0,7183229.0,4594.0,80452.0,36077.0,32985.0,16240.0,,,,0.0,,,,100000.0,,,,,,,,,1–2
Cigarettes — Juice WRLD,Cigarettes,Juice WRLD,['Hip-Hop/Rap'],3.792116666666667,2022-02-02,2022-02-19,43,43,5,,,,,,12160078.0,170.0,-54567.0,120456.0,245621.0,16157.0,,,,,,,,,,,,,,,,,3–8
She's All I Wanna Be — Tate McRae,She's All I Wanna Be,Tate McRae,['Pop'],3.4462,2022-02-04,2022-02-19,52,44,20,,,3600000.0,369.0,111700000.0,1858757.0,80.0,421121.0,215510.0,132663.0,39662.0,1500000.0,800000.0,400000.0,100000.0,74400000.0,46000000.0,27800000.0,11400000.0,,,,,,,,,17–32
Black Summer — Red Hot Chili Peppers,Black Summer,Red Hot Chili Peppers,['Alternative'],3.8735333333333335,2022-02-04,2022-02-19,78,78,1,,,,,,4134882.0,1472.0,,207565.0,91833.0,62060.0,,,,,,,,,,,,,,,,,1–2
Worst Day — Future,Worst Day,Future,['Hip-Hop/Rap'],3.08155,2022-02-11,2022-02-26,34,34,3,,,,,,,,,,,,,,,,,,,,,,,,,,,,3–8
Boyfriend — Dove Cameron,Boyfriend,Dove Cameron,['Pop'],2.55,2022-02-11,2022-02-26,73,16,24,,,8000000.0,103.0,56700000.0,45054572.0,414.0,5496517.0,870011.0,402914.0,515284.0,2900000.0,2100000.0,1700000.0,1100000.0,26900000.0,20900000.0,20200000.0,15100000.0,,,,,,,,,17–32
Good Morning Gorgeous — Mary J. Blige,Good Morning Gorgeous,Mary J. Blige,['R&B/Soul'],2.9088333333333334,2021-12-03,2022-02-26,83,83,3,,,,,,5352341.0,465.0,607507.0,239268.0,139742.0,54093.0,,,,,,,,,,,,,,,,,3–8
Stay Alive — Jung Kook,Stay Alive,Jung Kook,"['K-Pop', 'Pop']",3.5154666666666667,2022-02-11,2022-02-26,95,95,1,,,,,,,,,,,,,,,,,,,,,,,,,,,,1–2
Nail Tech — Jack Harlow,Nail Tech,Jack Harlow,['Hip-Hop/Rap'],3.43975,2022-02-18,2022-03-05,18,18,12,,,3000000.0,26.0,28900000.0,4675998.0,454.0,2754603.0,1615010.0,495331.0,141464.0,,1300000.0,300000.0,100000.0,,16700000.0,1600000.0,200000.0,,,,,,,,,9–16
Ahhh Ha — Lil Durk,Ahhh Ha,Lil Durk,['Hip-Hop/Rap'],3.108966666666667,2022-02-22,2022-03-05,42,18,11,,,1500000.0,5.0,780600.0,12719018.0,676.0,,1780411.0,836081.0,330542.0,,300000.0,100000.0,0.0,,-6719400.0,-7719400.0,66900.0,,,,,,,,,9–16
Banking On Me — Gunna,Banking On Me,Gunna,['Hip-Hop/Rap'],3.3333333333333335,2022-01-07,2022-03-05,61,61,10,,,1300000.0,158.0,14600000.0,3887640.0,57.0,558813.0,285444.0,248348.0,171571.0,642400.0,348200.0,100000.0,0.0,8800000.0,6600000.0,3200000.0,800000.0,,,,,,,,,9–16
Poppin — Yeat,Poppin,Yeat,['Hip-Hop/Rap'],2.78645,2022-02-18,2022-03-05,91,91,1,,,,,,744720.0,17.0,735993.0,670627.0,454946.0,267039.0,,,,,,,,,,,,,,,,,1–2
Pray — Jessie Murph,Pray,Jessie Murph,"['Alternative', 'Pop']",2.4377833333333334,2022-02-18,2022-03-05,95,95,1,,,3600000.0,,61300000.0,516360.0,194.0,201911.0,135470.0,67103.0,42950.0,,0.0,0.0,0.0,,0.0,0.0,0.0,,,,,,,,,1–2
Give Heaven Some Hell — HARDY,Give Heaven Some Hell,HARDY,['Country'],3.6300333333333334,2020-07-24,2022-03-05,100,69,10,,,,,,155004.0,448.0,114892.0,59542.0,27097.0,8525.0,,,,,,,,,,,,,,,,,9–16
I Hate YoungBoy — YoungBoy Never Broke Again,I Hate YoungBoy,YoungBoy Never Broke Again,['Hip-Hop/Rap'],4.3636333333333335,2022-02-22,2022-03-12,79,79,4,,,716.0,,905.0,,,,,,,,4.0,5.0,0.0,,3.0,1.0,0.0,,,,,,,,,3–8
Usain Boo — Kodak Black,Usain Boo,Kodak Black,['Hip-Hop/Rap'],3.1113,2022-02-25,2022-03-12,81,81,1,,,649800.0,22.0,2300000.0,11668022.0,176.0,1834995.0,818790.0,481437.0,246839.0,,424600.0,306500.0,97900.0,,1933200.0,1573000.0,1000000.0,,,,,,,,,1–2
I Wish — Kodak Black,I Wish,Kodak Black,['Hip-Hop/Rap'],2.7626666666666666,2022-02-21,2022-03-12,90,90,1,,,618200.0,22.0,2000000.0,11636809.0,163.0,1853014.0,807504.0,462123.0,238193.0,,399400.0,292200.0,84100.0,,1640300.0,1289600.0,800000.0,,,,,,,,,1–2
Rocking A Cardigan In Atlanta — Lil Shordie Scott,Rocking A Cardigan In Atlanta,Lil Shordie Scott,"['Hip-Hop/Rap', 'Rap']",1.6137666666666666,2022-01-29,2022-03-12,100,77,3,,,,,,,,,,,,,,,,,,,,,,,,,,,,3–8
Publicity Stunt — Gucci Mane,Publicity Stunt,Gucci Mane,['Hip-Hop/Rap'],3.277633333333333,2022-03-04,2022-03-19,72,72,1,,,,,,,,,,,,,,,,,,,,,,,,,,,,1–2
War — King Von,War,King Von,['Hip-Hop/Rap'],2.6688833333333335,2022-03-02,2022-03-19,73,73,1,,,269900.0,14.0,1300000.0,3356281.0,205.0,17298.0,-32440.0,-643.0,26715.0,40500.0,3400.0,1700.0,300.0,100000.0,0.0,0.0,0.0,,,,,,,,,1–2
No Interviews — Lil Durk,No Interviews,Lil Durk,['Hip-Hop/Rap'],2.996766666666667,2022-03-11,2022-03-26,30,30,3,,,1600000.0,11.0,2300000.0,12859944.0,684.0,3783900.0,1751783.0,915178.0,353005.0,,400000.0,200000.0,100000.0,,-5200000.0,-6300000.0,1564900.0,,,,,,,,,3–8
Golden Child — Lil Durk,Golden Child,Lil Durk,['Hip-Hop/Rap'],1.9096666666666664,2022-03-10,2022-03-26,34,34,2,,,1600000.0,11.0,2300000.0,12849368.0,682.0,3789525.0,1746481.0,906104.0,355891.0,,400000.0,200000.0,100000.0,,-5200000.0,-6300000.0,1565700.0,,,,,,,,,1–2
Something In The Way — Nirvana,Something In The Way,Nirvana,"['Alternative', 'Grunge', 'Rock', 'Adult Alternative', 'College Rock']",3.8697166666666662,1991-09-24,2022-03-26,46,46,1,,,,,,,,,,,,,,,,,,,,,,,,,,,,1–2
Barbarian — Lil Durk,Barbarian,Lil Durk,['Hip-Hop/Rap'],2.4874,2022-03-11,2022-03-26,48,48,2,,,1600000.0,11.0,2300000.0,12859944.0,684.0,3783900.0,1751783.0,915178.0,353005.0,,400000.0,200000.0,100000.0,,-5200000.0,-6300000.0,1564900.0,,,,,,,,,1–2
Shootout @ My Crib — Lil Durk,Shootout @ My Crib,Lil Durk,['Hip-Hop/Rap'],2.56355,2022-03-11,2022-03-26,53,53,1,,,1600000.0,11.0,2300000.0,12859944.0,684.0,3783900.0,1751783.0,915178.0,353005.0,,400000.0,200000.0,100000.0,,-5200000.0,-6300000.0,1564900.0,,,,,,,,,1–2
Started From — Lil Durk,Started From,Lil Durk,['Hip-Hop/Rap'],2.0176666666666665,2022-03-11,2022-03-26,55,55,1,,,1600000.0,11.0,2300000.0,12859944.0,684.0,3783900.0,1751783.0,915178.0,353005.0,,400000.0,200000.0,100000.0,,-5200000.0,-6300000.0,1564900.0,,,,,,,,,1–2
Headtaps — Lil Durk,Headtaps,Lil Durk,['Hip-Hop/Rap'],2.898,2022-03-11,2022-03-26,58,58,1,,,1600000.0,11.0,2300000.0,12859944.0,684.0,3783900.0,1751783.0,915178.0,353005.0,,400000.0,200000.0,100000.0,,-5200000.0,-6300000.0,1564900.0,,,,,,,,,1–2
Smoking & Thinking — Lil Durk,Smoking & Thinking,Lil Durk,['Hip-Hop/Rap'],2.4565333333333332,2022-03-11,2022-03-26,60,60,2,,,1600000.0,11.0,2300000.0,12859944.0,684.0,3783900.0,1751783.0,915178.0,353005.0,,400000.0,200000.0,100000.0,,-5200000.0,-6300000.0,1564900.0,,,,,,,,,1–2
Grow Up/Keep It On Speaker — Lil Durk,Grow Up/Keep It On Speaker,Lil Durk,['Hip-Hop/Rap'],3.27235,2022-03-11,2022-03-26,65,65,1,,,1600000.0,11.0,2300000.0,12859944.0,684.0,3783900.0,1751783.0,915178.0,353005.0,,400000.0,200000.0,100000.0,,-5200000.0,-6300000.0,1564900.0,,,,,,,,,1–2
Blocklist — Lil Durk,Blocklist,Lil Durk,['Hip-Hop/Rap'],2.1108833333333332,2022-03-11,2022-03-26,69,69,1,,,1600000.0,11.0,2300000.0,12859944.0,684.0,3783900.0,1751783.0,915178.0,353005.0,,400000.0,200000.0,100000.0,,-5200000.0,-6300000.0,1564900.0,,,,,,,,,1–2
Federal Nightmares — Lil Durk,Federal Nightmares,Lil Durk,['Hip-Hop/Rap'],2.5223333333333335,2022-03-11,2022-03-26,85,85,1,,,1600000.0,11.0,2300000.0,12859944.0,684.0,3783900.0,1751783.0,915178.0,353005.0,,400000.0,200000.0,100000.0,,-5200000.0,-6300000.0,1564900.0,,,,,,,,,1–2
Bones — Imagine Dragons,Bones,Imagine Dragons,['Alternative'],2.7544166666666667,2021-03-11,2022-03-26,93,47,20,,,,,,4939711.0,1559.0,,-78072.0,-42102.0,-14576.0,,,,,,,,,,,,,,,,,17–32
Nobody Like U — 4*TOWN (From Disney And Pixar's Turning Red),Nobody Like U,4*TOWN (From Disney And Pixar's Turning Red),['Soundtrack'],2.9553833333333333,2019-11-27,2022-04-02,50,49,5,,,,,,,,,,,,,,,,,,,,,,,,,,,,3–8
Sometimes — Juice WRLD,Sometimes,Juice WRLD,['Hip-Hop/Rap'],4.327866666666667,2022-03-18,2022-04-02,57,57,1,,,3200000.0,0.0,0.0,12153378.0,172.0,-12737.0,173602.0,55356.0,-5395.0,,,,300000.0,,,,0.0,,,,,,,,,1–2
Computer Murderers — Lil Durk,Computer Murderers,Lil Durk,['Hip-Hop/Rap'],2.32555,2022-03-18,2022-04-02,61,61,1,,,1600000.0,12.0,2400000.0,12936578.0,692.0,3760705.0,1774065.0,970902.0,305473.0,,400000.0,100000.0,100000.0,,-5100000.0,-6200000.0,1626000.0,,,,,,,,,1–2
Ghost Story — Carrie Underwood,Ghost Story,Carrie Underwood,['Country'],3.0233333333333334,2022-03-18,2022-04-02,72,61,20,,,1600000.0,26.0,6000000.0,10991393.0,1850.0,903935.0,415804.0,327868.0,98468.0,500000.0,400000.0,0.0,0.0,2600000.0,2100000.0,100000.0,0.0,,,,,,,,,17–32
Over — Lucky Daye,Over,Lucky Daye,['R&B/Soul'],2.83915,2021-09-22,2022-04-02,92,77,7,,,,,,376609.0,7.0,106679.0,72018.0,45481.0,13328.0,,,,,,,,,,,,,,,,,3–8
Money So Big — Yeat,Money So Big,Yeat,['Hip-Hop/Rap'],2.6675333333333335,2021-09-10,2022-04-02,95,95,4,,,,,,149837.0,14.0,142320.0,140704.0,134346.0,87059.0,,,,,,,,,,,,,,,,,3–8
Soy El Unico — Yahritza y Su Esencia,Soy El Unico,Yahritza Y Su Esencia,"['Música Mexicana', 'Latin']",3.566666666666667,2022-03-25,2022-04-09,20,20,5,,,,,,,,,,,,,,,,,,,,,,,,,,,,3–8
Envolver — Anitta,Envolver,Anitta,['Latin'],3.2301,2021-11-11,2022-04-09,74,70,6,,,13000000.0,183.0,64000000.0,56598188.0,4813.0,6558337.0,3168852.0,1289588.0,591467.0,4000000.0,2650000.0,1400000.0,400000.0,30100000.0,23800000.0,15300000.0,6900000.0,,,,,,,,,3–8
Chaotic — Tate McRae,Chaotic,Tate McRae,['Pop'],2.978683333333333,2022-03-25,2022-04-09,80,80,1,,,3800000.0,430.0,126700000.0,1957564.0,109.0,473655.0,281230.0,144774.0,69108.0,,800000.0,300000.0,100000.0,,53200000.0,28200000.0,10100000.0,,,,,,,,,1–2
As It Was — Harry Styles,As It Was,Harry Styles,['Pop'],2.7883833333333334,2022-03-31,2022-04-16,1,1,61,,,4200000.0,,34100000.0,,,,,,,,0.0,0.0,0.0,,0.0,0.0,0.0,,,,,,,,,33–64
In My Head — Lil Tjay,In My Head,Lil Tjay,['Hip-Hop/Rap'],2.2544,2022-04-01,2022-04-16,33,33,4,,,4500000.0,243.0,72800000.0,6839414.0,87.0,1362083.0,431493.0,189685.0,92780.0,,800000.0,700000.0,700000.0,,16600000.0,15200000.0,14900000.0,,,,,,,,,3–8
When You're Gone — Shawn Mendes,When You're Gone,Shawn Mendes,['Pop'],2.8711166666666665,2022-03-31,2022-04-16,38,38,15,,,8500000.0,100.0,77300000.0,67477336.0,2487.0,7967668.0,3802477.0,1535449.0,568163.0,2400000.0,500000.0,300000.0,100000.0,38200000.0,12200000.0,9200000.0,3900000.0,,,,,,,,,9–16
Damn Strait — Scotty McCreery,Damn Strait,Scotty McCreery,['Country'],3.8371166666666663,2021-09-14,2022-04-16,82,32,20,,,,,,611969.0,691.0,17020.0,11212.0,3819.0,934.0,,,,,,,,,,,,,,,,,17–32
Take My Name — Parmalee,Take My Name,Parmalee,['Country'],2.631783333333334,2021-07-09,2022-04-16,88,22,20,,,,,,113597.0,174.0,2438.0,1779.0,1218.0,809.0,,,,,,,,,,,,,,,,,17–32
Complete Mess — 5 Seconds Of Summer,Complete Mess,5 Seconds Of Summer,['Pop'],3.8614333333333337,2022-03-02,2022-04-16,91,85,3,,,1500000.0,68.0,12900000.0,9561677.0,2589.0,1005277.0,485173.0,229719.0,61711.0,,400000.0,100000.0,0.0,,8800000.0,4700000.0,1300000.0,,,,,,,,,3–8
4KT Baby — YoungBoy Never Broke Again,4KT Baby,YoungBoy Never Broke Again,['Hip-Hop/Rap'],2.2857166666666666,2022-04-01,2022-04-16,96,96,1,,,716.0,,905.0,,,,,,,,7.0,2.0,0.0,,2.0,0.0,0.0,,,,,,,,,1–2
First Class — Jack Harlow,First Class,Jack Harlow,['Hip-Hop/Rap'],2.8991333333333333,2022-04-08,2022-04-23,1,1,28,,,4200000.0,40.0,53600000.0,5380475.0,472.0,3130184.0,1489089.0,921275.0,500860.0,,1800000.0,1300000.0,1100000.0,,31500000.0,25000000.0,22000000.0,,,,,,,,,17–32
Right On — Lil Baby,Right On,Lil Baby,['Hip-Hop/Rap'],3.5662666666666665,2022-04-08,2022-04-23,13,13,15,,,3300000.0,7.0,12900000.0,18861824.0,121.0,4045851.0,1497611.0,886097.0,338508.0,,,700000.0,600000.0,,,3000000.0,2900000.0,,,,,,,,,9–16
In A Minute — Lil Baby,In A Minute,Lil Baby,['Hip-Hop/Rap'],3.3411833333333334,2022-04-08,2022-04-23,14,14,28,,,3300000.0,7.0,12900000.0,18861824.0,121.0,4045851.0,1497611.0,886097.0,338508.0,,,700000.0,600000.0,,,3000000.0,2900000.0,,,,,,,,,17–32
Treat Me — Chloe,Treat Me,Chloe,"['Pop', 'R&B/Soul']",2.4977666666666667,2022-04-08,2022-04-23,81,81,1,,,2700000.0,76.0,28500000.0,4832905.0,265.0,2239138.0,836724.0,410786.0,116381.0,,500000.0,100000.0,0.0,,9400000.0,2600000.0,1500000.0,,,,,,,,,1–2
Don't Think Jesus — Morgan Wallen,Don't Think Jesus,Morgan Wallen,['Country'],3.761083333333333,2022-04-15,2022-04-30,7,7,6,,,2800000.0,28.0,10600000.0,3475999.0,666.0,1090356.0,645156.0,249837.0,101746.0,1100000.0,500000.0,200000.0,100000.0,3900000.0,1400000.0,800000.0,600000.0,,,,,,,,,3–8
About Damn Time — Lizzo,About Damn Time,Lizzo,['Pop'],3.1989666666666667,2022-04-14,2022-04-30,50,1,42,,,21700000.0,1199.0,835900000.0,12100614.0,2600.0,1891471.0,466968.0,173619.0,86432.0,7200000.0,2700000.0,1100000.0,500000.0,420400000.0,170000000.0,61800000.0,25800000.0,,,,,,,,,33–64
Flowers — Lauren Spencer-Smith,Flowers,Lauren Spencer-Smith,['Pop'],2.6228833333333332,2022-04-14,2022-04-30,55,55,5,,,3200000.0,952.0,82000000.0,431484.0,395.0,203454.0,152621.0,84320.0,61170.0,2310900.0,1700000.0,400000.0,300000.0,66100000.0,51300000.0,18800000.0,10700000.0,,,,,,,,,3–8
GINE — 6ix9ine,GINE,6ix9ine,['Hip-Hop/Rap'],2.2474166666666666,2022-04-15,2022-04-30,83,83,1,,,8800000.0,34.0,61700000.0,21625611.0,135.0,-1869190.0,-1074199.0,-389996.0,-24188.0,,0.0,0.0,100000.0,,1000000.0,600000.0,500000.0,,,,,,,,,1–2
Leave You Alone — Kane Brown,Leave You Alone,Kane Brown,['Country'],3.57065,2022-03-04,2022-04-30,86,86,2,,,4600000.0,48.0,22700000.0,3025572.0,220.0,239931.0,185956.0,112310.0,31632.0,,800000.0,600000.0,100000.0,,5300000.0,4200000.0,1100000.0,,,,,,,,,1–2
Fall In Love — Bailey Zimmerman,Fall In Love,Bailey Zimmerman,['Country'],3.86765,2022-10-14,2022-04-30,99,29,34,181000.0,110383453.0,1600000.0,,23200000.0,345202.0,465.0,331138.0,258599.0,157269.0,51888.0,,906700.0,400000.0,0.0,,15200000.0,8166666.666666666,1800000.0,,,,24000.0,,,,23022638.0,33–64
Thousand Miles — The Kid LAROI,Thousand Miles,The Kid LAROI,"['Pop', 'Hip-Hop/Rap']",2.746366666666667,2022-04-22,2022-05-07,15,15,15,,,3000000.0,18.0,28000000.0,3996260.0,19.0,1216988.0,132614.0,77188.0,25938.0,,300000.0,200000.0,100000.0,,5000000.0,4700000.0,2500000.0,,,,,,,,,9–16
Plan B — Megan Thee Stallion,Plan B,Megan Thee Stallion,['Hip-Hop/Rap'],2.729416666666667,2022-04-22,2022-05-07,29,29,10,,,11300000.0,58.0,80100000.0,28618576.0,855.0,6243968.0,2740435.0,1190375.0,508503.0,3500000.0,2100000.0,1000000.0,500000.0,40700000.0,31700000.0,18500000.0,11700000.0,,,,,,,,,9–16
Provenza — Karol G,Provenza,Karol G,"['Urbano latino', 'Latin']",3.4602666666666666,2022-04-21,2022-05-07,36,25,21,,,33500000.0,48.0,161100000.0,51623092.0,3286.0,12618862.0,8407786.0,5692025.0,1128985.0,,11300000.0,6400000.0,900000.0,,67600000.0,43500000.0,7000000.0,,,,,,,,,17–32
Something In The Orange — Zach Bryan,Something In The Orange,Zach Bryan,['Country'],3.8002166666666666,2022-04-22,2022-05-07,55,10,66,,,737100.0,74.0,6300000.0,,,,,,,,284300.0,133900.0,25500.0,,2500000.0,1700000.0,400000.0,,,,,,,,,65+
Tomorrow Me — Luke Combs,Tomorrow Me,Luke Combs,['Country'],3.4789,2022-04-22,2022-05-07,61,61,4,,,3300000.0,101.0,24400000.0,4217807.0,1220.0,532657.0,299115.0,140306.0,32830.0,800000.0,400000.0,300000.0,200000.0,8000000.0,5100000.0,3900000.0,1700000.0,,,,,,,,,3–8
Brambleton — Pusha T,Brambleton,Pusha T,['Hip-Hop/Rap'],2.848516666666667,2022-04-22,2022-05-07,100,100,1,,,76100.0,7.0,185800.0,2771225.0,44.0,481608.0,271816.0,201447.0,69847.0,,,,,,,,,,,,,,,,,1–2
Puffin On Zootiez — Future,Puffin On Zootiez,Future,['Hip-Hop/Rap'],2.882216666666667,2022-04-29,2022-05-14,4,4,19,,,,,,,,,,,,,,,,,,,,,,,,,,,,17–32
712PM — Future,712PM,Future,['Hip-Hop/Rap'],2.88645,2022-04-29,2022-05-14,8,8,3,,,,,,,,,,,,,,,,,,,,,,,,,,,,3–8
I'm Dat N***a — Future,I'm Dat N***a,Future,[],,,2022-05-14,10,10,2,,,,,,,,,,,,,,,,,,,,,,,,,,,,1–2
Love You Better — Future,Love You Better,Future,['Hip-Hop/Rap'],2.158,2022-04-29,2022-05-14,12,12,15,,,,,,,,,,,,,,,,,,,,,,,,,,,,9–16
Massaging Me — Future,Massaging Me,Future,['Hip-Hop/Rap'],1.7688833333333334,2022-04-29,2022-05-14,20,20,2,,,,,,,,,,,,,,,,,,,,,,,,,,,,1–2
Gold Stacks — Future,Gold Stacks,Future,['Hip-Hop/Rap'],2.70555,2022-04-29,2022-05-14,29,29,1,,,,,,,,,,,,,,,,,,,,,,,,,,,,1–2
We Jus Wanna Get High — Future,We Jus Wanna Get High,Future,[],,,2022-05-14,45,45,1,,,,,,,,,,,,,,,,,,,,,,,,,,,,1–2
Holy Ghost — Future,Holy Ghost,Future,['Hip-Hop/Rap'],2.8377833333333333,2022-04-29,2022-05-14,46,46,1,,,,,,,,,,,,,,,,,,,,,,,,,,,,1–2
Frozen — Lil Baby,Frozen,Lil Baby,['Hip-Hop/Rap'],2.9858166666666666,2022-04-29,2022-05-14,54,54,2,,,3300000.0,7.0,13000000.0,19076020.0,133.0,4059536.0,1533396.0,1040331.0,310247.0,,,700000.0,100000.0,,,3100000.0,200000.0,,,,,,,,,1–2
Back To The Basics — Future,Back To The Basics,Future,['Hip-Hop/Rap'],2.95045,2022-04-29,2022-05-14,58,58,1,,,,,,,,,,,,,,,,,,,,,,,,,,,,1–2
The Way Things Going — Future,The Way Things Going,Future,[],,,2022-05-14,60,60,1,,,,,,,,,,,,,,,,,,,,,,,,,,,,1–2
In The Stars — Benson Boone,In The Stars,Benson Boone,['Pop'],3.606833333333334,2022-04-29,2022-05-14,82,82,1,,,2700000.0,795.0,121900000.0,217916.0,137.0,87711.0,68579.0,30368.0,24933.0,,700000.0,400000.0,300000.0,,44300000.0,23100000.0,19900000.0,,,,,,,,,1–2
Love Me More — Sam Smith,Love Me More,Sam Smith,['Pop'],3.17765,2022-04-28,2022-05-14,94,73,10,,,3100000.0,,18300000.0,14605558.0,16.0,-599460.0,-239930.0,-81871.0,-10319.0,,200000.0,200000.0,100000.0,,1200000.0,1100000.0,1100000.0,,,,,,,,,9–16
Moscow Mule — Bad Bunny,Moscow Mule,Bad Bunny,['Latin'],4.099,2022-05-06,2022-05-21,4,4,23,,,17400000.0,15.0,123300000.0,39022738.0,7.0,6096592.0,3212184.0,1278045.0,423312.0,,,4000000.0,1200000.0,,,55400000.0,12400000.0,,,,,,,,,17–32
Titi Me Pregunto — Bad Bunny,Titi Me Pregunto,Bad Bunny,['Latin'],4.06195,2022-05-06,2022-05-21,5,5,30,,,17400000.0,15.0,123300000.0,39022738.0,7.0,6096592.0,3212184.0,1278045.0,423312.0,,,4000000.0,1200000.0,,,55400000.0,12400000.0,,,,,,,,,17–32
Despues de La Playa — Bad Bunny,Despues de La Playa,Bad Bunny,['Latin'],3.84,2022-05-06,2022-05-21,6,6,20,,,17400000.0,15.0,123300000.0,39022738.0,7.0,6096592.0,3212184.0,1278045.0,423312.0,,,4000000.0,1200000.0,,,55400000.0,12400000.0,,,,,,,,,17–32
Thought You Should Know — Morgan Wallen,Thought You Should Know,Morgan Wallen,['Country'],3.5928666666666667,2022-05-06,2022-05-21,12,7,52,,,2800000.0,29.0,10700000.0,3547066.0,671.0,1120656.0,652444.0,277618.0,101132.0,,400000.0,200000.0,100000.0,,1200000.0,800000.0,600000.0,,,,,,,,,33–64
The Heart Part 5 — Kendrick Lamar,The Heart Part 5,Kendrick Lamar,['Hip-Hop/Rap'],5.53715,2022-05-08,2022-05-21,15,15,2,,,,,,,,,,,,,,,,,,,,,,,,,,,,1–2
Un Ratito — Bad Bunny,Un Ratito,Bad Bunny,['Latin'],2.948933333333333,2022-05-06,2022-05-21,16,16,16,,,17400000.0,15.0,123300000.0,39022738.0,7.0,6096592.0,3212184.0,1278045.0,423312.0,,,4000000.0,1200000.0,,,55400000.0,12400000.0,,,,,,,,,9–16
Dua Lipa — Jack Harlow,Dua Lipa,Jack Harlow,['Hip-Hop/Rap'],2.2508833333333333,2022-05-06,2022-05-21,21,21,4,,,5100000.0,45.0,67800000.0,6006268.0,485.0,3594131.0,1913007.0,1416785.0,745984.0,4169900.0,2600000.0,2100000.0,1200000.0,62800000.0,43400000.0,38900000.0,19800000.0,,,,,,,,,3–8
Yo No Soy Celoso — Bad Bunny,Yo No Soy Celoso,Bad Bunny,[],,,2022-05-21,22,22,6,,,,,,,,,,,,,,,,,,,,,,,,,,,,3–8
Neverita — Bad Bunny,Neverita,Bad Bunny,['Latin'],2.8853166666666668,2022-05-06,2022-05-21,31,31,14,,,17400000.0,15.0,123300000.0,39022738.0,7.0,6096592.0,3212184.0,1278045.0,423312.0,,,4000000.0,1200000.0,,,55400000.0,12400000.0,,,,,,,,,9–16
Efecto — Bad Bunny,Efecto,Bad Bunny,['Latin'],3.5510166666666665,2022-05-06,2022-05-21,34,34,22,,,17400000.0,15.0,123300000.0,39022738.0,7.0,6096592.0,3212184.0,1278045.0,423312.0,,,4000000.0,1200000.0,,,55400000.0,12400000.0,,,,,,,,,17–32
Aguacero — Bad Bunny,Aguacero,Bad Bunny,['Latin'],3.5164833333333334,2022-05-06,2022-05-21,44,44,3,,,17400000.0,15.0,123300000.0,39022738.0,7.0,6096592.0,3212184.0,1278045.0,423312.0,,,4000000.0,1200000.0,,,55400000.0,12400000.0,,,,,,,,,3–8
Dos Mil 16 — Bad Bunny,Dos Mil 16,Bad Bunny,[],,,2022-05-21,45,45,3,,,,,,,,,,,,,,,,,,,,,,,,,,,,3–8
This Love (Taylor's Version) — Taylor Swift,This Love (Taylor's Version),Taylor Swift,['Pop'],3.7182166666666663,2021-11-12,2022-05-21,50,42,2,,,6400000.0,17.0,52000000.0,184368893.0,518.0,43566692.0,26722673.0,11620070.0,2446609.0,,,,,,,,,,,,,,,,,1–2
El Apagon — Bad Bunny,El Apagon,Bad Bunny,['Latin'],3.3636,2022-05-06,2022-05-21,54,54,2,,,17400000.0,15.0,123300000.0,39022738.0,7.0,6096592.0,3212184.0,1278045.0,423312.0,,,4000000.0,1200000.0,,,55400000.0,12400000.0,,,,,,,,,1–2
Un Verano Sin Ti — Bad Bunny,Un Verano Sin Ti,Bad Bunny,[],,,2022-05-21,55,55,1,,,,,,,,,,,,,,,,,,,,,,,,,,,,1–2
Un Coco — Bad Bunny,Un Coco,Bad Bunny,['Latin'],3.27355,2022-05-06,2022-05-21,56,56,3,,,17400000.0,15.0,123300000.0,39022738.0,7.0,6096592.0,3212184.0,1278045.0,423312.0,,,4000000.0,1200000.0,,,55400000.0,12400000.0,,,,,,,,,3–8
Me Fui de Vacaciones — Bad Bunny,Me Fui de Vacaciones,Bad Bunny,[],,,2022-05-21,59,59,2,,,,,,,,,,,,,,,,,,,,,,,,,,,,1–2
Ensename A Bailar — Bad Bunny,Ensename A Bailar,Bad Bunny,['Latin'],2.933333333333333,2022-05-06,2022-05-21,60,60,2,,,17400000.0,15.0,123300000.0,39022738.0,7.0,6096592.0,3212184.0,1278045.0,423312.0,,,4000000.0,1200000.0,,,55400000.0,12400000.0,,,,,,,,,1–2
Agosto — Bad Bunny,Agosto,Bad Bunny,['Latin'],2.31735,2022-05-06,2022-05-21,74,74,1,,,17400000.0,15.0,123300000.0,39022738.0,7.0,6096592.0,3212184.0,1278045.0,423312.0,,,4000000.0,1200000.0,,,55400000.0,12400000.0,,,,,,,,,1–2
Hold My Hand — Lady Gaga,Hold My Hand,Lady Gaga,['Pop'],3.755,2022-05-03,2022-05-21,82,49,10,,,,,,52313678.0,3529.0,4812895.0,2471818.0,911065.0,414463.0,,,,,,,,,,,,,,,,,9–16
Whiskey On You — Nate Smith,Whiskey On You,Nate Smith,['Country'],3.0631666666666666,2023-04-17,2022-05-21,84,43,34,93800.0,55428621.0,1500000.0,1800.0,18100000.0,134027.0,676.0,97849.0,52841.0,13579.0,3323.0,400000.0,200000.0,100000.0,0.0,8000000.0,3216666.666666666,1100000.0,400000.0,,32500.0,11200.0,3100.0,,26712184.0,13874390.0,4572109.0,33–64
I'd Do Anything To Make You Smile — Jack Harlow,I'd Do Anything To Make You Smile,Jack Harlow,['Hip-Hop/Rap'],3.229416666666667,2022-05-06,2022-05-21,88,88,1,,,5100000.0,45.0,67800000.0,6006268.0,485.0,3594131.0,1913007.0,1416785.0,745984.0,4169900.0,2600000.0,2100000.0,1200000.0,62800000.0,43400000.0,38900000.0,19800000.0,,,,,,,,,1–2
Young Harleezy — Jack Harlow,Young Harleezy,Jack Harlow,['Hip-Hop/Rap'],3.7473666666666663,2022-05-06,2022-05-21,97,97,1,,,5100000.0,45.0,67800000.0,6006268.0,485.0,3594131.0,1913007.0,1416785.0,745984.0,4169900.0,2600000.0,2100000.0,1200000.0,62800000.0,43400000.0,38900000.0,19800000.0,,,,,,,,,1–2
N95 — Kendrick Lamar,N95,Kendrick Lamar,['Hip-Hop/Rap'],3.265833333333333,2022-05-13,2022-05-28,3,3,6,,,,,,,,,,,,,,,,,,,,,,,,,,,,3–8
You Proof — Morgan Wallen,You Proof,Morgan Wallen,['Country'],2.624633333333333,2022-05-13,2022-05-28,6,5,62,,,2800000.0,29.0,10800000.0,3580072.0,672.0,1147191.0,656382.0,299030.0,114092.0,,400000.0,200000.0,100000.0,,1200000.0,900000.0,200000.0,,,,,,,,,33–64
United In Grief — Kendrick Lamar,United In Grief,Kendrick Lamar,['Hip-Hop/Rap'],4.2563,2022-05-13,2022-05-28,8,8,2,,,,,,,,,,,,,,,,,,,,,,,,,,,,1–2
Rich Spirit — Kendrick Lamar,Rich Spirit,Kendrick Lamar,['Hip-Hop/Rap'],3.3714333333333335,2022-05-13,2022-05-28,13,13,3,,,,,,,,,,,,,,,,,,,,,,,,,,,,3–8
Worldwide Steppers — Kendrick Lamar,Worldwide Steppers,Kendrick Lamar,['Hip-Hop/Rap'],3.38945,2022-05-13,2022-05-28,19,19,1,,,,,,,,,,,,,,,,,,,,,,,,,,,,1–2
Count Me Out — Kendrick Lamar,Count Me Out,Kendrick Lamar,['Hip-Hop/Rap'],4.727366666666667,2022-05-13,2022-05-28,20,20,2,,,,,,,,,,,,,,,,,,,,,,,,,,,,1–2
Rich (Interlude) — Kendrick Lamar,Rich (Interlude),Kendrick Lamar,['Hip-Hop/Rap'],1.7219833333333334,2022-05-13,2022-05-28,33,33,1,,,,,,,,,,,,,,,,,,,,,,,,,,,,1–2
Crown — Kendrick Lamar,Crown,Kendrick Lamar,['Hip-Hop/Rap'],4.404983333333333,2022-05-13,2022-05-28,41,41,1,,,,,,,,,,,,,,,,,,,,,,,,,,,,1–2
Auntie Diaries — Kendrick Lamar,Auntie Diaries,Kendrick Lamar,['Hip-Hop/Rap'],4.6845,2022-05-13,2022-05-28,47,47,1,,,,,,,,,,,,,,,,,,,,,,,,,,,,1–2
Savior (Interlude) — Kendrick Lamar,Savior (Interlude),Kendrick Lamar,['Hip-Hop/Rap'],2.5497666666666667,2022-05-13,2022-05-28,51,51,1,,,,,,,,,,,,,,,,,,,,,,,,,,,,1–2
Mirror — Kendrick Lamar,Mirror,Kendrick Lamar,['Hip-Hop/Rap'],4.2668,2022-05-13,2022-05-28,55,55,1,,,,,,,,,,,,,,,,,,,,,,,,,,,,1–2
Late Night Talking — Harry Styles,Late Night Talking,Harry Styles,['Pop'],2.9659166666666668,2022-05-20,2022-06-04,4,3,24,,,,,,,,,,,,,,,,,,,,,,,,,,,,17–32
Music For A Sushi Restaurant — Harry Styles,Music For A Sushi Restaurant,Harry Styles,['Pop'],3.2302166666666667,2022-05-20,2022-06-04,8,8,18,,,,,,,,,,,,,,,,,,,,,,,,,,,,17–32
Matilda — Harry Styles,Matilda,Harry Styles,['Pop'],4.0994,2022-05-20,2022-06-04,9,9,4,,,,,,,,,,,,,,,,,,,,,,,,,,,,3–8
Daylight — Harry Styles,Daylight,Harry Styles,['Pop'],2.7422166666666667,2022-05-20,2022-06-04,13,13,4,,,,,,,,,,,,,,,,,,,,,,,,,,,,3–8
Little Freak — Harry Styles,Little Freak,Harry Styles,['Pop'],3.3697166666666667,2022-05-20,2022-06-04,14,14,3,,,,,,,,,,,,,,,,,,,,,,,,,,,,3–8
Grapejuice — Harry Styles,Grapejuice,Harry Styles,['Pop'],3.199316666666667,2022-05-20,2022-06-04,15,15,3,,,,,,,,,,,,,,,,,,,,,,,,,,,,3–8
Satellite — Harry Styles,Satellite,Harry Styles,['Pop'],3.64295,2022-05-20,2022-06-04,21,21,3,,,,,,,,,,,,,,,,,,,,,,,,,,,,3–8
Cinema — Harry Styles,Cinema,Harry Styles,['Pop'],4.058466666666667,2022-05-20,2022-06-04,22,22,2,,,,,,,,,,,,,,,,,,,,,,,,,,,,1–2
Daydreaming — Harry Styles,Daydreaming,Harry Styles,['Pop'],3.1223666666666667,2022-05-20,2022-06-04,24,24,2,,,,,,,,,,,,,,,,,,,,,,,,,,,,1–2
Keep Driving — Harry Styles,Keep Driving,Harry Styles,['Pop'],2.3373666666666666,2022-05-20,2022-06-04,25,25,2,,,,,,,,,,,,,,,,,,,,,,,,,,,,1–2
Love Of My Life — Harry Styles,Love Of My Life,Harry Styles,['Pop'],3.193966666666667,2022-05-20,2022-06-04,29,29,2,,,,,,,,,,,,,,,,,,,,,,,,,,,,1–2
Boyfriends — Harry Styles,Boyfriends,Harry Styles,['Pop'],3.2424,2022-05-20,2022-06-04,30,30,2,,,,,,,,,,,,,,,,,,,,,,,,,,,,1–2
Like I Love Country Music — Kane Brown,Like I Love Country Music,Kane Brown,['Country'],3.9133333333333336,2022-05-06,2022-06-04,74,26,20,,,4700000.0,52.0,24500000.0,3086509.0,225.0,285360.0,198788.0,90474.0,33019.0,,800000.0,200000.0,0.0,,6700000.0,2900000.0,500000.0,,,,,,,,,17–32
DFMU — Ella Mai,DFMU,Ella Mai,['R&B/Soul'],3.29195,2022-01-28,2022-06-04,99,85,4,,,,,,3349508.0,3.0,,110736.0,44338.0,1322.0,,,,,,,,,,,,,,,,,3–8
See Wat I'm Sayin — Moneybagg Yo,See Wat I'm Sayin,Moneybagg Yo,['Hip-Hop/Rap'],2.445533333333333,2022-05-27,2022-06-11,59,59,3,,,,,,8161376.0,75.0,1444865.0,644317.0,344061.0,94304.0,,,,,,,,,,,,,,,,,3–8
She Had Me At Heads Carolina — Cole Swindell,She Had Me At Heads Carolina,Cole Swindell,['Country'],3.4351166666666666,2012-06-22,2022-06-11,86,16,36,,,,,,,,,,,,,,,,,,,,,,,,,,,,33–64
Wild Hearts — Keith Urban,Wild Hearts,Keith Urban,['Country'],3.0488333333333335,2021-08-19,2022-06-11,97,97,1,,,,,,2570707.0,1343.0,56725.0,24468.0,16289.0,6689.0,,,,,,,,,,,,,,,,,1–2
Last Night Lonely — Jon Pardi,Last Night Lonely,Jon Pardi,['Country'],3.033183333333333,2022-02-17,2022-06-11,98,27,20,,,180000.0,,825100.0,725084.0,1630.0,99366.0,41947.0,9671.0,3852.0,,10000.0,4800.0,700.0,,30000.0,23000.0,2600.0,,,,,,,,,17–32
7500 OBO — Tim McGraw,7500 OBO,Tim McGraw,['Country'],3.69,2020-08-14,2022-06-11,99,66,8,,,,,,2765188.0,464.0,,174138.0,52498.0,22108.0,,,,,,,,,,,,,,,,,3–8
Until I Found You — Stephen Sanchez,Until I Found You,Stephen Sanchez,['Singer/Songwriter'],3.081583333333333,2022-03-11,2022-06-11,100,23,41,,,182600.0,,4900000.0,83694.0,93.0,70352.0,65046.0,64342.0,62795.0,,58775.0,60200.0,52833.33333333333,,2700000.0,2900000.0,2300000.0,,,,,,,,,33–64
Distraction — Polo G,Distraction,Polo G,['Hip-Hop/Rap'],2.8553166666666665,2022-06-02,2022-06-18,39,39,2,,,4300000.0,84.0,29300000.0,10386950.0,17.0,2347224.0,942379.0,265155.0,58590.0,,100000.0,100000.0,0.0,,1700000.0,1100000.0,500000.0,,,,,,,,,1–2
Wrapped Around Your Finger — Post Malone,Wrapped Around Your Finger,Post Malone,['Hip-Hop/Rap'],3.2260833333333334,2022-06-03,2022-06-18,47,47,2,,,10800000.0,76.0,55200000.0,22249273.0,1032.0,-703922.0,-483946.0,-51493.0,64125.0,,1500000.0,1100000.0,600000.0,,9900000.0,9700000.0,7000000.0,,,,,,,,,1–2
Lemon Tree — Post Malone,Lemon Tree,Post Malone,['Hip-Hop/Rap'],4.0581,2022-06-03,2022-06-18,53,53,1,,,10800000.0,76.0,55200000.0,22249273.0,1032.0,-703922.0,-483946.0,-51493.0,64125.0,,1500000.0,1100000.0,600000.0,,9900000.0,9700000.0,7000000.0,,,,,,,,,1–2
Reputation — Post Malone,Reputation,Post Malone,['Hip-Hop/Rap'],4.1363,2022-06-03,2022-06-18,54,54,1,,,10800000.0,76.0,55200000.0,22249273.0,1032.0,-703922.0,-483946.0,-51493.0,64125.0,,1500000.0,1100000.0,600000.0,,9900000.0,9700000.0,7000000.0,,,,,,,,,1–2
Insane — Post Malone,Insane,Post Malone,['Hip-Hop/Rap'],2.8276833333333333,2022-06-03,2022-06-18,62,62,1,,,10800000.0,76.0,55200000.0,22249273.0,1032.0,-703922.0,-483946.0,-51493.0,64125.0,,1500000.0,1100000.0,600000.0,,9900000.0,9700000.0,7000000.0,,,,,,,,,1–2
Vegas — Doja Cat,Vegas,Doja Cat,['Pop'],3.04845,2022-06-10,2022-06-18,75,10,30,,,25100000.0,123.0,327900000.0,24214746.0,1514.0,12712330.0,6556953.0,3320812.0,527064.0,,,4100000.0,1000000.0,,,105700000.0,31600000.0,,,,,,,,,17–32
When I'm Alone — Post Malone,When I'm Alone,Post Malone,['Hip-Hop/Rap'],3.25185,2022-06-03,2022-06-18,97,97,1,,,10800000.0,76.0,55200000.0,22249273.0,1032.0,-703922.0,-483946.0,-51493.0,64125.0,,1500000.0,1100000.0,600000.0,,9900000.0,9700000.0,7000000.0,,,,,,,,,1–2
Euthanasia — Post Malone,Euthanasia,Post Malone,['Hip-Hop/Rap'],2.4299333333333335,2022-06-03,2022-06-18,100,100,1,,,10800000.0,76.0,55200000.0,22249273.0,1032.0,-703922.0,-483946.0,-51493.0,64125.0,,1500000.0,1100000.0,600000.0,,9900000.0,9700000.0,7000000.0,,,,,,,,,1–2
Glimpse Of Us — Joji,Glimpse Of Us,Joji,"['Pop', 'Alternative']",3.8908833333333335,2022-06-10,2022-06-25,10,8,20,,,,,,5878249.0,236.0,366923.0,295717.0,206293.0,96480.0,,,,,,,,,,,,,,,,,17–32
Yet To Come — BTS,Yet To Come,BTS,"['K-Pop', 'Pop']",3.226566666666667,2022-06-10,2022-06-25,13,13,2,,,50600000.0,54.0,802100000.0,64872570.0,1041.0,21557683.0,8330700.0,4104278.0,1371507.0,,6100000.0,3400000.0,700000.0,,76900000.0,48300000.0,9700000.0,,,,,,,,,1–2
Rock And A Hard Place — Bailey Zimmerman,Rock And A Hard Place,Bailey Zimmerman,['Country'],3.204916666666666,2023-01-11,2022-06-25,24,10,54,251000.0,188286453.0,1900000.0,,27800000.0,575153.0,560.0,556621.0,390029.0,233983.0,94851.0,1452900.0,700000.0,300000.0,100000.0,23400000.0,12900000.0,4600000.0,1733333.333333332,,,73000.0,24000.0,,,79147409.0,26871832.0,33–64
So Good — Halsey,So Good,Halsey,['Alternative'],2.9343166666666667,2022-06-09,2022-06-25,55,51,16,,,4600000.0,36.0,18900000.0,29846546.0,611.0,5254624.0,2264865.0,1172593.0,479761.0,,900000.0,300000.0,200000.0,,10700000.0,6100000.0,5600000.0,,,,,,,,,9–16
Run BTS — BTS,Run BTS,BTS,"['K-Pop', 'Pop']",3.415666666666666,2022-06-10,2022-06-25,73,73,1,,,50600000.0,54.0,802100000.0,64872570.0,1041.0,21557683.0,8330700.0,4104278.0,1371507.0,,6100000.0,3400000.0,700000.0,,76900000.0,48300000.0,9700000.0,,,,,,,,,1–2
I Ain't Worried — OneRepublic,I Ain't Worried,OneRepublic,['Pop'],2.89075,2023-05-12,2022-06-25,76,6,30,10300000.0,7553467912.0,783700.0,126.0,5600000.0,2581662.0,1749.0,295808.0,77974.0,39230.0,-15071.0,258000.0,23441.17647058819,13300.0,1900.0,4681500.0,494117.64705882315,300000.0,100000.0,,200000.0,0.0,0.0,,465943163.0,229085768.0,72261573.0,17–32
5 Foot 9 — Tyler Hubbard,5 Foot 9,Tyler Hubbard,['Country'],3.163,2022-05-20,2022-06-25,84,22,22,,,,,,710685.0,1099.0,-3794.0,-4799.0,-1368.0,-341.0,,,,,,,,,,,,,,,,,17–32
New Truck — Dylan Scott,New Truck,Dylan Scott,['Country'],2.906,2021-07-23,2022-06-25,99,61,9,,,,,,355463.0,621.0,46467.0,36153.0,31345.0,22475.0,,,,,,,,,,,,,,,,,9–16
Sticky — Drake,Sticky,Drake,['Dance'],4.0538,2022-06-17,2022-07-02,6,6,13,,,,,,113981277.0,5187.0,,15781157.0,8890847.0,3410713.0,,,,,,,,,,,,,,,,,9–16
Falling Back — Drake,Falling Back,Drake,['Dance'],4.4363166666666665,2022-06-17,2022-07-02,7,7,2,,,,,,113981277.0,5187.0,,15781157.0,8890847.0,3410713.0,,,,,,,,,,,,,,,,,1–2
Texts Go Green — Drake,Texts Go Green,Drake,['Dance'],5.147,2022-06-17,2022-07-02,13,13,2,,,,,,113981277.0,5187.0,,15781157.0,8890847.0,3410713.0,,,,,,,,,,,,,,,,,1–2
Massive — Drake,Massive,Drake,['Dance'],5.6154,2022-06-17,2022-07-02,14,14,7,,,,,,113981277.0,5187.0,,15781157.0,8890847.0,3410713.0,,,,,,,,,,,,,,,,,3–8
Break My Soul — Beyonce,Break My Soul,Beyonce,"['Pop', 'Dance']",4.6380333333333335,2022-06-21,2022-07-02,15,1,18,,,3200000.0,0.0,0.0,264820770.0,2032.0,77362169.0,39165433.0,19984408.0,7452674.0,,,,,,,,,,,,,,,,,17–32
The Kind Of Love We Make — Luke Combs,The Kind Of Love We Make,Luke Combs,['Country'],3.740583333333334,2022-06-16,2022-07-02,18,8,32,,,3400000.0,117.0,26500000.0,4304493.0,1247.0,518694.0,298611.0,134493.0,46752.5,800000.0,400000.0,300000.0,100000.0,9100000.0,6300000.0,3900000.0,1400000.0,,,,,,,,,17–32
Calling My Name — Drake,Calling My Name,Drake,['Dance'],2.166083333333334,2022-06-17,2022-07-02,20,20,1,,,,,,113981277.0,5187.0,,15781157.0,8890847.0,3410713.0,,,,,,,,,,,,,,,,,1–2
A Keeper — Drake,A Keeper,Drake,['Dance'],2.88495,2022-06-17,2022-07-02,21,21,1,,,,,,113981277.0,5187.0,,15781157.0,8890847.0,3410713.0,,,,,,,,,,,,,,,,,1–2
Currents — Drake,Currents,Drake,['Dance'],2.623166666666666,2022-06-17,2022-07-02,23,23,1,,,,,,113981277.0,5187.0,,15781157.0,8890847.0,3410713.0,,,,,,,,,,,,,,,,,1–2
Flight's Booked — Drake,Flight's Booked,Drake,[],,,2022-07-02,28,28,1,,,,,,,,,,,,,,,,,,,,,,,,,,,,1–2
Overdrive — Drake,Overdrive,Drake,['Dance'],3.3741833333333333,2022-06-17,2022-07-02,42,42,1,,,,,,113981277.0,5187.0,,15781157.0,8890847.0,3410713.0,,,,,,,,,,,,,,,,,1–2
Liability — Drake,Liability,Drake,['Dance'],3.96555,2022-06-17,2022-07-02,47,47,1,,,,,,113981277.0,5187.0,,15781157.0,8890847.0,3410713.0,,,,,,,,,,,,,,,,,1–2
Down Hill — Drake,Down Hill,Drake,['Dance'],4.1810833333333335,2022-06-17,2022-07-02,62,62,1,,,,,,113981277.0,5187.0,,15781157.0,8890847.0,3410713.0,,,,,,,,,,,,,,,,,1–2
Tie That Binds — Drake,Tie That Binds,Drake,['Dance'],5.600083333333333,2022-06-17,2022-07-02,66,66,1,,,,,,113981277.0,5187.0,,15781157.0,8890847.0,3410713.0,,,,,,,,,,,,,,,,,1–2
Wild As Her — Corey Kent,Wild As Her,Corey Kent,['Country'],3.3366666666666664,2022-03-04,2022-07-02,89,40,32,,,,,,50385.0,556.0,4081.0,2275.0,1504.0,451.0,,,,,,,,,,,,,,,,,17–32
Carolina — Taylor Swift,Carolina,Taylor Swift,['Soundtrack'],4.4073166666666665,2022-06-24,2022-07-09,60,60,1,,,12000000.0,,104200000.0,216182172.0,536.0,51575246.0,23040807.0,12097527.0,4219281.0,,2100000.0,600000.0,0.0,,8700000.0,3300000.0,0.0,,,,,,,,,1–2
WE (Warm Embrace) — Chris Brown,WE (Warm Embrace),Chris Brown,['R&B/Soul'],3.915783333333333,2022-04-01,2022-07-09,79,79,1,,,5500000.0,10.0,11300000.0,106226585.0,7232.0,27523765.0,12384570.0,5658720.0,2016872.0,,400000.0,200000.0,100000.0,,300000.0,100000.0,0.0,,,,,,,,,1–2
Master Of Puppets — Metallica,Master Of Puppets,Metallica,['Soundtrack'],8.574666666666667,1986-03-03,2022-07-16,40,35,3,,,,,,,,,,,,,,,,,,,,,,,,,,,,3–8
Son Of A Sinner — Jelly Roll,Son Of A Sinner,Jelly Roll,[],,,2022-07-16,67,31,28,,,,,,,,,,,,,,,,,,,,,,,,,,,,17–32
Country On — Luke Bryan,Country On,Luke Bryan,[],,,2022-07-16,76,72,17,,,,,,,,,,,,,,,,,,,,,,,,,,,,17–32
More — j-hope,More,j-hope,"['K-Pop', 'Pop']",3.000366666666667,2022-07-01,2022-07-16,82,82,1,,,,,,37134724.0,107.0,,12094159.0,4802723.0,1566130.0,,,,,,,,,,,,,,,,,1–2
Best Thing Since Backroads — Jake Owen,Best Thing Since Backroads,Jake Owen,['Country'],3.123883333333333,2021-08-06,2022-07-16,96,72,4,,,,,,1171821.0,254.0,25187.0,11513.0,10118.0,4541.0,,,,,,,,,,,,,,,,,3–8
Unstoppable — Sia,Unstoppable,Sia,"['Pop', 'Dance']",3.29585,2022-10-27,2022-07-16,98,28,29,21900000.0,12440716499.0,4900000.0,112.0,36000000.0,7192110.0,856.0,,280656.0,58251.0,13272.0,800000.0,400000.0,300000.0,100000.0,6200000.0,4400000.0,4100000.0,1000000.0,,,,100000.0,,,,110220989.0,17–32
Rich Minion — Yeat,Rich Minion,Yeat,"['Hip-Hop/Rap', 'Soundtrack']",2.7586166666666667,2022-06-27,2022-07-16,99,99,1,,,,,,1468159.0,19.0,1446663.0,1093286.0,356617.0,69378.0,,,,,,,,,,,,,,,,,1–2
Bad Habit — Steve Lacy,Bad Habit,Steve Lacy,['R&B/Soul'],3.1889333333333334,2022-07-14,2022-07-16,100,1,35,,,,,,1710394.0,14.0,811708.0,522348.0,384940.0,240720.0,,,,,,,,,,,,,,,,,33–64
All Mine — Brent Faiyaz,All Mine,Brent Faiyaz,['R&B/Soul'],3.60105,2022-07-08,2022-07-23,42,42,20,,,901200.0,,4900000.0,2562074.0,31.0,,330440.0,251906.0,232671.0,,163000.0,130600.0,117600.0,,2200000.0,1400000.0,1000000.0,,,,,,,,,17–32
Loose Change — Brent Faiyaz,Loose Change,Brent Faiyaz,['R&B/Soul'],3.76685,2022-07-08,2022-07-23,52,52,1,,,901200.0,,4900000.0,2562074.0,31.0,,330440.0,251906.0,232671.0,,163000.0,130600.0,117600.0,,2200000.0,1400000.0,1000000.0,,,,,,,,,1–2
Price Of Fame — Brent Faiyaz,Price Of Fame,Brent Faiyaz,['R&B/Soul'],6.3167333333333335,2022-06-24,2022-07-23,67,67,1,,,885900.0,14.0,4700000.0,2471647.0,22.0,651112.0,257745.0,175319.0,148146.0,,171300.0,128400.0,103700.0,,2200000.0,1500000.0,800000.0,,,,,,,,,1–2
Betty (Get Money) — Yung Gravy,Betty (Get Money),Yung Gravy,['Hip-Hop/Rap'],2.4411833333333335,2022-06-10,2022-07-23,68,30,17,,,3700000.0,46.0,57700000.0,1546296.0,117.0,67362.0,62092.0,51014.0,31310.0,,800000.0,300000.0,200000.0,,22700000.0,10700000.0,8500000.0,,,,,,,,,17–32
Rolling Stone — Brent Faiyaz,Rolling Stone,Brent Faiyaz,['R&B/Soul'],2.7001166666666667,2022-07-08,2022-07-23,84,84,1,,,901200.0,,4900000.0,2562074.0,31.0,,330440.0,251906.0,232671.0,,163000.0,130600.0,117600.0,,2200000.0,1400000.0,1000000.0,,,,,,,,,1–2
Last Last — Burna Boy,Last Last,Burna Boy,"['Afro-fusion', 'African', 'Worldwide']",2.8723666666666667,2022-05-13,2022-07-23,86,44,19,,,835100.0,23.0,1700000.0,10231867.0,1128.0,,2073441.0,1468863.0,319551.0,,,146400.0,61900.0,,,400000.0,200000.0,,,,,,,,,17–32
Heal Your Heart (Interlude) — Brent Faiyaz,Heal Your Heart (Interlude),Brent Faiyaz,['R&B/Soul'],1.2507166666666667,2022-07-08,2022-07-23,93,93,1,,,901200.0,,4900000.0,2562074.0,31.0,,330440.0,251906.0,232671.0,,163000.0,130600.0,117600.0,,2200000.0,1400000.0,1000000.0,,,,,,,,,1–2
2 Be Loved (Am I Ready) — Lizzo,2 Be Loved (Am I Ready),Lizzo,['Pop'],3.1184666666666665,2022-07-15,2022-07-30,84,55,13,,,24600000.0,1345.0,962000000.0,12798748.0,2704.0,1935322.0,870731.0,690721.0,169509.0,7800000.0,4000000.0,2900000.0,700000.0,431800000.0,186600000.0,125900000.0,28100000.0,,,,,,,,,9–16
Truth About You — Mitchell Tenpenny,Truth About You,Mitchell Tenpenny,['Country'],3.38395,2021-07-09,2022-07-30,85,54,13,,,,,,271605.0,,36570.0,22781.5,13655.0,4822.0,,,,,,,,,,,,,,,,,9–16
Free Mind — Tems,Free Mind,Tems,"['Alte', 'African']",4.126316666666667,2020-09-25,2022-07-30,90,46,21,,,,,,180611.0,73.0,157504.0,71196.0,29157.0,13432.0,,,,,,,,,,,,,,,,,17–32
Arson — j-hope,Arson,j-hope,"['K-Pop', 'Pop']",2.6627,2022-07-15,2022-07-30,96,96,1,,,,,,37633240.0,120.0,,11066301.0,4456466.0,1372291.0,,,,,,,,,,,,,,,,,1–2
Pick Me Up — Gabby Barrett,Pick Me Up,Gabby Barrett,['Country'],2.824,2020-06-19,2022-07-30,100,55,22,,,,,,565910.0,672.0,93718.0,51149.0,31706.0,5021.0,,,,,,,,,,,,,,,,,17–32
TV — Billie Eilish,TV,Billie Eilish,['Alternative'],4.689683333333333,2022-07-21,2022-08-06,52,52,1,,,44600000.0,19.0,275700000.0,104808355.0,689.0,16771902.0,5352463.0,2459442.0,731289.0,12100000.0,4500000.0,1200000.0,600000.0,108800000.0,53900000.0,10800000.0,7100000.0,,,,,,,,,1–2
Progress — John Rich,Progress,John Rich,"['Country', 'Singer/Songwriter']",3.1146666666666665,2022-07-21,2022-08-06,65,65,1,,,,,,91186.0,735.0,31499.0,18984.0,8841.0,4607.0,,,,,,,,,,,,,,,,,1–2
The 30th — Billie Eilish,The 30th,Billie Eilish,['Alternative'],3.607466666666667,2022-07-21,2022-08-06,79,79,1,,,44600000.0,19.0,275700000.0,104808355.0,689.0,16771902.0,5352463.0,2459442.0,731289.0,12100000.0,4500000.0,1200000.0,600000.0,108800000.0,53900000.0,10800000.0,7100000.0,,,,,,,,,1–2
With A Woman You Love — Justin Moore,With A Woman You Love,Justin Moore,['Country'],2.7896,2021-10-01,2022-08-06,90,59,12,,,,,,727347.0,534.0,17591.0,15499.0,7359.0,1647.0,,,,,,,,,,,,,,,,,9–16
Love Lost — Mac Miller,Love Lost,Mac Miller,['Hip-Hop/Rap'],2.7146,2021-11-25,2022-08-06,91,91,1,,,,,,7569006.0,23.0,703053.0,738655.0,767397.0,208241.0,,,,,,,,,,,,,,,,,1–2
Vette Motors — YoungBoy Never Broke Again,Vette Motors,YoungBoy Never Broke Again,['Hip-Hop/Rap'],2.890316666666666,2022-06-10,2022-08-06,94,62,3,,,716.0,,905.0,,,,,,,,4.666666666666629,0.0,0.0,,1.0,0.0,0.0,,,,,,,,,3–8
Cuff It — Beyonce,Cuff It,Beyonce,['Pop'],3.756483333333333,2022-07-29,2022-08-13,13,6,35,,,3900000.0,3.0,2200000.0,270798518.0,2039.0,,35018908.0,16869058.0,5535127.0,,,,600000.0,,,,,,,,,,,,,33–64
Alien Superstar — Beyonce,Alien Superstar,Beyonce,['Pop'],3.591,2022-07-29,2022-08-13,19,19,5,,,3900000.0,3.0,2200000.0,270798518.0,2039.0,,35018908.0,16869058.0,5535127.0,,,,600000.0,,,,,,,,,,,,,3–8
Church Girl — Beyonce,Church Girl,Beyonce,['Pop'],3.741216666666667,2022-07-29,2022-08-13,22,22,3,,,3900000.0,3.0,2200000.0,270798518.0,2039.0,,35018908.0,16869058.0,5535127.0,,,,600000.0,,,,,,,,,,,,,3–8
I'm That Girl — Beyonce,I'm That Girl,Beyonce,['Pop'],3.4669,2022-07-29,2022-08-13,26,26,2,,,3900000.0,3.0,2200000.0,270798518.0,2039.0,,35018908.0,16869058.0,5535127.0,,,,600000.0,,,,,,,,,,,,,1–2
Cozy — Beyonce,Cozy,Beyonce,['Pop'],3.5062,2022-07-29,2022-08-13,30,30,2,,,3900000.0,3.0,2200000.0,270798518.0,2039.0,,35018908.0,16869058.0,5535127.0,,,,600000.0,,,,,,,,,,,,,1–2
Plastic Off The Sofa — Beyonce,Plastic Off The Sofa,Beyonce,[],,,2022-08-13,41,41,1,,,,,,,,,,,,,,,,,,,,,,,,,,,,1–2
Virgo's Groove — Beyonce,Virgo's Groove,Beyonce,[],,,2022-08-13,43,43,1,,,,,,,,,,,,,,,,,,,,,,,,,,,,1–2
Summer Renaissance — Beyonce,Summer Renaissance,Beyonce,['Pop'],4.566633333333334,2022-07-29,2022-08-13,47,47,1,,,3900000.0,3.0,2200000.0,270798518.0,2039.0,,35018908.0,16869058.0,5535127.0,,,,600000.0,,,,,,,,,,,,,1–2
Heated — Beyonce,Heated,Beyonce,['Pop'],4.346183333333333,2022-07-29,2022-08-13,51,51,1,,,3900000.0,3.0,2200000.0,270798518.0,2039.0,,35018908.0,16869058.0,5535127.0,,,,600000.0,,,,,,,,,,,,,1–2
Thique — Beyonce,Thique,Beyonce,['Pop'],4.079866666666667,2022-07-29,2022-08-13,53,53,1,,,3900000.0,3.0,2200000.0,270798518.0,2039.0,,35018908.0,16869058.0,5535127.0,,,,600000.0,,,,,,,,,,,,,1–2
Pure/Honey — Beyonce,Pure/Honey,Beyonce,['Pop'],4.80425,2022-07-29,2022-08-13,64,64,1,,,3900000.0,3.0,2200000.0,270798518.0,2039.0,,35018908.0,16869058.0,5535127.0,,,,600000.0,,,,,,,,,,,,,1–2
America Has A Problem — Beyonce,America Has A Problem,Beyonce,[],,,2022-08-13,69,69,1,,,,,,,,,,,,,,,,,,,,,,,,,,,,1–2
All Up In Your Mind — Beyonce,All Up In Your Mind,Beyonce,[],,,2022-08-13,70,70,1,,,,,,,,,,,,,,,,,,,,,,,,,,,,1–2
Victoria’s Secret — Jax,Victoria’s Secret,Jax,['Pop'],2.93225,2022-06-30,2022-08-13,83,35,18,,,9700000.0,,154900000.0,533023.0,305.0,224336.0,145357.0,85422.0,46603.0,4400000.0,1700000.0,1300000.0,800000.0,79500000.0,34200000.0,22700000.0,9700000.0,,,,,,,,,17–32
Dah Dah DahDah — Nardo Wick,Dah Dah DahDah,Nardo Wick,['Hip-Hop/Rap'],2.5296,2022-07-22,2022-08-13,89,48,11,,,,,,1505747.0,85.0,1327136.0,557727.0,316251.0,121950.0,,,,,,,,,,,,,,,,,9–16
Umm Hmm — YoungBoy Never Broke Again,Umm Hmm,YoungBoy Never Broke Again,['Hip-Hop/Rap'],2.2125,2021-08-05,2022-08-20,37,37,1,,,711.0,,902.0,,,,,,,,-2.6666666666666288,0.0,0.0,,-1.0,0.0,0.0,,,,,,,,,1–2
I Know — YoungBoy Never Broke Again,I Know,YoungBoy Never Broke Again,['Hip-Hop/Rap'],2.514283333333333,2020-10-26,2022-08-20,46,46,1,,,707.0,54.0,900.0,,,,,,,,,,,,,,,,,,,,,,,1–2
Fuck Da Industry — YoungBoy Never Broke Again,Fuck Da Industry,YoungBoy Never Broke Again,['Hip-Hop/Rap'],3.018866666666667,2020-10-26,2022-08-20,63,63,1,,,707.0,54.0,900.0,,,,,,,,,,,,,,,,,,,,,,,1–2
Free Dem 5's — YoungBoy Never Broke Again,Free Dem 5's,YoungBoy Never Broke Again,[],,,2022-08-20,68,68,1,,,,,,,,,,,,,,,,,,,,,,,,,,,,1–2
Lost Soul Survivor — YoungBoy Never Broke Again,Lost Soul Survivor,YoungBoy Never Broke Again,['Hip-Hop/Rap'],2.5946,2020-10-26,2022-08-20,75,75,1,,,707.0,54.0,900.0,,,,,,,,,,,,,,,,,,,,,,,1–2
Hold Your Own — YoungBoy Never Broke Again,Hold Your Own,YoungBoy Never Broke Again,['Hip-Hop/Rap'],3.1232166666666665,2020-10-26,2022-08-20,83,83,1,,,707.0,54.0,900.0,,,,,,,,,,,,,,,,,,,,,,,1–2
Top Sound — YoungBoy Never Broke Again,Top Sound,YoungBoy Never Broke Again,['Hip-Hop/Rap'],1.6842166666666667,2021-08-05,2022-08-20,86,86,1,,,711.0,,902.0,,,,,,,,-2.6666666666666288,0.0,0.0,,-1.0,0.0,0.0,,,,,,,,,1–2
Kamikaze — YoungBoy Never Broke Again,Kamikaze,YoungBoy Never Broke Again,['Hip-Hop/Rap'],3.3333333333333335,2020-10-26,2022-08-20,88,88,1,,,707.0,54.0,900.0,,,,,,,,,,,,,,,,,,,,,,,1–2
My Time — YoungBoy Never Broke Again,My Time,YoungBoy Never Broke Again,[],,,2022-08-20,90,90,1,,,,,,,,,,,,,,,,,,,,,,,,,,,,1–2
Despecha — Rosalia,Despecha,Rosalia,"['Pop Latino', 'Latin']",2.6131333333333333,2022-07-28,2022-08-20,98,63,12,,,21400000.0,157.0,210200000.0,21067215.0,944.0,4646188.0,2589968.0,987552.0,286044.0,10400000.0,5800000.0,1700000.0,600000.0,137600000.0,85100000.0,24000000.0,8100000.0,,,,,,,,,9–16
7 Days — YoungBoy Never Broke Again,7 Days,YoungBoy Never Broke Again,['Hip-Hop/Rap'],2.926833333333333,2021-08-05,2022-08-20,100,100,1,,,711.0,,902.0,,,,,,,,-2.6666666666666288,0.0,0.0,,-1.0,0.0,0.0,,,,,,,,,1–2
Super Freaky Girl — Nicki Minaj,Super Freaky Girl,Nicki Minaj,['Hip-Hop/Rap'],2.8496166666666665,2022-08-12,2022-08-27,1,1,25,,,16400000.0,,87900000.0,201617885.0,6358.0,,26995401.0,12224588.0,3223519.0,4500000.0,1800000.0,400000.0,100000.0,45900000.0,26500000.0,7200000.0,3300000.0,,,,,,,,,17–32
Alone — Rod Wave,Alone,Rod Wave,['Hip-Hop/Rap'],3.185983333333333,2022-08-08,2022-08-27,21,21,5,,,3300000.0,35.0,27600000.0,5383553.0,29.0,1053700.0,609849.6875,374008.0,67336.0,500000.0,100000.0,0.0,0.0,5600000.0,1200000.0,500000.0,400000.0,,,,,,,,,3–8
Never Get Over Me — Rod Wave,Never Get Over Me,Rod Wave,['Hip-Hop/Rap'],2.83545,2022-08-12,2022-08-27,48,48,1,,,3300000.0,37.0,27700000.0,5435335.0,33.0,1098522.0,663823.4375,409149.0,118274.0,500000.0,100000.0,0.0,0.0,5600000.0,1300000.0,600000.0,500000.0,,,,,,,,,1–2
Sweet Little Lies — Rod Wave,Sweet Little Lies,Rod Wave,['Hip-Hop/Rap'],2.9125,2022-08-12,2022-08-27,51,51,2,,,3300000.0,37.0,27700000.0,5435335.0,33.0,1098522.0,663823.4375,409149.0,118274.0,500000.0,100000.0,0.0,0.0,5600000.0,1300000.0,600000.0,500000.0,,,,,,,,,1–2
Forever — Rod Wave,Forever,Rod Wave,['Hip-Hop/Rap'],3.5697666666666668,2022-08-12,2022-08-27,58,58,1,,,3300000.0,37.0,27700000.0,5435335.0,33.0,1098522.0,663823.4375,409149.0,118274.0,500000.0,100000.0,0.0,0.0,5600000.0,1300000.0,600000.0,500000.0,,,,,,,,,1–2
Her — Megan Thee Stallion,Her,Megan Thee Stallion,['Hip-Hop/Rap'],2.2851166666666667,2022-08-12,2022-08-27,62,62,1,,,12000000.0,70.0,94500000.0,29428699.0,62.0,5192522.0,1903789.0,574605.0,140677.0,3600000.0,1600000.0,600000.0,100000.0,49800000.0,30400000.0,12500000.0,1200000.0,,,,,,,,,1–2
Stone Rolling — Rod Wave,Stone Rolling,Rod Wave,['Hip-Hop/Rap'],3.0117666666666665,2022-07-27,2022-08-27,66,66,1,,,3300000.0,32.0,27300000.0,5326211.0,28.0,,562395.416666667,375931.777777778,56046.0,600000.0,100000.0,100000.0,0.0,5600000.0,1100000.0,300000.0,100000.0,,,,,,,,,1–2
No Deal — Rod Wave,No Deal,Rod Wave,['Hip-Hop/Rap'],3.128833333333333,2022-08-12,2022-08-27,71,71,1,,,3300000.0,37.0,27700000.0,5435335.0,33.0,1098522.0,663823.4375,409149.0,118274.0,500000.0,100000.0,0.0,0.0,5600000.0,1300000.0,600000.0,500000.0,,,,,,,,,1–2
I Know It — Rod Wave,I Know It,Rod Wave,['Hip-Hop/Rap'],2.625766666666667,2022-08-12,2022-08-27,74,74,1,,,3300000.0,37.0,27700000.0,5435335.0,33.0,1098522.0,663823.4375,409149.0,118274.0,500000.0,100000.0,0.0,0.0,5600000.0,1300000.0,600000.0,500000.0,,,,,,,,,1–2
Pieces — Rod Wave,Pieces,Rod Wave,['Hip-Hop/Rap'],3.469883333333333,2022-08-12,2022-08-27,86,86,1,,,3300000.0,37.0,27700000.0,5435335.0,33.0,1098522.0,663823.4375,409149.0,118274.0,500000.0,100000.0,0.0,0.0,5600000.0,1300000.0,600000.0,500000.0,,,,,,,,,1–2
Rockstar Heart — Rod Wave,Rockstar Heart,Rod Wave,['Hip-Hop/Rap'],2.29945,2022-08-12,2022-08-27,90,90,1,,,3300000.0,37.0,27700000.0,5435335.0,33.0,1098522.0,663823.4375,409149.0,118274.0,500000.0,100000.0,0.0,0.0,5600000.0,1300000.0,600000.0,500000.0,,,,,,,,,1–2
Time Kills (Love Birds) — Rod Wave,Time Kills (Love Birds),Rod Wave,['Hip-Hop/Rap'],2.8903,2022-08-12,2022-08-27,95,95,1,,,3300000.0,37.0,27700000.0,5435335.0,33.0,1098522.0,663823.4375,409149.0,118274.0,500000.0,100000.0,0.0,0.0,5600000.0,1300000.0,600000.0,500000.0,,,,,,,,,1–2
Fading — Rod Wave,Fading,Rod Wave,['Hip-Hop/Rap'],2.725,2022-08-12,2022-08-27,96,96,1,,,3300000.0,37.0,27700000.0,5435335.0,33.0,1098522.0,663823.4375,409149.0,118274.0,500000.0,100000.0,0.0,0.0,5600000.0,1300000.0,600000.0,500000.0,,,,,,,,,1–2
What My World Spins Around — Jordan Davis,What My World Spins Around,Jordan Davis,['Country'],3.113183333333333,2022-05-27,2022-08-27,100,40,28,,,177300.0,,1600000.0,297643.0,1116.0,92408.0,45358.0,29492.0,8408.0,,,59800.0,13766.666666666655,,,500000.0,200000.0,,,,,,,,,17–32
Pink Venom — BLACKPINK,Pink Venom,BLACKPINK,"['K-Pop', 'Pop']",3.1160666666666668,2022-08-19,2022-09-03,22,22,6,,,30500000.0,,263400000.0,48490426.0,,8220631.0,3054038.0,1613503.0,756084.0,6400000.0,2100000.0,1300000.0,600000.0,69100000.0,19400000.0,13200000.0,9300000.0,,,,,,,,,3–8
Where It Ends — Bailey Zimmerman,Where It Ends,Bailey Zimmerman,['Country'],2.9882333333333335,2022-10-14,2022-09-03,32,32,27,181000.0,110383453.0,1600000.0,,23200000.0,345202.0,465.0,331138.0,258599.0,157269.0,51888.0,,906700.0,400000.0,0.0,,15200000.0,8166666.666666666,1800000.0,,,,24000.0,,,,23022638.0,17–32
54321 — Offset,54321,Offset,['Hip-Hop/Rap'],3.0387666666666666,2022-08-19,2022-09-03,88,88,1,,,1300000.0,,1700000.0,19873375.0,10.0,818971.0,212655.0,70100.0,-56827.0,,100000.0,0.0,0.0,,100000.0,100000.0,100000.0,,,,,,,,,1–2
Don't Come Lookin' — Jackson Dean,Don't Come Lookin',Jackson Dean,['Country'],3.132616666666667,2021-04-30,2022-09-03,90,50,15,,,,,,11413.0,302.0,1214.0,815.136363636364,333.25,190.0,,,,,,,,,,,,,,,,,9–16
29 — Demi Lovato,29,Demi Lovato,['Pop'],2.7171333333333334,2022-08-16,2022-09-03,96,96,1,,,3800000.0,43.0,19400000.0,139388463.0,84.0,26599855.0,13660047.0,7220140.0,1941450.0,1400000.0,900000.0,200000.0,100000.0,12200000.0,11800000.0,4400000.0,1700000.0,,,,,,,,,1–2
Snap — Rosa Linn,Snap,Rosa Linn,"['Indie Pop', 'Alternative']",2.9925166666666665,2022-03-19,2022-09-03,97,67,15,,,,,,6954.0,144.0,,,2799.0,2447.0,,,,,,,,,,,,,,,,,9–16
Soul — Lee Brice,Soul,Lee Brice,['Country'],2.794666666666666,2020-11-20,2022-09-03,99,83,6,,,,,,975864.0,1203.0,,43267.0,19999.0,10284.0,,,,,,,,,,,,,,,,,3–8
La Bachata — Manuel Turizo,La Bachata,Manuel Turizo,"['Urbano latino', 'Latin']",2.7106333333333335,2022-05-26,2022-09-03,100,67,21,,,2600000.0,76.0,7400000.0,12057874.0,975.0,852046.0,494492.0,242581.0,72380.0,,1400000.0,200000.0,100000.0,,5200000.0,500000.0,0.0,,,,,,,,,17–32
Beat The Odds — Lil Tjay,Beat The Odds,Lil Tjay,"['Hip-Hop/Rap', 'Pop']",2.5,2022-08-26,2022-09-10,36,36,4,,,5100000.0,,83200000.0,7485403.0,5.0,1137763.0,748642.0,502725.0,51786.0,1400000.0,1300000.0,300000.0,100000.0,27300000.0,25300000.0,2800000.0,1200000.0,,,,,,,,,3–8
Golden Hour — JVKE,Golden Hour,JVKE,['Pop'],3.4876666666666667,2022-07-15,2022-09-10,71,10,33,,,7100000.0,,87600000.0,266189.0,116.0,141758.0,89187.0,52153.0,4413.0,2100000.0,600000.0,400000.0,100000.0,28500000.0,7800000.0,3700000.0,1000000.0,,,,,,,,,33–64
Detox — Lil Baby,Detox,Lil Baby,['Hip-Hop/Rap'],2.69395,2022-09-02,2022-09-17,25,25,4,,,3500000.0,12.0,14100000.0,20352251.0,5.0,3350895.0,1884197.0,997091.0,268363.0,,800000.0,200000.0,50000.0,,4100000.0,1000000.0,300000.0,,,,,,,,,3–8
Talk — Yeat,Talk,Yeat,['Hip-Hop/Rap'],2.914283333333333,2022-09-02,2022-09-17,42,42,5,,,,,,1632320.0,6.0,,748671.0,222163.0,29213.0,,,,,,,,,,,,,,,,,3–8
Romantic Homicide — d4vd,Romantic Homicide,d4vd,['Alternative'],2.2105166666666665,2022-07-20,2022-09-17,77,33,20,,,,,,3014.0,0.0,,,,,,,,,,,,,,,,,,,,,17–32
Static — Steve Lacy,Static,Steve Lacy,['R&B/Soul'],2.608966666666667,2022-07-15,2022-09-17,98,78,7,,,,,,1749192.0,15.0,849739.0,559786.0,420837.0,263762.0,,,,,,,,,,,,,,,,,3–8
Billie Eilish. — Armani White,Billie Eilish.,Armani White,['Hip-Hop/Rap'],1.9335166666666668,2022-11-25,2022-09-17,99,58,14,257000.0,69285087.0,844800.0,103.0,12300000.0,168407.0,146.0,130635.0,118789.0,49610.0,5577.5,,674000.0,328050.0,26270.270270270295,,9000000.0,4325000.0,405405.4054054059,,,,31000.0,,,,11646032.0,9–16
Under The Influence — Chris Brown,Under The Influence,Chris Brown,['R&B/Soul'],3.0700666666666665,2019-10-04,2022-09-24,36,12,41,,,,,,57243046.0,6735.0,,,,333896.0,,,,,,,,,,,,,,,,,33–64
Put It On Me — YoungBoy Never Broke Again,Put It On Me,YoungBoy Never Broke Again,[],,,2022-09-24,66,63,5,,,,,,,,,,,,,,,,,,,,,,,,,,,,3–8
Freestyle — Lil Baby,Freestyle,Lil Baby,['Hip-Hop/Rap'],2.7008833333333335,2017-12-01,2022-09-24,68,59,25,,,,,,,,,,,,,,,,,,,,,,,,,,,,17–32
Mary On A Cross — Ghost,Mary On A Cross,Ghost,"['Metal', 'Rock']",4.579716666666667,2022-08-26,2022-09-24,90,90,2,,,166900.0,,632200.0,983122.0,999.0,235617.0,159094.0,80303.0,51784.0,,,,0.0,,,,0.0,,,,,,,,,1–2
Purge Me — YoungBoy Never Broke Again,Purge Me,YoungBoy Never Broke Again,['Hip-Hop/Rap'],2.270966666666667,2022-09-05,2022-09-24,95,95,1,11600000.0,11215108986.0,716.0,,905.0,,,,,,,,0.0,0.0,0.0,,0.0,0.0,0.0,,,,,,,,,1–2
"Burn, Burn, Burn — Zach Bryan","Burn, Burn, Burn",Zach Bryan,['Country'],4.226816666666667,2022-09-08,2022-09-24,100,93,3,437000.0,220437828.0,1100000.0,104.0,9600000.0,,,,,,,,413200.0,214900.0,100000.0,,3900000.0,1800000.0,800000.0,,,,,,,,,3–8
Shut Down — BLACKPINK,Shut Down,BLACKPINK,"['K-Pop', 'Pop']",2.9314833333333334,2022-09-16,2022-10-01,25,25,3,81300000.0,26513786086.0,31600000.0,125.0,286600000.0,49458922.0,1572.0,8176209.0,3549892.0,2064619.0,1001126.0,6200000.0,2900000.0,2000000.0,1100000.0,72500000.0,40200000.0,34200000.0,23200000.0,,,,,,,,,3–8
Evergreen — Omar Apollo,Evergreen,Omar Apollo,['Pop'],3.6113333333333335,2022-04-08,2022-10-01,62,51,7,,,112100.0,,2800000.0,352899.0,142.0,,40927.0,33902.0,24209.0,,68700.0,63000.0,58800.0,,2564900.0,2420400.0,2296500.0,,,,,,,,,3–8
Hell Yeah — Little Big Town,Hell Yeah,Little Big Town,['Country'],2.9306666666666668,2022-04-11,2022-10-01,91,91,1,,,261100.0,13.0,297600.0,1189541.0,2094.0,2217.0,-2212.0,-889.0,503.0,,,11700.0,2100.0,,,44600.0,4400.0,,,,,,,,,1–2
Dark Red — Steve Lacy,Dark Red,Steve Lacy,"['R&B/Soul', 'Alternative']",2.8850666666666664,2017-02-20,2022-10-01,95,78,5,,,,,,,,,,,,,,,,,,,,,,,,,,,,3–8
Star Walkin' (League Of Legends Worlds Anthem) — Lil Nas X,Star Walkin' (League Of Legends Worlds Anthem),Lil Nas X,['Pop'],3.5096,2022-09-22,2022-10-08,32,32,18,18700000.0,5759483985.0,28400000.0,,987800000.0,12409366.0,160.0,1349319.0,185508.0,-65168.0,-47263.0,4400000.0,700000.0,200000.0,100000.0,192800000.0,46800000.0,26200000.0,11500000.0,,,,,,,,,17–32
Out In The Middle — Zac Brown Band,Out In The Middle,Zac Brown Band,[],,,2022-10-08,95,86,6,,,,,,,,,,,,,,,,,,,,,,,,,,,,3–8
Blow — Moneybagg Yo,Blow,Moneybagg Yo,['Hip-Hop/Rap'],3.0422166666666666,2022-09-22,2022-10-08,96,96,1,2790000.0,2694056676.0,,,,8375911.0,15.0,,470391.0,106439.0,14525.0,,,,,,,,,,,,,,,,,1–2
World's Smallest Violin — AJR,World's Smallest Violin,AJR,['Alternative'],2.2802,2020-07-15,2022-10-08,97,91,3,,,504600.0,39.0,3600000.0,411443.0,2684.0,127651.0,58110.0,12974.0,1931.0,,,,112000.0,,,,500000.0,,,,,,,,,3–8
Oklahoma Smoke Show — Zach Bryan,Oklahoma Smoke Show,Zach Bryan,['Country'],3.528983333333333,2022-07-07,2022-10-08,98,80,9,,,931000.0,,8200000.0,,,,,,,508200.0,384300.0,207500.0,49000.0,4800000.0,4100000.0,2100000.0,500000.0,,,,,,,,,9–16
No Se Va — Grupo Frontera,No Se Va,Grupo Frontera,"['Música Mexicana', 'Latin']",3.23365,2022-03-18,2022-10-08,99,57,20,,,,,,,,,,,,,,,,,,,,,,,,,,,,17–32
Down Home — Jimmie Allen,Down Home,Jimmie Allen,['Country'],3.3751166666666665,2022-03-14,2022-10-08,100,61,9,,,166100.0,,144500.0,357933.0,491.0,118154.0,86314.0,11893.0,4818.0,,,5600.0,2533.333333333343,,,9100.0,1000.0,,,,,,,,,9–16
Toxic — YG,Toxic,YG,['Hip-Hop/Rap'],2.9920833333333334,2022-08-16,2022-10-15,81,81,2,,,531500.0,32.0,2100000.0,8296054.0,9.0,981675.0,621162.0,320709.0,46999.0,216600.0,135600.0,68000.0,22616.66666666669,1839500.0,1506000.0,700000.0,400000.0,,,,,,,,,1–2
Tennessee Orange — Megan Moroney,Tennessee Orange,Megan Moroney,['Country'],3.7186666666666666,2022-09-01,2022-10-15,94,30,28,,,282400.0,134.0,4400000.0,113924.0,469.0,24783.0,20895.0,17780.0,10337.0,,55400.0,38300.0,23200.0,,1600000.0,800000.0,300000.0,,,,,,,,,17–32
Forget Me — Lewis Capaldi,Forget Me,Lewis Capaldi,['Alternative'],3.3912,2022-09-09,2022-10-15,97,58,14,6100000.0,2471748965.0,3400000.0,,18200000.0,5494257.0,5.0,,25412.0,-5209.0,-31461.0,300000.0,200000.0,200000.0,200000.0,3500000.0,3400000.0,3400000.0,3300000.0,,,,,,,,,9–16
What He Didn't Do — Carly Pearce,What He Didn't Do,Carly Pearce,['Country'],3.187116666666667,2021-09-17,2022-10-15,99,37,17,,,,,,575695.0,139.0,75667.0,38635.0,21297.0,6668.0,,,,,,,,,,,,,,,,,17–32
Poland — Lil Yachty,Poland,Lil Yachty,['Hip-Hop/Rap'],1.3866666666666667,2022-10-04,2022-10-22,65,40,3,2750000.0,987307491.0,7900000.0,,183100000.0,10347333.0,7.0,-36991.0,-16638.0,-62379.0,-13290.0,400000.0,0.0,0.0,0.0,15900000.0,3300000.0,850000.0,0.0,,,,,,,,,3–8
Heyy — Lil Baby,Heyy,Lil Baby,['Hip-Hop/Rap'],3.2121166666666667,2022-10-10,2022-10-22,77,21,12,7680000.0,6652045540.0,3600000.0,,14500000.0,20545474.0,15.0,3161461.0,1647452.0,683661.0,137397.0,,300000.0,200000.0,100000.0,,1500000.0,1075000.0,300000.0,,,,130000.0,,,,133971402.0,9–16
Walk — Kodak Black,Walk,Kodak Black,['Hip-Hop/Rap'],2.767316666666667,2019-10-25,2022-10-22,100,100,1,,,,,,8483443.0,3.0,2151789.0,351462.0,74975.0,1074.0,,,,,,,,,,,,,,,,,1–2
California Breeze — Lil Baby,California Breeze,Lil Baby,['Hip-Hop/Rap'],2.96315,2022-10-14,2022-10-29,4,4,14,7790000.0,6683632889.0,3600000.0,,14800000.0,20630731.0,24.0,3217331.0,1701700.0,723995.0,228598.0,,300000.0,200000.0,100000.0,,1800000.0,1300000.0,600000.0,,,,220000.0,,,,148578727.0,9–16
Real Spill — Lil Baby,Real Spill,Lil Baby,['Hip-Hop/Rap'],3.3120333333333334,2022-10-14,2022-10-29,10,10,3,7790000.0,6683632889.0,3600000.0,,14800000.0,20630731.0,24.0,3217331.0,1701700.0,723995.0,228598.0,,300000.0,200000.0,100000.0,,1800000.0,1300000.0,600000.0,,,,220000.0,,,,148578727.0,3–8
Stand On It — Lil Baby,Stand On It,Lil Baby,['Hip-Hop/Rap'],2.7814833333333335,2022-10-14,2022-10-29,22,22,3,7790000.0,6683632889.0,3600000.0,,14800000.0,20630731.0,24.0,3217331.0,1701700.0,723995.0,228598.0,,300000.0,200000.0,100000.0,,1800000.0,1300000.0,600000.0,,,,220000.0,,,,148578727.0,3–8
Not Finished — Lil Baby,Not Finished,Lil Baby,['Hip-Hop/Rap'],2.7242333333333333,2022-10-14,2022-10-29,26,26,2,7790000.0,6683632889.0,3600000.0,,14800000.0,20630731.0,24.0,3217331.0,1701700.0,723995.0,228598.0,,300000.0,200000.0,100000.0,,1800000.0,1300000.0,600000.0,,,,220000.0,,,,148578727.0,1–2
Perfect Timing — Lil Baby,Perfect Timing,Lil Baby,['Hip-Hop/Rap'],2.6870166666666666,2022-10-14,2022-10-29,32,32,2,7790000.0,6683632889.0,3600000.0,,14800000.0,20630731.0,24.0,3217331.0,1701700.0,723995.0,228598.0,,300000.0,200000.0,100000.0,,1800000.0,1300000.0,600000.0,,,,220000.0,,,,148578727.0,1–2
Waterfall Flow — Lil Baby,Waterfall Flow,Lil Baby,['Hip-Hop/Rap'],2.74285,2022-10-14,2022-10-29,45,45,1,7790000.0,6683632889.0,3600000.0,,14800000.0,20630731.0,24.0,3217331.0,1701700.0,723995.0,228598.0,,300000.0,200000.0,100000.0,,1800000.0,1300000.0,600000.0,,,,220000.0,,,,148578727.0,1–2
Everything — Lil Baby,Everything,Lil Baby,['Hip-Hop/Rap'],2.34575,2022-10-14,2022-10-29,52,52,1,7790000.0,6683632889.0,3600000.0,,14800000.0,20630731.0,24.0,3217331.0,1701700.0,723995.0,228598.0,,300000.0,200000.0,100000.0,,1800000.0,1300000.0,600000.0,,,,220000.0,,,,148578727.0,1–2
Double Down — Lil Baby,Double Down,Lil Baby,['Hip-Hop/Rap'],3.3788833333333335,2022-10-14,2022-10-29,54,54,1,7790000.0,6683632889.0,3600000.0,,14800000.0,20630731.0,24.0,3217331.0,1701700.0,723995.0,228598.0,,300000.0,200000.0,100000.0,,1800000.0,1300000.0,600000.0,,,,220000.0,,,,148578727.0,1–2
Edging — Blink-182,Edging,Blink-182,['Rock'],2.491233333333333,2022-10-14,2022-10-29,61,61,1,2690000.0,2387230339.0,,,,2523565.0,7.0,378164.0,348951.0,323968.0,306505.0,,,,,,,,,,,,70000.0,,,,28541213.0,1–2
Top Priority — Lil Baby,Top Priority,Lil Baby,['Hip-Hop/Rap'],3.127266666666667,2022-10-14,2022-10-29,64,64,1,7790000.0,6683632889.0,3600000.0,,14800000.0,20630731.0,24.0,3217331.0,1701700.0,723995.0,228598.0,,300000.0,200000.0,100000.0,,1800000.0,1300000.0,600000.0,,,,220000.0,,,,148578727.0,1–2
Danger — Lil Baby,Danger,Lil Baby,['Hip-Hop/Rap'],2.526366666666666,2022-10-14,2022-10-29,69,69,1,7790000.0,6683632889.0,3600000.0,,14800000.0,20630731.0,24.0,3217331.0,1701700.0,723995.0,228598.0,,300000.0,200000.0,100000.0,,1800000.0,1300000.0,600000.0,,,,220000.0,,,,148578727.0,1–2
Russian Roulette — Lil Baby,Russian Roulette,Lil Baby,['Hip-Hop/Rap'],2.9313833333333332,2022-10-14,2022-10-29,70,70,1,7790000.0,6683632889.0,3600000.0,,14800000.0,20630731.0,24.0,3217331.0,1701700.0,723995.0,228598.0,,300000.0,200000.0,100000.0,,1800000.0,1300000.0,600000.0,,,,220000.0,,,,148578727.0,1–2
FR — Lil Baby,FR,Lil Baby,['Hip-Hop/Rap'],2.9189,2022-10-14,2022-10-29,76,76,1,7790000.0,6683632889.0,3600000.0,,14800000.0,20630731.0,24.0,3217331.0,1701700.0,723995.0,228598.0,,300000.0,200000.0,100000.0,,1800000.0,1300000.0,600000.0,,,,220000.0,,,,148578727.0,1–2
No Fly Zone — Lil Baby,No Fly Zone,Lil Baby,['Hip-Hop/Rap'],3.5814,2022-10-14,2022-10-29,80,80,1,7790000.0,6683632889.0,3600000.0,,14800000.0,20630731.0,24.0,3217331.0,1701700.0,723995.0,228598.0,,300000.0,200000.0,100000.0,,1800000.0,1300000.0,600000.0,,,,220000.0,,,,148578727.0,1–2
Just Wanna Rock — Lil Uzi Vert,Just Wanna Rock,Lil Uzi Vert,"['House', 'Dance', 'Electronic', 'Bass']",1.59475,2023-07-21,2022-10-29,86,10,32,9400000.0,4636711142.0,2300000.0,18.0,20000000.0,,,,,,,,240000.0,100000.0,0.0,,1440000.0,900000.0,800000.0,,370000.0,190000.0,120000.0,,383304741.0,197733078.0,97441291.0,17–32
Anti-Hero — Taylor Swift,Anti-Hero,Taylor Swift,['Pop'],3.3448333333333333,2022-10-21,2022-11-05,1,1,53,48000000.0,26143582352.0,14100000.0,,126200000.0,228551226.0,553.0,45966363.0,20788215.0,8587934.0,3772450.0,,2396000.0,941379.3103448284,0.0,,24996000.0,9862068.965517238,0.0,,,,500000.0,,,,241419220.0,33–64
Lavender Haze — Taylor Swift,Lavender Haze,Taylor Swift,['Pop'],3.373266666666667,2022-10-21,2022-11-05,2,2,29,48000000.0,26143582352.0,14100000.0,,126200000.0,228551226.0,553.0,45966363.0,20788215.0,8587934.0,3772450.0,,2396000.0,941379.3103448284,0.0,,24996000.0,9862068.965517238,0.0,,,,500000.0,,,,241419220.0,17–32
Maroon — Taylor Swift,Maroon,Taylor Swift,['Pop'],3.63785,2022-10-21,2022-11-05,3,3,7,48000000.0,26143582352.0,14100000.0,,126200000.0,228551226.0,553.0,45966363.0,20788215.0,8587934.0,3772450.0,,2396000.0,941379.3103448284,0.0,,24996000.0,9862068.965517238,0.0,,,,500000.0,,,,241419220.0,3–8
Midnight Rain — Taylor Swift,Midnight Rain,Taylor Swift,['Pop'],2.91305,2022-10-21,2022-11-05,5,5,8,48000000.0,26143582352.0,14100000.0,,126200000.0,228551226.0,553.0,45966363.0,20788215.0,8587934.0,3772450.0,,2396000.0,941379.3103448284,0.0,,24996000.0,9862068.965517238,0.0,,,,500000.0,,,,241419220.0,3–8
Bejeweled — Taylor Swift,Bejeweled,Taylor Swift,['Pop'],3.2361,2022-10-21,2022-11-05,6,6,9,48000000.0,26143582352.0,14100000.0,,126200000.0,228551226.0,553.0,45966363.0,20788215.0,8587934.0,3772450.0,,2396000.0,941379.3103448284,0.0,,24996000.0,9862068.965517238,0.0,,,,500000.0,,,,241419220.0,9–16
Question...? — Taylor Swift,Question...?,Taylor Swift,['Pop'],3.5092833333333333,2022-10-21,2022-11-05,7,7,5,48000000.0,26143582352.0,14100000.0,,126200000.0,228551226.0,553.0,45966363.0,20788215.0,8587934.0,3772450.0,,2396000.0,941379.3103448284,0.0,,24996000.0,9862068.965517238,0.0,,,,500000.0,,,,241419220.0,3–8
"You're On Your Own, Kid — Taylor Swift","You're On Your Own, Kid",Taylor Swift,[],,,2022-11-05,8,8,6,,,,,,,,,,,,,,,,,,,,,,,,,,,,3–8
Karma — Taylor Swift,Karma,Taylor Swift,['Pop'],3.358216666666667,2022-10-21,2022-11-05,9,9,11,48000000.0,26143582352.0,14100000.0,,126200000.0,228551226.0,553.0,45966363.0,20788215.0,8587934.0,3772450.0,,2396000.0,941379.3103448284,0.0,,24996000.0,9862068.965517238,0.0,,,,500000.0,,,,241419220.0,9–16
Vigilante Shit — Taylor Swift,Vigilante Shit,Taylor Swift,['Pop'],2.746683333333334,2022-10-21,2022-11-05,10,10,6,48000000.0,26143582352.0,14100000.0,,126200000.0,228551226.0,553.0,45966363.0,20788215.0,8587934.0,3772450.0,,2396000.0,941379.3103448284,0.0,,24996000.0,9862068.965517238,0.0,,,,500000.0,,,,241419220.0,3–8
Mastermind — Taylor Swift,Mastermind,Taylor Swift,['Pop'],3.1839833333333334,2022-10-21,2022-11-05,13,13,5,48000000.0,26143582352.0,14100000.0,,126200000.0,228551226.0,553.0,45966363.0,20788215.0,8587934.0,3772450.0,,2396000.0,941379.3103448284,0.0,,24996000.0,9862068.965517238,0.0,,,,500000.0,,,,241419220.0,3–8
Labyrinth — Taylor Swift,Labyrinth,Taylor Swift,['Pop'],4.1327,2022-10-21,2022-11-05,14,14,5,48000000.0,26143582352.0,14100000.0,,126200000.0,228551226.0,553.0,45966363.0,20788215.0,8587934.0,3772450.0,,2396000.0,941379.3103448284,0.0,,24996000.0,9862068.965517238,0.0,,,,500000.0,,,,241419220.0,3–8
Sweet Nothing — Taylor Swift,Sweet Nothing,Taylor Swift,['Pop'],3.1416166666666667,2022-10-21,2022-11-05,15,15,5,48000000.0,26143582352.0,14100000.0,,126200000.0,228551226.0,553.0,45966363.0,20788215.0,8587934.0,3772450.0,,2396000.0,941379.3103448284,0.0,,24996000.0,9862068.965517238,0.0,,,,500000.0,,,,241419220.0,3–8
"Would've, Could've, Should've — Taylor Swift","Would've, Could've, Should've",Taylor Swift,['Pop'],4.339366666666667,2022-10-21,2022-11-05,20,20,4,48000000.0,26143582352.0,14100000.0,,126200000.0,228551226.0,553.0,45966363.0,20788215.0,8587934.0,3772450.0,,2396000.0,941379.3103448284,0.0,,24996000.0,9862068.965517238,0.0,,,,500000.0,,,,241419220.0,3–8
Bigger Than The Whole Sky — Taylor Swift,Bigger Than The Whole Sky,Taylor Swift,['Pop'],3.6417166666666665,2022-10-21,2022-11-05,21,21,4,48000000.0,26143582352.0,14100000.0,,126200000.0,228551226.0,553.0,45966363.0,20788215.0,8587934.0,3772450.0,,2396000.0,941379.3103448284,0.0,,24996000.0,9862068.965517238,0.0,,,,500000.0,,,,241419220.0,3–8
The Great War — Taylor Swift,The Great War,Taylor Swift,['Pop'],4.005933333333333,2022-10-21,2022-11-05,26,26,4,48000000.0,26143582352.0,14100000.0,,126200000.0,228551226.0,553.0,45966363.0,20788215.0,8587934.0,3772450.0,,2396000.0,941379.3103448284,0.0,,24996000.0,9862068.965517238,0.0,,,,500000.0,,,,241419220.0,3–8
Paris — Taylor Swift,Paris,Taylor Swift,['Pop'],3.270983333333333,2022-10-21,2022-11-05,32,32,3,48000000.0,26143582352.0,14100000.0,,126200000.0,228551226.0,553.0,45966363.0,20788215.0,8587934.0,3772450.0,,2396000.0,941379.3103448284,0.0,,24996000.0,9862068.965517238,0.0,,,,500000.0,,,,241419220.0,3–8
High Infidelity — Taylor Swift,High Infidelity,Taylor Swift,['Pop'],3.857916666666666,2022-10-21,2022-11-05,33,33,3,48000000.0,26143582352.0,14100000.0,,126200000.0,228551226.0,553.0,45966363.0,20788215.0,8587934.0,3772450.0,,2396000.0,941379.3103448284,0.0,,24996000.0,9862068.965517238,0.0,,,,500000.0,,,,241419220.0,3–8
Glitch — Taylor Swift,Glitch,Taylor Swift,['Pop'],2.4796833333333335,2022-10-21,2022-11-05,41,41,2,48000000.0,26143582352.0,14100000.0,,126200000.0,228551226.0,553.0,45966363.0,20788215.0,8587934.0,3772450.0,,2396000.0,941379.3103448284,0.0,,24996000.0,9862068.965517238,0.0,,,,500000.0,,,,241419220.0,1–2
Dear Reader — Taylor Swift,Dear Reader,Taylor Swift,['Pop'],3.753233333333333,2022-10-21,2022-11-05,45,45,2,48000000.0,26143582352.0,14100000.0,,126200000.0,228551226.0,553.0,45966363.0,20788215.0,8587934.0,3772450.0,,2396000.0,941379.3103448284,0.0,,24996000.0,9862068.965517238,0.0,,,,500000.0,,,,241419220.0,1–2
Made You Look — Meghan Trainor,Made You Look,Meghan Trainor,['Pop'],2.2376,2022-10-13,2022-11-05,95,11,21,12400000.0,7391081932.0,12300000.0,363.0,182600000.0,14972130.0,,2094148.0,1206688.0,600675.0,208216.0,3400000.0,1200000.0,811111.1111111119,200000.0,97600000.0,61200000.0,44144444.44444445,16500000.0,,,,0.0,,,,36387438.0,17–32
Lift Me Up — Rihanna,Lift Me Up,Rihanna,"['Pop', 'Soundtrack']",3.258583333333333,2022-10-28,2022-11-12,2,2,20,40100000.0,20540514509.0,,,,137619733.0,4846.0,27030914.0,9484383.0,3032704.0,1366681.0,,,,,,,,,,,,300000.0,,,,174351900.0,17–32
Shirt — SZA,Shirt,SZA,['R&B/Soul'],3.030666666666667,2022-10-28,2022-11-12,11,11,23,2870000.0,1513932962.0,3600000.0,,18600000.0,,,,,,,1100000.0,0.0,0.0,0.0,7100000.0,0.0,0.0,0.0,,,,60000.0,,,,24848733.0,17–32
In My Head — Juice WRLD,In My Head,Juice WRLD,['Hip-Hop/Rap'],3.2,2022-10-28,2022-11-12,23,23,2,10500000.0,5088117161.0,4200000.0,1.0,529500.0,12032624.0,172.0,112860.0,-186820.0,-151432.0,-33560.0,,700000.0,300000.0,100000.0,,,,,,,,100000.0,,,,85890374.0,1–2
The Astronaut — JIN,The Astronaut,Jin,"['K-Pop', 'Pop']",4.707716666666666,2022-10-28,2022-11-12,51,51,1,,,,,,40855744.0,81.0,,7031972.0,2764495.0,785681.0,,,,,,,,,,,,,,,,,1–2
300 Blackout — Kodak Black,300 Blackout,Kodak Black,['Hip-Hop/Rap'],2.7749,2022-10-07,2022-11-12,96,96,1,8120000.0,5528075801.0,1300000.0,,9300000.0,12375061.0,57.0,1366784.0,398227.0,68213.0,43966.0,1060600.0,378300.0,0.0,0.0,8910500.0,4200000.0,200000.0,0.0,,,,60000.0,,,,84229516.0,1–2
BackOutsideBoyz — Drake,BackOutsideBoyz,Drake,['Hip-Hop/Rap'],2.549366666666667,2022-11-04,2022-11-19,9,9,4,27200000.0,13498400665.0,,,,124217523.0,275.0,28659040.0,14972902.0,5178365.0,2412670.0,,,,,,,,,,,,200000.0,,,,191405195.0,3–8
Middle Of The Ocean — Drake,Middle Of The Ocean,Drake,[],,,2022-11-19,15,15,3,,,,,,,,,,,,,,,,,,,,,,,,,,,,3–8
Jumbotron Shit Poppin — Drake,Jumbotron Shit Poppin,Drake,['Hip-Hop/Rap'],2.28585,2022-11-04,2022-11-19,16,16,4,27200000.0,13498400665.0,,,,124217523.0,275.0,28659040.0,14972902.0,5178365.0,2412670.0,,,,,,,,,,,,200000.0,,,,191405195.0,3–8
I Guess It's Fuck Me — Drake,I Guess It's Fuck Me,Drake,['Hip-Hop/Rap'],4.3998,2022-11-04,2022-11-19,19,19,2,27200000.0,13498400665.0,,,,124217523.0,275.0,28659040.0,14972902.0,5178365.0,2412670.0,,,,,,,,,,,,200000.0,,,,191405195.0,1–2
3AM On Glenwood — 21 Savage,3AM On Glenwood,21 Savage,['Hip-Hop/Rap'],2.97215,2022-11-04,2022-11-19,27,27,2,8230000.0,4199119983.0,973600.0,,2500000.0,14125452.0,1305.0,1198892.0,777962.0,564707.0,451802.0,,,,122000.0,,,,1200000.0,,,,40000.0,,,,44189839.0,1–2
Die For You — Joji,Die For You,Joji,['Alternative'],3.5277833333333333,2022-11-04,2022-11-19,53,53,3,2850000.0,939510789.0,,,,6609193.0,242.0,1087620.0,836351.0,207368.0,99683.0,,,,,,,,,,,,100000.0,,,,36342281.0,3–8
My Mind & Me — Selena Gomez,My Mind & Me,Selena Gomez,['Pop'],2.45995,2022-11-03,2022-11-19,83,83,1,31600000.0,11866442086.0,44200000.0,,394800000.0,354473165.0,1863.0,83605992.0,37246987.0,13300315.0,5111807.0,7700000.0,4300000.0,1700000.0,500000.0,184100000.0,104700000.0,36100000.0,13000000.0,,,,200000.0,,,,103690419.0,1–2
Heart Like A Truck — Lainey Wilson,Heart Like A Truck,Lainey Wilson,['Country'],3.31355,2022-08-12,2022-11-26,86,29,23,,,439500.0,,3900000.0,170144.0,2710.0,93219.0,54051.0,27494.0,8518.0,154800.0,38200.0,11800.0,2433.333333333314,1400000.0,500000.0,200000.0,0.0,,,,,,,,,17–32
Break My Heart — Rod Wave,Break My Heart,Rod Wave,"['Rap', 'Hip-Hop/Rap']",2.8235333333333332,2022-11-09,2022-11-26,91,76,2,4580000.0,3693920946.0,3400000.0,,28400000.0,5856306.0,35.0,1307457.0,838903.5,462197.0,104583.0,400000.0,100000.0,100000.0,0.0,3700000.0,1300000.0,700000.0,250000.0,,,,60000.0,,,,90549414.0,1–2
"Going, Going, Gone — Luke Combs","Going, Going, Gone",Luke Combs,['Country'],2.954066666666667,2022-06-24,2022-11-26,99,23,22,,,3400000.0,125.0,27400000.0,4363647.0,1256.0,561184.0,346754.0,175680.0,93143.0,800000.0,400000.0,300000.0,100000.0,10000000.0,7100000.0,4600000.0,1700000.0,,,,,,,,,17–32
Got It Right — Rod Wave,Got It Right,Rod Wave,"['Rap', 'Hip-Hop/Rap']",3.5733333333333333,2022-11-18,2022-12-03,95,95,1,4620000.0,3696635065.0,3400000.0,,28700000.0,5913401.0,40.0,,864321.0,403155.0,136083.66666666698,300000.0,100000.0,100000.0,0.0,3300000.0,1600000.0,900000.0,500000.0,,,,80000.0,,,,66504341.0,1–2
Last Christmas — Lauren Spencer-Smith,Last Christmas,Lauren Spencer-Smith,['Holiday'],3.3659166666666667,2023-12-15,2022-12-10,91,72,5,1010000.0,317853042.0,6700000.0,1801.0,202700000.0,1393327.0,1140.0,806153.0,442797.0,187718.0,72060.0,2600000.0,1000000.0,400000.0,200000.0,82000000.0,35100000.0,14600000.0,5000000.0,566000.0,331000.0,100000.0,43000.0,194082017.0,118307643.0,39901920.0,16003436.0,3–8
Someday At Christmas — Lizzo,Someday At Christmas,Lizzo,['Pop'],2.9595666666666665,2022-11-10,2022-12-10,96,59,5,2890000.0,1337795631.0,25800000.0,1586.0,1000000000.0,13053927.0,2825.0,1314418.0,670470.0,172606.0,50854.0,6300000.0,3200000.0,800000.0,300000.0,293600000.0,113700000.0,13200000.0,0.0,,,,20000.0,,,,25499753.0,3–8
One Thing At A Time — Morgan Wallen,One Thing At A Time,Morgan Wallen,['Country'],3.44775,2022-12-02,2022-12-17,37,10,30,1780000.0,2468021634.0,3300000.0,37.0,13500000.0,4372623.0,716.0,1335992.0,732546.0,405105.0,171828.0,800000.0,400000.0,200000.0,0.0,3800000.0,2700000.0,1700000.0,300000.0,,,,50000.0,,,,75490299.0,17–32
Tennessee Fan — Morgan Wallen,Tennessee Fan,Morgan Wallen,['Country'],3.30425,2022-12-02,2022-12-17,49,49,7,1780000.0,2468021634.0,3300000.0,37.0,13500000.0,4372623.0,716.0,1335992.0,732546.0,405105.0,171828.0,800000.0,400000.0,200000.0,0.0,3800000.0,2700000.0,1700000.0,300000.0,,,,50000.0,,,,75490299.0,3–8
Days That End In Why — Morgan Wallen,Days That End In Why,Morgan Wallen,[],,,2022-12-17,57,57,2,,,,,,,,,,,,,,,,,,,,,,,,,,,,1–2
Blue Christmas — Kane Brown,Blue Christmas,Kane Brown,"['Holiday', 'Country']",2.1424666666666665,2023-10-27,2022-12-17,98,73,4,3600000.0,2702892502.0,5300000.0,105.0,32700000.0,3601059.0,317.0,281377.0,142056.0,97659.0,32244.0,,100000.0,0.0,0.0,,1100000.0,900000.0,600000.0,220000.0,100000.0,50000.0,20000.0,331130464.0,155679453.0,73208618.0,27088013.0,3–8
Kill Bill — SZA,Kill Bill,SZA,['R&B/Soul'],2.292133333333333,2023-01-13,2022-12-24,3,1,52,3390000.0,1756102326.0,3600000.0,,18600000.0,,,,,,,0.0,0.0,0.0,0.0,300000.0,0.0,0.0,0.0,,,570000.0,300000.0,,,253299640.0,140855447.0,33–64
Nobody Gets Me — SZA,Nobody Gets Me,SZA,['R&B/Soul'],3.0142166666666665,2022-12-05,2022-12-24,10,10,17,2970000.0,1570336971.0,3600000.0,,18600000.0,,,,,,,900000.0,0.0,0.0,0.0,5500000.0,0.0,0.0,0.0,,,180000.0,70000.0,,,101249736.0,40626179.0,17–32
Blind — SZA,Blind,SZA,['R&B/Soul'],2.512,2022-12-09,2022-12-24,12,12,11,3020000.0,1579489770.0,3600000.0,,18600000.0,,,,,,,400000.0,0.0,0.0,0.0,1300000.0,0.0,0.0,0.0,,,220000.0,110000.0,,,107088048.0,43969754.0,9–16
Low — SZA,Low,SZA,['R&B/Soul'],3.018,2022-12-09,2022-12-24,17,17,16,3020000.0,1579489770.0,3600000.0,,18600000.0,,,,,,,400000.0,0.0,0.0,0.0,1300000.0,0.0,0.0,0.0,,,220000.0,110000.0,,,107088048.0,43969754.0,9–16
Love Language — SZA,Love Language,SZA,['R&B/Soul'],3.0648833333333334,2022-12-09,2022-12-24,21,21,10,3020000.0,1579489770.0,3600000.0,,18600000.0,,,,,,,400000.0,0.0,0.0,0.0,1300000.0,0.0,0.0,0.0,,,220000.0,110000.0,,,107088048.0,43969754.0,9–16
Seek & Destroy — SZA,Seek & Destroy,SZA,[],,,2022-12-24,24,24,7,,,,,,,,,,,,,,,,,,,,,,,,,,,,3–8
Snooze — SZA,Snooze,SZA,['R&B/Soul'],3.1744166666666667,2023-09-15,2022-12-24,29,2,70,4310000.0,2600353846.0,,,,,,,,,,,,,,,,,,1510000.0,510000.0,250000.0,130000.0,1123397176.0,553409196.0,254276234.0,93582029.0,65+
SOS — SZA,SOS,SZA,['R&B/Soul'],1.962883333333333,2022-12-09,2022-12-24,32,32,5,3020000.0,1579489770.0,3600000.0,,18600000.0,,,,,,,400000.0,0.0,0.0,0.0,1300000.0,0.0,0.0,0.0,,,220000.0,110000.0,,,107088048.0,43969754.0,3–8
Special — SZA,Special,SZA,['R&B/Soul'],2.6473333333333335,2022-12-09,2022-12-24,37,37,6,3020000.0,1579489770.0,3600000.0,,18600000.0,,,,,,,400000.0,0.0,0.0,0.0,1300000.0,0.0,0.0,0.0,,,220000.0,110000.0,,,107088048.0,43969754.0,3–8
Gone Girl — SZA,Gone Girl,SZA,['R&B/Soul'],4.067116666666666,2022-12-09,2022-12-24,43,43,5,3020000.0,1579489770.0,3600000.0,,18600000.0,,,,,,,400000.0,0.0,0.0,0.0,1300000.0,0.0,0.0,0.0,,,220000.0,110000.0,,,107088048.0,43969754.0,3–8
Notice Me — SZA,Notice Me,SZA,['R&B/Soul'],2.682,2022-12-09,2022-12-24,44,44,3,3020000.0,1579489770.0,3600000.0,,18600000.0,,,,,,,400000.0,0.0,0.0,0.0,1300000.0,0.0,0.0,0.0,,,220000.0,110000.0,,,107088048.0,43969754.0,3–8
Smoking On My Ex Pack — SZA,Smoking On My Ex Pack,SZA,[],,,2022-12-24,52,52,2,,,,,,,,,,,,,,,,,,,,,,,,,,,,1–2
F2F — SZA,F2F,SZA,['R&B/Soul'],3.084,2022-12-09,2022-12-24,55,55,2,3020000.0,1579489770.0,3600000.0,,18600000.0,,,,,,,400000.0,0.0,0.0,0.0,1300000.0,0.0,0.0,0.0,,,220000.0,110000.0,,,107088048.0,43969754.0,1–2
Conceited — SZA,Conceited,SZA,['R&B/Soul'],2.52355,2022-12-09,2022-12-24,58,58,2,3020000.0,1579489770.0,3600000.0,,18600000.0,,,,,,,400000.0,0.0,0.0,0.0,1300000.0,0.0,0.0,0.0,,,220000.0,110000.0,,,107088048.0,43969754.0,1–2
Far — SZA,Far,SZA,['R&B/Soul'],3.0113333333333334,2022-12-09,2022-12-24,61,61,2,3020000.0,1579489770.0,3600000.0,,18600000.0,,,,,,,400000.0,0.0,0.0,0.0,1300000.0,0.0,0.0,0.0,,,220000.0,110000.0,,,107088048.0,43969754.0,1–2
Too Late — SZA,Too Late,SZA,['R&B/Soul'],2.74045,2022-12-09,2022-12-24,62,62,1,3020000.0,1579489770.0,3600000.0,,18600000.0,,,,,,,400000.0,0.0,0.0,0.0,1300000.0,0.0,0.0,0.0,,,220000.0,110000.0,,,107088048.0,43969754.0,1–2
Face 2 Face — Juice WRLD,Face 2 Face,Juice WRLD,['Hip-Hop/Rap'],2.0759666666666665,2022-12-15,2022-12-31,92,92,1,10600000.0,5241211671.0,4300000.0,1.0,640400.0,12042112.0,173.0,-50109.0,-189095.0,-40581.0,19654.0,,500000.0,200000.0,0.0,,,,52733.33333333337,,,200000.0,100000.0,,,277229584.0,88651982.0,1–2
Bloody Mary — Lady Gaga,Bloody Mary,Lady Gaga,['Pop'],4.079416666666667,2011-05-23,2023-01-14,68,41,18,,,,,,,,,,,,,,,,,,,,,,,,,,,,17–32
Handle On You — Parker McCollum,Handle On You,Parker McCollum,['Country'],3.666133333333333,2022-08-05,2023-01-14,69,30,20,,,485100.0,52.0,2400000.0,804864.0,1149.0,,163784.0,70975.0,34114.0,201100.0,99300.0,39800.0,23093.33333333331,1463500.0,1000000.0,400000.0,246666.6666666665,,,,,,,,,17–32
The Color Violet — Tory Lanez,The Color Violet,Tory Lanez,['R&B/Soul'],3.77445,2021-12-10,2023-01-14,87,63,9,,,1800000.0,80.0,6900000.0,11198053.0,56.0,1103293.0,699840.0,225147.0,51702.0,400000.0,200000.0,0.0,0.0,2400000.0,900000.0,200000.0,200000.0,,,,,,,,,9–16
Here With Me — d4vd,Here With Me,d4vd,['Alternative'],4.041416666666667,2022-07-17,2023-01-14,88,60,10,,,,,,,,,,,,,,,,,,,,,,,,,,,,9–16
Shut Up My Moms Calling — Hotel Ugly,Shut Up My Moms Calling,Hotel Ugly,"['Neo-Soul', 'R&B/Soul']",2.2588166666666667,2022-09-14,2023-01-14,96,68,8,19300.0,2591351.0,62500.0,,623900.0,,,,,,,,1000.0,900.0,433.33333333333576,,7200.0,3600.0,1377.777777777752,,,,,,,,,3–8
Players — Coi Leray,Players,Coi Leray,['Hip-Hop/Rap'],2.326,2023-06-16,2023-01-14,98,9,26,1810000.0,547946690.0,11300000.0,761.0,205000000.0,7639133.0,371.0,1387876.0,973719.0,383740.0,104315.0,1300000.0,700000.0,100000.0,0.0,39600000.0,17350000.0,2500000.0,800000.0,,240000.0,80000.0,30000.0,,111818700.0,47288153.0,12978858.0,17–32
Black — YoungBoy Never Broke Again,Black,YoungBoy Never Broke Again,['Hip-Hop/Rap'],2.1333333333333333,2023-01-04,2023-01-21,93,93,1,12100000.0,12023459490.0,716.0,,905.0,,,,,,,2.0,0.0,0.0,0.0,0.0,0.0,0.0,0.0,,,300000.0,100000.0,,,576209426.0,176898475.0,1–2
Ditto — NewJeans,Ditto,NewJeans,"['K-Pop', 'Pop']",3.0917833333333333,2022-12-19,2023-01-21,96,82,5,1400000.0,302280298.0,3300000.0,108.0,75800000.0,3024098.0,222.0,,,1270251.0,453760.0,,,1300000.0,400000.0,,,33700000.0,14700000.0,,,609000.0,230000.0,,,181944428.0,60849588.0,3–8
That's What Tequila Does — Jason Aldean,That's What Tequila Does,Jason Aldean,['Country'],3.155116666666667,2021-11-12,2023-01-21,97,77,8,,,,,,3542520.0,1110.0,309891.0,214422.0,158642.0,33899.0,,,,,,,,,,,,,,,,,3–8
You Didn't — Brett Young,You Didn't,Brett Young,['Country'],3.76355,2021-06-04,2023-01-21,100,63,12,,,,,,1050414.0,804.0,,23841.0,5918.0,1538.0,,,,,,,,,,,,,,,,,9–16
Flowers — Miley Cyrus,Flowers,Miley Cyrus,['Pop'],3.3433333333333333,2023-01-12,2023-01-28,1,1,55,16400000.0,6508413132.0,15000000.0,179.0,144900000.0,193042328.0,1208.0,34843102.0,14484904.0,8170301.0,3270437.0,1400000.0,900000.0,900000.0,900000.0,17300000.0,8400000.0,8300000.0,12600000.0,,,100000.0,100000.0,,,155420896.0,52109994.0,33–64
Nonsense — Sabrina Carpenter,Nonsense,Sabrina Carpenter,['Pop'],2.291916666666667,2022-11-14,2023-01-28,75,56,19,5730000.0,1229652465.0,13200000.0,104.0,153500000.0,27933752.0,122.0,1316330.0,676618.0,286338.0,171059.0,1500000.0,1000000.0,700000.0,266666.66666666605,63800000.0,37200000.0,20300000.0,8400000.0,,,,30000.0,,,,17272312.0,17–32
OMG — NewJeans,OMG,NewJeans,"['Dance', 'Hip-Hop/Rap', 'Hip-Hop']",2.5133666666666667,2023-02-10,2023-01-28,91,74,6,2590000.0,670193002.0,5200000.0,146.0,133500000.0,5186716.0,313.0,,4276155.0,2705167.0,1301946.0,,3900000.0,2500000.0,1166666.6666666665,,111800000.0,76100000.0,35466666.66666667,,,1460000.0,580000.0,,,444579530.0,216682999.0,3–8
Human — Cody Johnson,Human,Cody Johnson,['Country'],3.692,2021-10-08,2023-01-28,94,61,19,,,,,,693409.0,2279.0,,73926.0,38346.0,12659.0,,,,,,,,,,,,,,,,,17–32
Heart To Heart — Mac DeMarco,Heart To Heart,Mac DeMarco,['Alternative'],3.519,2019-05-10,2023-01-28,98,83,4,,,,,,,,,,,,,,,,,,,,,,,,,,,,3–8
I Wish You Roses — Kali Uchis,I Wish You Roses,Kali Uchis,['R&B/Soul'],3.6659166666666665,2023-01-25,2023-02-04,81,81,2,1740000.0,845374226.0,2500000.0,,35500000.0,4144708.0,93.0,482498.0,152868.0,115488.0,59523.0,700000.0,500000.0,300000.0,0.0,17100000.0,13666666.666666668,8900000.0,1600000.0,,,80000.0,40000.0,,,55408799.0,22757722.0,1–2
Moonlight Sunrise — TWICE,Moonlight Sunrise,TWICE,['Pop'],3.005333333333333,2023-01-20,2023-02-04,84,84,1,15300000.0,4394286162.0,18900399.0,,419500000.0,27082552.0,3440.0,3875115.0,812365.0,186725.0,114801.0,5800399.0,1800399.0,600399.0,176339.0,194300000.0,61566666.66666669,13000000.0,1900000.0,,,400000.0,200000.0,,,306339320.0,97151848.0,1–2
Next Thing You Know — Jordan Davis,Next Thing You Know,Jordan Davis,['Country'],2.9206333333333334,2022-08-12,2023-02-04,91,23,31,,,239900.0,195.0,1700000.0,309571.0,1163.0,88948.0,43151.0,14401.0,4877.0,,122600.0,64500.0,22740.0,,600000.0,200000.0,40000.0,,,,,,,,,17–32
Back End — Finesse2Tymes,Back End,Finesse2Tymes,['Hip-Hop/Rap'],2.7579833333333332,2022-07-22,2023-02-04,98,86,5,,,,,,289081.0,12.0,197464.0,184188.0,180710.0,176409.0,,,,,,,,,,,,,,,,,3–8
Spit In My Face! — ThxSoMch,Spit In My Face!,ThxSoMch,['Hip-Hop/Rap'],2.464583333333333,2022-11-01,2023-02-04,100,100,1,4590.0,18657.0,,,,3832.0,2.0,,,,,,,,,,,,,,,,,,,,,1–2
Last Night — Morgan Wallen,Last Night,Morgan Wallen,['Country'],2.730916666666667,2023-02-02,2023-02-11,27,1,60,1880000.0,2640455552.0,3500000.0,42.0,15000000.0,4718230.0,725.0,1452543.0,846670.0,515297.0,152992.0,900000.0,500000.0,200000.0,80000.0,5100000.0,3300000.0,1800000.0,880000.0,,,150000.0,50000.0,,,247924217.0,79935247.0,33–64
Love Again — The Kid LAROI,Love Again,The Kid LAROI,"['Pop', 'Hip-Hop/Rap', 'Rap']",2.4440166666666667,2023-01-27,2023-02-11,40,40,12,4760000.0,1707022202.0,3300000.0,37.0,34400000.0,4035517.0,41.0,114617.0,-52651.0,-50223.0,-23803.0,500000.0,200000.0,100000.0,0.0,11100000.0,2600000.0,1300000.0,700000.0,,,140000.0,70000.0,,,-91325731.0,-163105350.0,9–16
I Wrote The Book — Morgan Wallen,I Wrote The Book,Morgan Wallen,['Country'],3.02945,2023-02-02,2023-02-11,58,18,19,1880000.0,2640455552.0,3500000.0,42.0,15000000.0,4718230.0,725.0,1452543.0,846670.0,515297.0,152992.0,900000.0,500000.0,200000.0,80000.0,5100000.0,3300000.0,1800000.0,880000.0,,,150000.0,50000.0,,,247924217.0,79935247.0,17–32
Everything I Love — Morgan Wallen,Everything I Love,Morgan Wallen,['Country'],3.11745,2023-02-02,2023-02-11,61,14,42,1880000.0,2640455552.0,3500000.0,42.0,15000000.0,4718230.0,725.0,1452543.0,846670.0,515297.0,152992.0,900000.0,500000.0,200000.0,80000.0,5100000.0,3300000.0,1800000.0,880000.0,,,150000.0,50000.0,,,247924217.0,79935247.0,33–64
Growin' Up And Gettin' Old — Luke Combs,Growin' Up And Gettin' Old,Luke Combs,['Country'],3.8765833333333335,2023-01-27,2023-02-11,64,54,5,2950000.0,3375977551.0,4300000.0,,35600000.0,4762675.0,1312.0,639215.0,313058.0,128085.0,49766.0,1300000.0,600000.0,300000.0,100000.0,15000000.0,6600000.0,3450000.0,1200000.0,,,70000.0,20000.0,,,161069532.0,54179152.0,3–8
I'm Not Here To Make Friends — Sam Smith,I'm Not Here To Make Friends,Sam Smith,[],,,2023-02-11,71,71,2,,,,,,,,,,,,,,,,,,,,,,,,,,,,1–2
The Black Seminole. — Lil Yachty,The Black Seminole.,Lil Yachty,['Alternative'],6.8652,2023-01-27,2023-02-11,80,80,1,2790000.0,1018950231.0,7900000.0,208.0,183900000.0,10549334.0,3.0,139922.0,159677.0,94541.0,23496.0,100000.0,0.0,0.0,0.0,5800000.0,1000000.0,600000.0,500000.0,,,20000.0,10000.0,,,24006034.0,7586096.0,1–2
Never Gonna Not Dance Again — P!nk,Never Gonna Not Dance Again,P!nk,['Pop'],3.763166666666667,2022-11-04,2023-02-11,99,99,2,11700000.0,7386683309.0,3100000.0,30.0,14400000.0,,,,,,,400000.0,300000.0,200000.0,100000.0,1900000.0,1500000.0,1100000.0,900000.0,,,,100000.0,,,,59258596.0,1–2
Dancin' In The Country — Tyler Hubbard,Dancin' In The Country,Tyler Hubbard,['Country'],2.994083333333333,2022-08-19,2023-02-11,100,23,23,,,,,,741611.0,1141.0,,29558.0,30926.0,9832.0,,,,,,,,,,,,,,,,,17–32
Watch The World Burn — Falling In Reverse,Watch The World Burn,Falling In Reverse,['Rock'],3.3991333333333333,2023-01-31,2023-02-18,83,83,1,,,,,,991606.0,1018.0,113382.0,55521.0,24874.0,7541.0,,,,,,,,,,,,,,,,,1–2
In Ha Mood — Ice Spice,In Ha Mood,Ice Spice,['Hip-Hop/Rap'],2.1560333333333332,2023-01-06,2023-02-18,85,58,16,176000.0,16155702.0,2500000.0,,22200000.0,2795351.0,46.0,,2700390.0,989790.0,287683.0,,,1300000.0,550000.0,,,13800000.0,6200000.0,,,91700.0,27000.0,,,10356010.0,3880914.0,9–16
Love You Anyway — Luke Combs,Love You Anyway,Luke Combs,['Country'],3.82375,2023-02-10,2023-02-25,15,15,33,2970000.0,3402372179.0,4400000.0,167.0,37600000.0,4822010.0,1319.0,687119.0,349677.0,165795.0,91437.0,1400000.0,700000.0,300000.0,200000.0,16500000.0,7700000.0,4900000.0,2700000.0,,,80000.0,30000.0,,,162106339.0,57150152.0,33–64
Lost — Linkin Park,Lost,Linkin Park,['Alternative'],3.3223666666666665,2023-02-10,2023-02-25,38,38,2,19400000.0,12032087698.0,491900.0,5.0,1100000.0,5947427.0,1612.0,247688.0,135267.0,101733.0,69233.0,218100.0,186000.0,167040.0,154100.0,598600.0,588950.0,584700.0,581600.0,700000.0,100000.0,0.0,0.0,925077858.0,232490867.0,0.0,0.0,1–2
Fix'n To Break — Bailey Zimmerman,Fix'n To Break,Bailey Zimmerman,['Country'],3.8815833333333334,2023-02-10,2023-02-25,84,84,1,278000.0,215629485.0,2000000.0,777.0,30200000.0,655828.0,587.0,625275.0,428769.0,264310.0,80675.0,1423000.0,600000.0,300000.0,100000.0,24500000.0,12200000.0,5500000.0,2066666.666666668,,,73000.0,27000.0,,,80483895.0,27343032.0,1–2
Painting Pictures — Superstar Pride,Painting Pictures,Superstar Pride,['Hip-Hop/Rap'],2.097916666666667,2022-10-22,2023-02-25,99,25,15,,,,,,,,,,,,,,,,,,,,,,,,,,,,9–16
Hope — NF,Hope,NF,"['Hip-Hop/Rap', 'Pop']",4.407883333333333,2023-02-18,2023-03-04,49,49,2,8850000.0,3953249342.0,,,,3103366.0,424.0,,,,,,,,,,,,,,,180000.0,90000.0,,,162025632.0,57828020.0,1–2
Favorite Song — Toosii,Favorite Song,Toosii,['Hip-Hop/Rap'],3.4771666666666667,2023-02-17,2023-03-04,51,5,27,1220000.0,816637260.0,2200000.0,141.0,31500000.0,4116971.0,84.0,327142.0,127734.0,92136.0,38466.0,1202600.0,500000.0,300000.0,100000.0,24800000.0,13266666.666666668,8000000.0,3433333.333333332,,,60000.0,20000.0,,,56178642.0,18782890.0,17–32
Watch This (ARIZONATEARS Pluggnb Remix) — Lil Uzi Vert,Watch This (ARIZONATEARS Pluggnb Remix),Lil Uzi Vert,['Hip-Hop/Rap'],2.7189833333333335,2023-02-05,2023-03-04,62,56,6,9060000.0,4287956950.0,2100000.0,17.0,18800000.0,,,,,,,,1628900.0,500000.0,100000.0,,17500000.0,5800000.0,550000.0,,,270000.0,70000.0,,,200594075.0,64790281.0,3–8
Heaven — Niall Horan,Heaven,Niall Horan,['Pop'],3.1007166666666666,2023-10-26,2023-03-04,63,62,7,4620000.0,1015625747.0,6000000.0,203.0,122800000.0,32774756.0,1464.0,2019212.0,809960.0,277662.0,72139.0,1700000.0,400000.0,200000.0,100000.0,80400000.0,24400000.0,8000000.0,2600000.0,120000.0,40000.0,0.0,0.0,104855672.0,49648491.0,14907392.0,0.0,3–8
Ceilings — Lizzy McAlpine,Ceilings,Lizzy McAlpine,['Alternative'],3.048133333333334,2020-09-01,2023-03-04,75,54,13,,,228600.0,47.0,3000000.0,105326.0,241.0,99051.0,78590.0,60279.25,17124.0,,,,35300.0,,,,500000.0,,,,,,,,,9–16
Trustfall — P!nk,Trustfall,P!nk,['Pop'],3.9532166666666666,2023-01-27,2023-03-04,94,82,4,11800000.0,7571527724.0,3500000.0,,15800000.0,9179158.0,1731.0,,,,,700000.0,600000.0,500000.0,0.0,3000000.0,2500000.0,1900000.0,0.0,,,200000.0,100000.0,,,198899691.0,65944206.0,3–8
Slut Me Out — NLE Choppa,Slut Me Out,NLE Choppa,['Hip-Hop/Rap'],2.0612166666666667,2022-04-22,2023-03-04,96,28,14,,,10900000.0,383.0,161900000.0,4837123.0,48.0,,830332.0,389037.0,92529.0,4000000.0,1200000.0,400000.0,100000.0,62500000.0,22100000.0,8700000.0,2200000.0,,,,,,,,,9–16
Gold — Dierks Bentley,Gold,Dierks Bentley,['Country'],2.796,2022-07-29,2023-03-04,99,68,9,,,,,,2128781.0,1958.0,29420.0,6343.0,9345.0,1933.0,,,,,,,,,,,,,,,,,9–16
Mientras Me Curo del Cora — Karol G,Mientras Me Curo del Cora,Karol G,"['Urbano latino', 'Latin']",2.7376,2023-02-24,2023-03-11,68,68,1,29600000.0,16015820756.0,43700000.0,69.0,249300000.0,59587478.0,3309.0,10259757.0,3523974.0,1812534.0,1033157.0,13200000.0,5700000.0,2400000.0,800000.0,110800000.0,56400000.0,32700000.0,13800000.0,,,1000000.0,700000.0,,,850295147.0,296214213.0,1–2
Gucci Los Panos — Karol G,Gucci Los Panos,Karol G,"['Urbano latino', 'Latin']",3.1071333333333335,2023-02-24,2023-03-11,71,71,1,29600000.0,16015820756.0,43700000.0,69.0,249300000.0,59587478.0,3309.0,10259757.0,3523974.0,1812534.0,1033157.0,13200000.0,5700000.0,2400000.0,800000.0,110800000.0,56400000.0,32700000.0,13800000.0,,,1000000.0,700000.0,,,850295147.0,296214213.0,1–2
Tus Gafitas — Karol G,Tus Gafitas,Karol G,"['Urbano latino', 'Latin']",2.8021166666666666,2023-02-24,2023-03-11,73,73,1,29600000.0,16015820756.0,43700000.0,69.0,249300000.0,59587478.0,3309.0,10259757.0,3523974.0,1812534.0,1033157.0,13200000.0,5700000.0,2400000.0,800000.0,110800000.0,56400000.0,32700000.0,13800000.0,,,1000000.0,700000.0,,,850295147.0,296214213.0,1–2
No More Talk — Yeat,No More Talk,Yeat,['Hip-Hop/Rap'],3.975116666666666,2023-02-24,2023-03-11,77,77,1,612000.0,327262372.0,,,,2149475.0,8.0,1332655.0,523823.0,338334.0,175482.0,,,,,,,,,,,115000.0,53000.0,,,70449104.0,26468840.0,1–2
Split — Yeat,Split,Yeat,['Hip-Hop/Rap'],2.3911166666666666,2023-02-24,2023-03-11,79,79,1,612000.0,327262372.0,,,,2149475.0,8.0,1332655.0,523823.0,338334.0,175482.0,,,,,,,,,,,115000.0,53000.0,,,70449104.0,26468840.0,1–2
Dirt — Key Glock,Dirt,Key Glock,['Hip-Hop/Rap'],3.32155,2023-02-22,2023-03-11,88,88,1,986000.0,750099158.0,,,,2901906.0,166.0,228601.0,94050.0,65404.0,20413.0,,,,,,,,,,,40000.0,12000.0,,,54414274.0,17244354.0,1–2
Joe — Luke Combs,Joe,Luke Combs,['Country'],3.6387833333333335,2023-02-24,2023-03-11,89,89,1,2990000.0,3434495649.0,4400000.0,171.0,37900000.0,4862501.0,1323.0,716354.0,376481.0,186969.0,106626.0,1400000.0,600000.0,300000.0,100000.0,16600000.0,7600000.0,4200000.0,2300000.0,,,90000.0,40000.0,,,167889991.0,62969015.0,1–2
Besties — Karol G,Besties,Karol G,"['Urbano latino', 'Latin']",2.70265,2023-02-24,2023-03-11,96,96,1,29600000.0,16015820756.0,43700000.0,69.0,249300000.0,59587478.0,3309.0,10259757.0,3523974.0,1812534.0,1033157.0,13200000.0,5700000.0,2400000.0,800000.0,110800000.0,56400000.0,32700000.0,13800000.0,,,1000000.0,700000.0,,,850295147.0,296214213.0,1–2
Die 4 Me — Halsey,Die 4 Me,Halsey,['Alternative'],3.5836833333333336,2023-02-24,2023-03-11,100,100,1,11700000.0,4712430747.0,4900000.0,0.0,21400000.0,30991232.0,720.0,2576407.0,579924.0,215122.0,53579.0,700000.0,100000.0,0.0,0.0,8800000.0,200000.0,100000.0,0.0,,,100000.0,0.0,,,134795182.0,47686834.0,1–2
Thinkin' Bout Me — Morgan Wallen,Thinkin' Bout Me,Morgan Wallen,['Country'],2.9564666666666666,2023-03-03,2023-03-18,9,7,55,1870000.0,441254833.0,3800000.0,47.0,17400000.0,4895212.0,728.0,1573099.0,927694.0,522589.0,182298.0,1200000.0,700000.0,500000.0,300000.0,7500000.0,5600000.0,3900000.0,2400000.0,,,90000.0,-10000.0,,,-2026766801.0,-2199200719.0,33–64
Ain't That Some — Morgan Wallen,Ain't That Some,Morgan Wallen,['Country'],2.6334,2023-03-03,2023-03-18,11,11,20,1870000.0,441254833.0,3800000.0,47.0,17400000.0,4895212.0,728.0,1573099.0,927694.0,522589.0,182298.0,1200000.0,700000.0,500000.0,300000.0,7500000.0,5600000.0,3900000.0,2400000.0,,,90000.0,-10000.0,,,-2026766801.0,-2199200719.0,17–32
Red Ruby Da Sleeze — Nicki Minaj,Red Ruby Da Sleeze,Nicki Minaj,['Hip-Hop/Rap'],3.5740833333333333,2023-03-03,2023-03-18,13,13,12,25200000.0,9912638965.0,17000000.0,137.0,95100000.0,201791229.0,,25947166.0,-172418.0,0.0,0.0,1700000.0,500000.0,200000.0,0.0,23100000.0,4900000.0,1000000.0,600000.0,,,200000.0,0.0,,,209769846.0,66227249.0,9–16
'98 Braves — Morgan Wallen,'98 Braves,Morgan Wallen,['Country'],2.9784,2023-03-03,2023-03-18,27,27,7,1870000.0,441254833.0,3800000.0,47.0,17400000.0,4895212.0,728.0,1573099.0,927694.0,522589.0,182298.0,1200000.0,700000.0,500000.0,300000.0,7500000.0,5600000.0,3900000.0,2400000.0,,,90000.0,-10000.0,,,-2026766801.0,-2199200719.0,3–8
Devil Don't Know — Morgan Wallen,Devil Don't Know,Morgan Wallen,['Country'],3.4197166666666665,2023-03-03,2023-03-18,29,29,3,1870000.0,441254833.0,3800000.0,47.0,17400000.0,4895212.0,728.0,1573099.0,927694.0,522589.0,182298.0,1200000.0,700000.0,500000.0,300000.0,7500000.0,5600000.0,3900000.0,2400000.0,,,90000.0,-10000.0,,,-2026766801.0,-2199200719.0,3–8
Sunrise — Morgan Wallen,Sunrise,Morgan Wallen,['Country'],3.042033333333334,2023-03-03,2023-03-18,30,30,11,1870000.0,441254833.0,3800000.0,47.0,17400000.0,4895212.0,728.0,1573099.0,927694.0,522589.0,182298.0,1200000.0,700000.0,500000.0,300000.0,7500000.0,5600000.0,3900000.0,2400000.0,,,90000.0,-10000.0,,,-2026766801.0,-2199200719.0,9–16
Born With A Beer In My Hand — Morgan Wallen,Born With A Beer In My Hand,Morgan Wallen,[],,,2023-03-18,32,32,3,,,,,,,,,,,,,,,,,,,,,,,,,,,,3–8
Whiskey Friends — Morgan Wallen,Whiskey Friends,Morgan Wallen,['Country'],3.4263166666666667,2023-03-03,2023-03-18,35,35,4,1870000.0,441254833.0,3800000.0,47.0,17400000.0,4895212.0,728.0,1573099.0,927694.0,522589.0,182298.0,1200000.0,700000.0,500000.0,300000.0,7500000.0,5600000.0,3900000.0,2400000.0,,,90000.0,-10000.0,,,-2026766801.0,-2199200719.0,3–8
Tennessee Numbers — Morgan Wallen,Tennessee Numbers,Morgan Wallen,['Country'],3.7521333333333335,2023-03-03,2023-03-18,38,38,2,1870000.0,441254833.0,3800000.0,47.0,17400000.0,4895212.0,728.0,1573099.0,927694.0,522589.0,182298.0,1200000.0,700000.0,500000.0,300000.0,7500000.0,5600000.0,3900000.0,2400000.0,,,90000.0,-10000.0,,,-2026766801.0,-2199200719.0,1–2
Hope That's True — Morgan Wallen,Hope That's True,Morgan Wallen,['Country'],3.10775,2023-03-03,2023-03-18,41,41,2,1870000.0,441254833.0,3800000.0,47.0,17400000.0,4895212.0,728.0,1573099.0,927694.0,522589.0,182298.0,1200000.0,700000.0,500000.0,300000.0,7500000.0,5600000.0,3900000.0,2400000.0,,,90000.0,-10000.0,,,-2026766801.0,-2199200719.0,1–2
Dying Man — Morgan Wallen,Dying Man,Morgan Wallen,['Country'],3.0577666666666667,2023-03-03,2023-03-18,43,43,4,1870000.0,441254833.0,3800000.0,47.0,17400000.0,4895212.0,728.0,1573099.0,927694.0,522589.0,182298.0,1200000.0,700000.0,500000.0,300000.0,7500000.0,5600000.0,3900000.0,2400000.0,,,90000.0,-10000.0,,,-2026766801.0,-2199200719.0,3–8
Keith Whitley — Morgan Wallen,Keith Whitley,Morgan Wallen,['Country'],3.1253166666666665,2023-03-03,2023-03-18,44,44,2,1870000.0,441254833.0,3800000.0,47.0,17400000.0,4895212.0,728.0,1573099.0,927694.0,522589.0,182298.0,1200000.0,700000.0,500000.0,300000.0,7500000.0,5600000.0,3900000.0,2400000.0,,,90000.0,-10000.0,,,-2026766801.0,-2199200719.0,1–2
Neon Star (Country Boy Lullaby) — Morgan Wallen,Neon Star (Country Boy Lullaby),Morgan Wallen,['Country'],2.85825,2023-03-03,2023-03-18,48,48,3,1870000.0,441254833.0,3800000.0,47.0,17400000.0,4895212.0,728.0,1573099.0,927694.0,522589.0,182298.0,1200000.0,700000.0,500000.0,300000.0,7500000.0,5600000.0,3900000.0,2400000.0,,,90000.0,-10000.0,,,-2026766801.0,-2199200719.0,3–8
Me + All Your Reasons — Morgan Wallen,Me + All Your Reasons,Morgan Wallen,['Country'],2.91235,2023-03-03,2023-03-18,51,51,3,1870000.0,441254833.0,3800000.0,47.0,17400000.0,4895212.0,728.0,1573099.0,927694.0,522589.0,182298.0,1200000.0,700000.0,500000.0,300000.0,7500000.0,5600000.0,3900000.0,2400000.0,,,90000.0,-10000.0,,,-2026766801.0,-2199200719.0,3–8
I Deserve A Drink — Morgan Wallen,I Deserve A Drink,Morgan Wallen,['Country'],3.4356333333333335,2023-03-03,2023-03-18,52,52,2,1870000.0,441254833.0,3800000.0,47.0,17400000.0,4895212.0,728.0,1573099.0,927694.0,522589.0,182298.0,1200000.0,700000.0,500000.0,300000.0,7500000.0,5600000.0,3900000.0,2400000.0,,,90000.0,-10000.0,,,-2026766801.0,-2199200719.0,1–2
F150-50 — Morgan Wallen,F150-50,Morgan Wallen,['Country'],3.1939166666666665,2023-03-03,2023-03-18,53,53,2,1870000.0,441254833.0,3800000.0,47.0,17400000.0,4895212.0,728.0,1573099.0,927694.0,522589.0,182298.0,1200000.0,700000.0,500000.0,300000.0,7500000.0,5600000.0,3900000.0,2400000.0,,,90000.0,-10000.0,,,-2026766801.0,-2199200719.0,1–2
Single Than She Was — Morgan Wallen,Single Than She Was,Morgan Wallen,['Country'],2.6724666666666668,2023-03-03,2023-03-18,56,56,2,1870000.0,441254833.0,3800000.0,47.0,17400000.0,4895212.0,728.0,1573099.0,927694.0,522589.0,182298.0,1200000.0,700000.0,500000.0,300000.0,7500000.0,5600000.0,3900000.0,2400000.0,,,90000.0,-10000.0,,,-2026766801.0,-2199200719.0,1–2
Wine Into Water — Morgan Wallen,Wine Into Water,Morgan Wallen,['Country'],3.7328,2023-03-03,2023-03-18,59,59,2,1870000.0,441254833.0,3800000.0,47.0,17400000.0,4895212.0,728.0,1573099.0,927694.0,522589.0,182298.0,1200000.0,700000.0,500000.0,300000.0,7500000.0,5600000.0,3900000.0,2400000.0,,,90000.0,-10000.0,,,-2026766801.0,-2199200719.0,1–2
180 (Lifestyle) — Morgan Wallen,180 (Lifestyle),Morgan Wallen,['Country'],3.152616666666667,2023-03-03,2023-03-18,63,63,2,1870000.0,441254833.0,3800000.0,47.0,17400000.0,4895212.0,728.0,1573099.0,927694.0,522589.0,182298.0,1200000.0,700000.0,500000.0,300000.0,7500000.0,5600000.0,3900000.0,2400000.0,,,90000.0,-10000.0,,,-2026766801.0,-2199200719.0,1–2
Last Drive Down Main — Morgan Wallen,Last Drive Down Main,Morgan Wallen,['Country'],3.2194,2023-03-03,2023-03-18,65,65,1,1870000.0,441254833.0,3800000.0,47.0,17400000.0,4895212.0,728.0,1573099.0,927694.0,522589.0,182298.0,1200000.0,700000.0,500000.0,300000.0,7500000.0,5600000.0,3900000.0,2400000.0,,,90000.0,-10000.0,,,-2026766801.0,-2199200719.0,1–2
Good Girl Gone Missin' — Morgan Wallen,Good Girl Gone Missin',Morgan Wallen,['Country'],2.9171833333333335,2023-03-03,2023-03-18,69,69,1,1870000.0,441254833.0,3800000.0,47.0,17400000.0,4895212.0,728.0,1573099.0,927694.0,522589.0,182298.0,1200000.0,700000.0,500000.0,300000.0,7500000.0,5600000.0,3900000.0,2400000.0,,,90000.0,-10000.0,,,-2026766801.0,-2199200719.0,1–2
Me To Me — Morgan Wallen,Me To Me,Morgan Wallen,[],,,2023-03-18,71,71,1,,,,,,,,,,,,,,,,,,,,,,,,,,,,1–2
Money On Me — Morgan Wallen,Money On Me,Morgan Wallen,['Country'],2.9193166666666666,2023-03-03,2023-03-18,72,72,1,1870000.0,441254833.0,3800000.0,47.0,17400000.0,4895212.0,728.0,1573099.0,927694.0,522589.0,182298.0,1200000.0,700000.0,500000.0,300000.0,7500000.0,5600000.0,3900000.0,2400000.0,,,90000.0,-10000.0,,,-2026766801.0,-2199200719.0,1–2
Had It — Morgan Wallen,Had It,Morgan Wallen,['Country'],3.3184666666666667,2023-03-03,2023-03-18,75,75,1,1870000.0,441254833.0,3800000.0,47.0,17400000.0,4895212.0,728.0,1573099.0,927694.0,522589.0,182298.0,1200000.0,700000.0,500000.0,300000.0,7500000.0,5600000.0,3900000.0,2400000.0,,,90000.0,-10000.0,,,-2026766801.0,-2199200719.0,1–2
Outlook — Morgan Wallen,Outlook,Morgan Wallen,['Country'],3.22855,2023-03-03,2023-03-18,76,76,1,1870000.0,441254833.0,3800000.0,47.0,17400000.0,4895212.0,728.0,1573099.0,927694.0,522589.0,182298.0,1200000.0,700000.0,500000.0,300000.0,7500000.0,5600000.0,3900000.0,2400000.0,,,90000.0,-10000.0,,,-2026766801.0,-2199200719.0,1–2
River — Miley Cyrus,River,Miley Cyrus,['Pop'],2.7162166666666665,2023-03-10,2023-03-25,32,32,4,17600000.0,7039422469.0,17600000.0,193.0,166000000.0,199562922.0,1222.0,37791017.0,18268325.0,10213649.0,3224954.0,4000000.0,3500000.0,3500000.0,200000.0,38300000.0,29400000.0,33700000.0,1800000.0,,1400000.0,1300000.0,300000.0,,746573309.0,588946284.0,208709748.0,3–8
Jaded — Miley Cyrus,Jaded,Miley Cyrus,['Pop'],3.098883333333333,2023-03-10,2023-03-25,56,56,15,17600000.0,7039422469.0,17600000.0,193.0,166000000.0,199562922.0,1222.0,37791017.0,18268325.0,10213649.0,3224954.0,4000000.0,3500000.0,3500000.0,200000.0,38300000.0,29400000.0,33700000.0,1800000.0,,1400000.0,1300000.0,300000.0,,746573309.0,588946284.0,208709748.0,9–16
Rose Colored Lenses — Miley Cyrus,Rose Colored Lenses,Miley Cyrus,['Pop'],3.729783333333333,2023-03-10,2023-03-25,91,91,1,17600000.0,7039422469.0,17600000.0,193.0,166000000.0,199562922.0,1222.0,37791017.0,18268325.0,10213649.0,3224954.0,4000000.0,3500000.0,3500000.0,200000.0,38300000.0,29400000.0,33700000.0,1800000.0,,1400000.0,1300000.0,300000.0,,746573309.0,588946284.0,208709748.0,1–2
Por Las Noches — Peso Pluma,Por Las Noches,Peso Pluma,"['Música Mexicana', 'Latin']",3.9814666666666665,2021-06-11,2023-03-25,92,28,20,,,,,,10859.0,9.0,,,,293.0,,,,,,,,,,,,,,,,,17–32
All Of The Girls You Loved Before — Taylor Swift,All Of The Girls You Loved Before,Taylor Swift,['Pop'],3.6901166666666665,2023-03-17,2023-04-01,12,12,6,51200000.0,28288908634.0,17300000.0,51.0,158700000.0,249768660.0,566.0,46793882.0,25887858.0,13271038.0,4491419.0,,3126241.1347517725,1448226.9503546096,400000.0,,31600709.219858155,11141843.9716312,500000.0,,3800000.0,800000.0,200000.0,,2420687611.0,899485796.0,277811610.0,3–8
"Set Me Free, Pt. 2 — Jimin","Set Me Free, Pt. 2",Jimin,"['K-Pop', 'Pop']",3.3488333333333333,2023-03-17,2023-04-01,30,30,1,,,,,,49134888.0,49.0,17451620.0,5479821.0,2731523.0,1243184.0,,,,,,,,,,,,,,,,,1–2
5 Leaf Clover — Luke Combs,5 Leaf Clover,Luke Combs,['Country'],3.5141666666666667,2023-03-17,2023-04-01,45,33,7,3010000.0,3477750792.0,4400000.0,176.0,38300000.0,4956656.0,1331.0,786656.0,383161.0,255079.0,114735.0,1300000.0,500000.0,200000.0,0.0,15700000.0,7142857.142857142,4100000.0,600000.0,,170000.0,90000.0,30000.0,,341947185.0,176799327.0,62223139.0,3–8
Eat Your Young — Hozier,Eat Your Young,Hozier,['Alternative'],4.038216666666667,2023-03-17,2023-04-01,67,67,2,3590000.0,2251751210.0,956400.0,44.0,6200000.0,2026165.0,679.0,139447.0,144170.5,99648.0,87513.0,284100.0,262533.3333333334,173533.33333333337,147700.0,1800000.0,1800000.0,1300000.0,1300000.0,,120000.0,70000.0,30000.0,,166936131.0,86366747.0,29404281.0,1–2
El Gordo Trae El Mando — Chino Pacas,El Gordo Trae El Mando,Chino Pacas,"['Música Mexicana', 'Latin']",1.8681166666666664,2023-01-27,2023-04-01,84,58,13,,,,,,,,,,,,,,,,,,,,,,,,,,,,9–16
ICU — Coco Jones,ICU,Coco Jones,['R&B/Soul'],4.027066666666666,2022-10-21,2023-04-01,88,62,20,592000.0,61748236.0,2200000.0,,26600000.0,1645895.0,163.0,743565.0,311785.0,44650.0,7243.0,700000.0,200000.0,100000.0,0.0,8600000.0,3900000.0,1900000.0,300000.0,,,,1000.0,,,,573521.0,17–32
Moonlight — Kali Uchis,Moonlight,Kali Uchis,['R&B/Soul'],3.1287166666666666,2023-03-03,2023-04-01,92,80,11,1780000.0,877720508.0,2600000.0,52.0,38600000.0,4276040.0,107.0,595652.0,267191.0,209532.0,119052.0,800000.0,500000.0,200000.0,100000.0,20100000.0,15800000.0,6000000.0,2500000.0,,,100000.0,40000.0,,,70254502.0,26710055.0,9–16
Death — Melanie Martinez,Death,Melanie Martinez,['Alternative'],5.1109333333333336,2023-03-10,2023-04-01,95,95,2,14200000.0,4094297571.0,7000000.0,8.0,48700000.0,13052621.0,11.0,2115444.0,986063.0,695983.0,483409.0,2400000.0,1000000.0,900000.0,800000.0,19700000.0,10400000.0,9800000.0,9400000.0,,300000.0,200000.0,100000.0,,217997427.0,110993133.0,42183031.0,1–2
Nasty — Russ,Nasty,Russ,"['Hip-Hop/Rap', 'R&B/Soul']",1.9401166666666667,2023-03-17,2023-04-01,96,75,3,5770000.0,2975716254.0,3200000.0,876.0,60200000.0,4101275.0,2776.0,426559.0,180118.0,48385.0,29946.0,900000.0,500000.0,400000.0,200000.0,30600000.0,14300000.0,11900000.0,6300000.0,,140000.0,60000.0,30000.0,,203822316.0,104853139.0,36495071.0,3–8
Cupid — Fifty Fifty,Cupid,Fifty Fifty,"['K-Pop', 'Pop']",2.9042166666666667,2023-02-24,2023-04-01,100,17,25,104000.0,7262768.0,110600.0,40.0,645200.0,47830.0,180.0,,,,,,,,,,,,,,,64000.0,22350.0,,,5876390.0,2302406.0,17–32
Like Crazy — Jimin,Like Crazy,Jimin,"['K-Pop', 'Pop']",3.53735,2023-03-24,2023-04-08,1,1,5,,,,,,49162815.0,51.0,16531872.0,5192109.0,2661783.0,1164680.0,,,,,,,,,,,,,,,,,3–8
Eyes Closed — Ed Sheeran,Eyes Closed,Ed Sheeran,['Pop'],3.2474833333333333,2023-03-24,2023-04-08,26,19,20,53100000.0,29462591499.0,13300000.0,,143100000.0,42842108.0,2122.0,5264498.0,2311919.0,1342878.0,507253.0,3000000.0,500000.0,100000.0,0.0,56100000.0,6900000.0,200000.0,0.0,,700000.0,300000.0,100000.0,,1268835029.0,642382826.0,209982934.0,17–32
Fast Car — Luke Combs,Fast Car,Luke Combs,['Country'],4.4214166666666666,2023-03-24,2023-04-08,44,2,56,3020000.0,3493925610.0,4400000.0,177.0,38900000.0,4997524.0,1335.0,810854.0,404181.0,289543.0,137538.0,1300000.0,500000.0,200000.0,0.0,16200000.0,7600000.0,4600000.0,1100000.0,,170000.0,100000.0,30000.0,,343068269.0,180594148.0,63537452.0,33–64
"Dogtooth — Tyler, The Creator",Dogtooth,"Tyler, The Creator","['Rap', 'Hip-Hop/Rap']",2.6840166666666665,2023-03-27,2023-04-08,81,33,4,4460000.0,1620232239.0,,,,13453457.0,499.0,,,85815.0,80223.0,,,,,,,,,,220000.0,110000.0,50000.0,,158066510.0,80768241.0,26762756.0,3–8
The Light — Juice WRLD,The Light,Juice WRLD,['Hip-Hop/Rap'],2.8703,2023-03-23,2023-04-08,86,86,1,10800000.0,5520434041.0,4500000.0,1.0,736900.0,11980983.0,173.0,-172919.0,-93423.0,-62058.0,-22557.0,1200000.0,400000.0,200000.0,0.0,,,87000.0,17700.0,,400000.0,200000.0,0.0,,535973981.0,256150647.0,78330194.0,1–2
Memory Lane — Old Dominion,Memory Lane,Old Dominion,['Country'],2.8746666666666667,2023-01-05,2023-04-08,100,27,20,407000.0,503989985.0,282300.0,383.0,1500000.0,971313.0,3227.0,46385.0,25783.0,7534.0,61.0,103300.0,38237.5,13800.0,5800.0,840700.0,500000.0,200000.0,100000.0,,,5000.0,1000.0,,,18528314.0,5579055.0,17–32
Fight The Feeling — Rod Wave,Fight The Feeling,Rod Wave,"['Rap', 'Hip-Hop/Rap']",2.6785666666666668,2023-03-31,2023-04-15,16,16,20,4860000.0,4102805020.0,3700000.0,50.0,30600000.0,6388963.0,,1510640.0,691548.0,288805.0,56317.0,500000.0,300000.0,100000.0,0.0,3700000.0,2571428.571428571,700000.0,300000.0,,360000.0,160000.0,60000.0,,531900631.0,259124879.0,82673989.0,17–32
"Sorry Not Sorry — Tyler, The Creator",Sorry Not Sorry,"Tyler, The Creator","['Rap', 'Hip-Hop/Rap']",3.4341666666666666,2023-03-31,2023-04-15,48,48,2,4550000.0,1634190062.0,,,,13529029.0,502.0,,,164181.0,140530.0,,,,,,,,,,300000.0,200000.0,130000.0,,167904374.0,91539818.0,37661536.0,1–2
Void — Melanie Martinez,Void,Melanie Martinez,['Alternative'],4.131233333333333,2023-03-10,2023-04-15,61,61,1,14200000.0,4094297571.0,7000000.0,8.0,48700000.0,13052621.0,11.0,2115444.0,986063.0,695983.0,483409.0,2400000.0,1000000.0,900000.0,800000.0,19700000.0,10400000.0,9800000.0,9400000.0,,300000.0,200000.0,100000.0,,217997427.0,110993133.0,42183031.0,1–2
Need A Favor — Jelly Roll,Need A Favor,Jelly Roll,['Country'],3.29,2023-03-10,2023-04-15,82,13,47,2720000.0,1953032548.0,3900000.0,217.0,24900000.0,1097589.0,629.0,304011.0,181713.0,90742.0,20368.0,1500000.0,900000.0,300000.0,100000.0,9800000.0,6000000.0,2500000.0,800000.0,,340000.0,150000.0,50000.0,,296346323.0,145965390.0,46190442.0,33–64
I Know — Kanii,I Know,Kanii,['Dance'],2.230483333333334,2022-02-23,2023-04-15,95,90,2,,,,,,,,,,,,,,,,,,,,,,,,,,,,1–2
Search & Rescue — Drake,Search & Rescue,Drake,['Hip-Hop/Rap'],4.535216666666667,2023-04-07,2023-04-22,2,2,20,27800000.0,14644051798.0,,,,134962476.0,316.0,28034360.0,13064834.0,6122114.0,2073718.0,,,,,,,,,,800000.0,300000.0,100000.0,,1321097447.0,618897116.0,192758808.0,17–32
Happy — NF,Happy,NF,"['Hip-Hop/Rap', 'Pop']",4.04485,2023-03-25,2023-04-22,54,54,6,9070000.0,4054382276.0,,,,3200221.0,426.0,,,,75045.0,,,,,,,,,,480000.0,350000.0,170000.0,,359225748.0,203225451.0,84390238.0,3–8
Strike (Holster) — Lil Yachty,Strike (Holster),Lil Yachty,['Hip-Hop/Rap'],2.468583333333333,2023-04-07,2023-04-22,71,71,4,2840000.0,1049574304.0,7900000.0,206.0,183900000.0,10719231.0,6.0,355558.0,365096.0,181628.0,35040.0,0.0,0.0,0.0,0.0,4100000.0,683333.3333333433,400000.0,-100000.0,,90000.0,60000.0,20000.0,,61630217.0,36174882.0,9221487.0,3–8
Peaches — Jack Black,Peaches,Jack Black,"['Soundtrack', 'Original Score']",1.590666666666667,2023-04-07,2023-04-22,83,56,5,,,15400000.0,59.0,91100000.0,9922825.0,667.0,1331688.0,968044.0,740226.0,559044.0,1200000.0,800000.0,700000.0,300000.0,8600000.0,3400000.0,2800000.0,800000.0,,,,,,,,,3–8
Never Felt So Alone — Labrinth,Never Felt So Alone,Labrinth,"['Pop', 'Alternative', 'Indie Rock']",2.6694333333333335,2023-04-07,2023-04-22,94,62,5,2720000.0,1668848819.0,1400000.0,108.0,11800000.0,1216889.0,9.0,87351.0,38333.0,14590.0,16151.0,459300.0,300000.0,100000.0,100000.0,5500000.0,3400000.0,800000.0,700000.0,,140000.0,70000.0,30000.0,,162146117.0,76390526.0,23122716.0,3–8
Chemical — Post Malone,Chemical,Post Malone,['Pop'],3.066883333333333,2023-04-14,2023-04-29,13,13,20,25100000.0,13859644540.0,14700000.0,171.0,117200000.0,23141468.0,1096.0,915926.0,175888.0,124945.0,-21509.0,4800000.0,1400000.0,300000.0,0.0,71200000.0,16550000.0,1400000.0,400000.0,,600000.0,300000.0,100000.0,,964039473.0,489847596.0,159551873.0,17–32
Daylight — David Kushner,Daylight,David Kushner,['Pop'],3.5492333333333335,2023-04-14,2023-04-29,48,33,31,129000.0,28076720.0,2900000.0,1260.0,88600000.0,345106.0,135.0,244135.0,236060.0,232254.0,209476.0,1000000.0,1000000.0,900000.0,700000.0,24100000.0,20375000.0,19300000.0,11400000.0,,69200.0,64600.0,56200.0,,11074730.0,6399151.0,3276396.0,17–32
It Matters To Her — Scotty McCreery,It Matters To Her,Scotty McCreery,['Country'],2.8646666666666665,2021-09-17,2023-04-29,100,49,10,,,,,,612060.0,694.0,17224.0,11082.0,3482.0,959.0,,,,,,,,,,,,,,,,,9–16
Haegeum — Agust D,Haegeum,Agust D,"['K-Pop', 'Pop']",2.81545,2023-04-21,2023-05-06,58,58,1,,,,,,44706594.0,117.0,11888761.0,5227099.0,2509808.0,594119.0,,,,,,,,,,,,,,,,,1–2
Big Truck — YoungBoy Never Broke Again,Big Truck,YoungBoy Never Broke Again,['Hip-Hop/Rap'],2.7724,2018-12-20,2023-05-06,100,100,1,,,,,,,,,,,,,,,,,,,,,,,,,,,,1–2
They Don't Love It — Jack Harlow,They Don't Love It,Jack Harlow,['Hip-Hop/Rap'],1.8882,2023-04-27,2023-05-13,54,54,1,2390000.0,1247736489.0,5400000.0,58.0,76200000.0,6617408.0,541.0,845581.0,-268254.0,-158679.0,-38477.0,400000.0,0.0,0.0,0.0,10500000.0,850000.0,500000.0,300000.0,,80000.0,30000.0,10000.0,,131852491.0,63797268.0,20753715.0,1–2
Wreckage — Nate Smith,Wreckage,Nate Smith,['Country'],3.54575,2023-04-17,2023-05-13,69,69,3,93800.0,55428621.0,1500000.0,1800.0,18100000.0,134027.0,676.0,97849.0,52841.0,13579.0,3323.0,400000.0,200000.0,100000.0,0.0,8000000.0,3216666.666666666,1100000.0,400000.0,,32500.0,11200.0,3100.0,,26712184.0,13874390.0,4572109.0,3–8
Waffle House — Jonas Brothers,Waffle House,Jonas Brothers,['Pop'],2.4240166666666667,2023-04-28,2023-05-13,88,57,11,5240000.0,1879524124.0,7200000.0,279.0,60700000.0,6843184.0,1066.0,-274480.0,-39644.0,53888.0,38042.0,300000.0,300000.0,300000.0,100000.0,7600000.0,6000000.0,5600000.0,2200000.0,,30000.0,20000.0,10000.0,,87494159.0,46643175.0,15864704.0,9–16
People — Libianca,People,Libianca,"['Afrobeats', 'African', 'Dance']",1.0545666666666669,2023-03-24,2023-05-13,91,80,8,330000.0,62784903.0,,,,323167.0,116.0,307859.0,308932.0,281744.0,72777.0,,,,,,,,,,328460.0,322310.0,165000.0,,62719833.0,62612286.0,39447105.0,3–8
Common Ground — Jack Harlow,Common Ground,Jack Harlow,['Hip-Hop/Rap'],1.6737333333333333,2023-04-27,2023-05-13,96,96,1,2390000.0,1247736489.0,5400000.0,58.0,76200000.0,6617408.0,541.0,845581.0,-268254.0,-158679.0,-38477.0,400000.0,0.0,0.0,0.0,10500000.0,850000.0,500000.0,300000.0,,80000.0,30000.0,10000.0,,131852491.0,63797268.0,20753715.0,1–2
Area Codes — Kali,Area Codes,Kali,['Hip-Hop/Rap'],2.3221,2022-04-01,2023-05-20,54,33,8,,,464600.0,249.0,8800000.0,443673.0,318.0,292164.0,135063.0,49032.0,22053.0,,,44300.0,14600.0,,,1000000.0,400000.0,,,,,,,,,3–8
Go Hard — Lil Baby,Go Hard,Lil Baby,"['Hip-Hop/Rap', 'Dirty South', 'Rock']",3.5022166666666665,2002-07-23,2023-05-20,59,59,3,,,,,,,,,,,,,,,,,,,,,,,,,,,,3–8
Religiously — Bailey Zimmerman,Religiously,Bailey Zimmerman,['Country'],2.9787166666666667,2023-03-17,2023-05-20,66,13,25,307000.0,247571664.0,2200000.0,803.0,33200000.0,731083.0,615.0,668612.0,432707.0,243312.0,61973.0,1574100.0,600000.0,400000.0,200000.0,26400000.0,11700000.0,7042857.142857142,2800000.0,,147000.0,77000.0,24000.0,,158291610.0,82855951.0,26705688.0,17–32
Mathematical Disrespect — Lil Mabu,Mathematical Disrespect,Lil Mabu,['Hip-Hop/Rap'],1.4717333333333331,2023-05-05,2023-05-20,90,47,4,747000.0,236384972.0,2000000.0,,54700000.0,654001.0,55.0,498209.0,358940.0,225695.0,55253.0,1602600.0,300000.0,0.0,0.0,41600000.0,8200000.0,0.0,0.0,,547000.0,355000.0,91000.0,,185409895.0,131110066.0,30837175.0,3–8
Shake Sumn — DaBaby,Shake Sumn,DaBaby,['Hip-Hop/Rap'],2.0801,2023-05-05,2023-05-20,92,65,16,10000000.0,4703360183.0,8300000.0,77.0,39400000.0,20812574.0,34.0,66689.0,-296077.0,-201385.0,-112891.0,1600000.0,1100000.0,200000.0,100000.0,14600000.0,15300000.0,3900000.0,2700000.0,,140000.0,70000.0,20000.0,,215133537.0,109598893.0,37373609.0,9–16
Curtains — Ed Sheeran,Curtains,Ed Sheeran,['Pop'],3.746733333333333,2023-05-05,2023-05-20,97,97,1,53200000.0,29809112933.0,13300000.0,,143100000.0,43477641.0,2161.0,5329084.0,2474578.0,1443190.0,432323.0,2400000.0,300000.0,0.0,0.0,47100000.0,1166666.6666666567,0.0,0.0,,600000.0,300000.0,100000.0,,1324518105.0,691855587.0,234077020.0,1–2
Bitch Let's Do It — YoungBoy Never Broke Again,Bitch Let's Do It,YoungBoy Never Broke Again,['Hip-Hop/Rap'],3.085283333333334,2023-05-12,2023-05-27,62,62,1,12500000.0,12798022157.0,,,,,,,,,,,,,,,,,,,600000.0,300000.0,100000.0,,1095145828.0,549158017.0,198268666.0,1–2
Acrostico — Shakira,Acrostico,Shakira,"['Pop Latino', 'Latin']",2.846433333333333,2023-05-12,2023-05-27,84,84,1,41900000.0,26759527722.0,36200000.0,209.0,222500000.0,86076819.0,2071.0,13792702.0,8944854.0,3823631.0,342488.0,17000000.0,9600000.0,1700000.0,0.0,139000000.0,76500000.0,12100000.0,1200000.0,,3400000.0,1300000.0,300000.0,,2126222921.0,991726927.0,283157242.0,1–2
Bury Me In Georgia — Kane Brown,Bury Me In Georgia,Kane Brown,['Country'],4.024666666666667,2022-09-09,2023-05-27,85,34,19,3340000.0,2317536782.0,5100000.0,73.0,29400000.0,3248568.0,263.0,404706.0,210572.0,96030.0,22592.0,1300000.0,500000.0,300000.0,100000.0,11900000.0,6700000.0,4500000.0,1200000.0,,,,,,,,,17–32
F**k The Industry Pt. 2 — YoungBoy Never Broke Again,F**k The Industry Pt. 2,YoungBoy Never Broke Again,[],,,2023-05-27,87,87,1,,,,,,,,,,,,,,,,,,,,,,,,,,,,1–2
Everything She Ain't — Hailey Whitters,Everything She Ain't,Hailey Whitters,['Country'],2.532883333333334,2022-03-18,2023-05-27,94,94,1,,,,,,41190.0,752.0,11008.0,6154.535211267605,3691.0,2177.0,,,,,,,,,,,,,,,,,1–2
Your Heart Or Mine — Jon Pardi,Your Heart Or Mine,Jon Pardi,['Country'],2.6866666666666665,2022-09-02,2023-05-27,95,47,17,,,236700.0,49.0,1200000.0,779371.0,1727.0,,49827.0,22456.0,8372.0,66200.0,55800.0,10300.0,5100.0,404200.0,369800.0,0.0,0.0,,,,,,,,,17–32
I Heard — YoungBoy Never Broke Again,I Heard,YoungBoy Never Broke Again,['Hip-Hop/Rap'],3.0580666666666665,2023-05-12,2023-05-27,98,98,1,12500000.0,12798022157.0,,,,,,,,,,,,,,,,,,,600000.0,300000.0,100000.0,,1095145828.0,549158017.0,198268666.0,1–2
Where She Goes — Bad Bunny,Where She Goes,Bad Bunny,['Latin'],3.8617333333333335,2023-05-18,2023-06-03,8,8,20,45800000.0,29892415689.0,31300000.0,45.0,320200000.0,45619174.0,1.0,6094287.0,1671986.0,852089.024390243,341442.0,13200000.0,2300000.0,500000.0,300000.0,173600000.0,48300000.0,11500000.0,6100000.0,,1400000.0,500000.0,200000.0,,3144456035.0,1304246241.0,403681250.0,17–32
TQM — Fuerza Regida,TQM,Fuerza Regida,"['Música Mexicana', 'Latin']",2.6494166666666668,2023-05-19,2023-06-03,35,34,17,2160000.0,2066119437.0,2300000.0,302.0,33000000.0,3177056.0,1554.0,,1629880.0,1122821.0,368338.0,1905000.0,1200000.0,600000.0,0.0,28700000.0,18833333.333333336,11100000.0,2600000.0,,1050000.0,560000.0,150000.0,,1192284409.0,715732280.0,225757527.0,17–32
Mourning — Post Malone,Mourning,Post Malone,['Pop'],2.46365,2023-05-19,2023-06-03,36,36,13,25200000.0,14060592051.0,14900000.0,180.0,119600000.0,23501740.0,1111.0,1278150.0,494891.0,451692.0,280022.0,4600000.0,800000.0,300000.0,200000.0,69400000.0,7100000.0,3000000.0,2100000.0,,500000.0,300000.0,100000.0,,977198479.0,499682375.0,172442094.0,9–16
Say Yes To Heaven — Lana Del Rey,Say Yes To Heaven,Lana Del Rey,['Alternative'],2.601933333333333,2023-05-19,2023-06-03,54,54,3,13700000.0,6633988964.0,3100000.0,1.0,543200.0,,,,,,,,,900000.0,200000.0,,,183200.0,33600.0,,1200000.0,600000.0,200000.0,,643377468.0,347547848.0,121675495.0,3–8
You — Dan + Shay,You,Dan + Shay,['Country'],3.270883333333334,2021-08-13,2023-06-03,87,87,1,,,,,,1123288.0,2457.0,39846.0,23889.0,12439.0,6974.0,,,,,,,,,,,,,,,,,1–2
Hits Different — Taylor Swift,Hits Different,Taylor Swift,['Pop'],3.907783333333333,2022-10-21,2023-06-10,27,27,3,48000000.0,26143582352.0,14100000.0,,126200000.0,228551226.0,553.0,45966363.0,20788215.0,8587934.0,3772450.0,,2396000.0,941379.3103448284,0.0,,24996000.0,9862068.965517238,0.0,,,,500000.0,,,,241419220.0,3–8
Pelle Coat — Lil Durk,Pelle Coat,Lil Durk,"['Rap', 'Hip-Hop/Rap']",4.228983333333334,2023-05-24,2023-06-10,35,35,2,5200000.0,4268621022.0,2400000.0,35.0,7200000.0,14667540.0,33.0,1182437.0,541727.3103448283,496901.0,227731.0,500000.0,300000.0,200000.0,200000.0,2900000.0,1600000.0,1300000.0,1300000.0,,440000.0,270000.0,190000.0,,513287600.0,247762093.0,95129616.0,1–2
Dance The Night — Dua Lipa,Dance The Night,Dua Lipa,['Pop'],2.9429833333333333,2023-05-27,2023-06-10,43,6,35,21600000.0,11068935970.0,9000000.0,61.0,18000000.0,88229783.0,1455.0,4776892.0,766471.0,458390.0,408431.0,800000.0,100000.0,100000.0,0.0,-2600000.0,1700000.0,1300000.0,1100000.0,,300000.0,100000.0,0.0,,693881278.0,339400924.0,113056839.0,33–64
Bye — Peso Pluma,Bye,Peso Pluma,"['Música Mexicana', 'Latin']",3.5496,2023-06-23,2023-06-10,53,48,9,2570000.0,759828533.0,4200000.0,18.0,18800000.0,9467057.0,27.0,,8728895.0,6206078.0,1305896.0,,,3225200.0,700000.0,,,14400000.0,5200000.0,,,2043000.0,750000.0,,,561276860.0,224106225.0,9–16
Never Again — Lil Durk,Never Again,Lil Durk,"['Rap', 'Hip-Hop/Rap']",2.3306666666666667,2023-05-26,2023-06-10,62,62,1,5240000.0,4276203524.0,2400000.0,37.0,7400000.0,14701836.0,36.0,1181489.0,578444.068965517,518834.0,253793.0,500000.0,300000.0,200000.0,200000.0,3100000.0,1800000.0,1500000.0,1500000.0,,480000.0,310000.0,230000.0,,515618466.0,250138660.0,98016467.0,1–2
Put Em On Ice — Lil Durk,Put Em On Ice,Lil Durk,[],,,2023-06-10,72,72,1,,,,,,,,,,,,,,,,,,,,,,,,,,,,1–2
300 Urus — Lil Durk,300 Urus,Lil Durk,"['Rap', 'Hip-Hop/Rap']",3.4107,2023-05-26,2023-06-10,73,73,1,5240000.0,4276203524.0,2400000.0,37.0,7400000.0,14701836.0,36.0,1181489.0,578444.068965517,518834.0,253793.0,500000.0,300000.0,200000.0,200000.0,3100000.0,1800000.0,1500000.0,1500000.0,,480000.0,310000.0,230000.0,,515618466.0,250138660.0,98016467.0,1–2
Sad Songs — Lil Durk,Sad Songs,Lil Durk,"['Rap', 'Hip-Hop/Rap']",2.6043666666666665,2023-05-26,2023-06-10,74,74,1,5240000.0,4276203524.0,2400000.0,37.0,7400000.0,14701836.0,36.0,1181489.0,578444.068965517,518834.0,253793.0,500000.0,300000.0,200000.0,200000.0,3100000.0,1800000.0,1500000.0,1500000.0,,480000.0,310000.0,230000.0,,515618466.0,250138660.0,98016467.0,1–2
Before Fajr — Lil Durk,Before Fajr,Lil Durk,"['Rap', 'Hip-Hop/Rap']",2.0021333333333335,2023-05-26,2023-06-10,82,82,1,5240000.0,4276203524.0,2400000.0,37.0,7400000.0,14701836.0,36.0,1181489.0,578444.068965517,518834.0,253793.0,500000.0,300000.0,200000.0,200000.0,3100000.0,1800000.0,1500000.0,1500000.0,,480000.0,310000.0,230000.0,,515618466.0,250138660.0,98016467.0,1–2
B12 — Lil Durk,B12,Lil Durk,"['Rap', 'Hip-Hop/Rap']",2.7180833333333334,2023-05-26,2023-06-10,83,83,1,5240000.0,4276203524.0,2400000.0,37.0,7400000.0,14701836.0,36.0,1181489.0,578444.068965517,518834.0,253793.0,500000.0,300000.0,200000.0,200000.0,3100000.0,1800000.0,1500000.0,1500000.0,,480000.0,310000.0,230000.0,,515618466.0,250138660.0,98016467.0,1–2
You Got Em — Lil Durk,You Got Em,Lil Durk,[],,,2023-06-10,86,86,1,,,,,,,,,,,,,,,,,,,,,,,,,,,,1–2
Bread & Butter — Gunna,Bread & Butter,Gunna,['Hip-Hop/Rap'],3.7666666666666666,2023-06-02,2023-06-17,48,48,4,2140000.0,1334703495.0,1700000.0,0.0,21000000.0,4447496.0,1.0,-31241.0,-9817.0,-76656.0,-18402.0,0.0,0.0,0.0,0.0,100000.0,0.0,0.0,0.0,,80000.0,40000.0,30000.0,,110682621.0,50476048.0,18109052.0,3–8
Ocean Spray — Moneybagg Yo,Ocean Spray,Moneybagg Yo,['Hip-Hop/Rap'],2.746266666666666,2023-05-24,2023-06-17,69,69,2,3020000.0,3079949320.0,1200000.0,15.0,5900000.0,8729620.0,36.0,581680.0,254487.5,148650.0,14391.0,,,,0.0,,,,0.0,,190000.0,80000.0,30000.0,,299972616.0,154525274.0,54130449.0,1–2
Dial Drunk — Noah Kahan,Dial Drunk,Noah Kahan,['Alternative'],3.563616666666667,2023-06-09,2023-06-24,43,39,5,337000.0,230118113.0,1100000.0,355.0,26200000.0,494996.0,781.0,369291.0,237775.0,152624.0,94296.0,,398560.0,277500.0,187100.0,,10940000.0,6700000.0,4400000.0,,38000.0,19000.0,9000.0,,41154421.0,19968556.0,6952037.0,3–8
Take Two — BTS,Take Two,BTS,"['K-Pop', 'Pop']",3.83255,2023-06-09,2023-06-24,48,48,1,75100000.0,20512103411.0,60000000.0,103.0,1100000000.0,73524230.0,1441.0,8698762.0,3767296.0,1173278.0,310354.0,9400000.0,4500000.0,1900000.0,500000.0,298200000.0,197600000.0,110000000.0,0.0,,2700000.0,1200000.0,500000.0,,1738451109.0,785656253.0,234897078.0,1–2
Truck Bed — HARDY,Truck Bed,HARDY,['Rock'],2.79225,2022-10-10,2023-06-24,89,27,41,278000.0,288303662.0,308600.0,,1500000.0,776851.0,751.0,392004.0,229343.0,137014.0,69350.0,,154033.33333333334,83800.0,29660.0,,985933.3333333333,533050.0,200000.0,,,,20000.0,,,,16679707.0,33–64
Fukumean — Gunna,Fukumean,Gunna,['Hip-Hop/Rap'],2.084,2023-05-15,2023-07-01,16,4,32,2120000.0,1323709109.0,1700000.0,233.0,21000000.0,4457055.0,1.0,-17715.0,6652.0,-72352.0,-23719.0,0.0,0.0,0.0,0.0,200000.0,0.0,0.0,0.0,,70000.0,30000.0,10000.0,,112862260.0,49904318.0,16809727.0,17–32
Back To The Moon — Gunna,Back To The Moon,Gunna,['Hip-Hop/Rap'],3.2222166666666667,2023-06-16,2023-07-01,29,29,2,2170000.0,1350074138.0,1700000.0,3.0,21000000.0,4452466.0,5.0,-40730.0,-63552.0,-58300.0,-2950.0,,0.0,0.0,0.0,,0.0,0.0,0.0,,110000.0,70000.0,50000.0,,115037906.0,58286947.0,25614038.0,1–2
Attention — Doja Cat,Attention,Doja Cat,"['Hip-Hop/Rap', 'Pop']",4.6174,2023-06-16,2023-07-01,31,31,3,11600000.0,6631775215.0,26200000.0,1.0,1200000.0,26162260.0,26.0,1887868.0,1230158.333333332,217594.0,-21305.0,900000.0,100000.0,-100000.0,0.0,-330800000.0,-361900000.0,239100.0,239100.0,,300000.0,200000.0,100000.0,,667115687.0,315962923.0,98561287.0,3–8
Rodeo Dr — Gunna,Rodeo Dr,Gunna,['Hip-Hop/Rap'],2.949116666666667,2023-06-16,2023-07-01,42,42,2,2170000.0,1350074138.0,1700000.0,3.0,21000000.0,4452466.0,5.0,-40730.0,-63552.0,-58300.0,-2950.0,,0.0,0.0,0.0,,0.0,0.0,0.0,,110000.0,70000.0,50000.0,,115037906.0,58286947.0,25614038.0,1–2
Back At It — Gunna,Back At It,Gunna,['Hip-Hop/Rap'],3.102883333333333,2023-06-16,2023-07-01,51,51,1,2170000.0,1350074138.0,1700000.0,3.0,21000000.0,4452466.0,5.0,-40730.0,-63552.0,-58300.0,-2950.0,,0.0,0.0,0.0,,0.0,0.0,0.0,,110000.0,70000.0,50000.0,,115037906.0,58286947.0,25614038.0,1–2
Ca$h $hit — Gunna,Ca$h $hit,Gunna,[],,,2023-07-01,60,60,1,,,,,,,,,,,,,,,,,,,,,,,,,,,,1–2
Bottom — Gunna,Bottom,Gunna,['Hip-Hop/Rap'],2.955783333333333,2023-06-16,2023-07-01,62,62,1,2170000.0,1350074138.0,1700000.0,3.0,21000000.0,4452466.0,5.0,-40730.0,-63552.0,-58300.0,-2950.0,,0.0,0.0,0.0,,0.0,0.0,0.0,,110000.0,70000.0,50000.0,,115037906.0,58286947.0,25614038.0,1–2
IDK NoMore — Gunna,IDK NoMore,Gunna,['Hip-Hop/Rap'],2.9913333333333334,2023-06-16,2023-07-01,76,76,1,2170000.0,1350074138.0,1700000.0,3.0,21000000.0,4452466.0,5.0,-40730.0,-63552.0,-58300.0,-2950.0,,0.0,0.0,0.0,,0.0,0.0,0.0,,110000.0,70000.0,50000.0,,115037906.0,58286947.0,25614038.0,1–2
P Angels — Gunna,P Angels,Gunna,['Hip-Hop/Rap'],2.936,2023-06-15,2023-07-01,77,77,1,2160000.0,1349493863.0,1700000.0,1.0,21000000.0,4441672.0,3.0,-47088.0,-59230.0,-70065.0,-14515.0,,0.0,0.0,0.0,100000.0,0.0,0.0,0.0,,100000.0,60000.0,40000.0,,115357349.0,58618551.0,25249009.0,1–2
Paybach — Gunna,Paybach,Gunna,['Hip-Hop/Rap'],2.8922166666666667,2023-06-16,2023-07-01,83,83,1,2170000.0,1350074138.0,1700000.0,3.0,21000000.0,4452466.0,5.0,-40730.0,-63552.0,-58300.0,-2950.0,,0.0,0.0,0.0,,0.0,0.0,0.0,,110000.0,70000.0,50000.0,,115037906.0,58286947.0,25614038.0,1–2
Go Crazy — Gunna,Go Crazy,Gunna,['Hip-Hop/Rap'],2.8893333333333335,2023-06-15,2023-07-01,94,94,1,2160000.0,1349493863.0,1700000.0,1.0,21000000.0,4441672.0,3.0,-47088.0,-59230.0,-70065.0,-14515.0,,0.0,0.0,0.0,100000.0,0.0,0.0,0.0,,100000.0,60000.0,40000.0,,115357349.0,58618551.0,25249009.0,1–2
Girl In Mine — Parmalee,Girl In Mine,Parmalee,['Country'],2.5853333333333333,2021-07-30,2023-07-01,97,81,9,,,,,,114409.0,182.0,2865.0,2611.0,1978.0,1010.0,,,,,,,,,,,,,,,,,9–16
Sabor Fresa — Fuerza Regida,Sabor Fresa,Fuerza Regida,"['Música Mexicana', 'Latin']",2.60835,2023-06-22,2023-07-08,26,26,16,2370000.0,2325261668.0,2600000.0,312.0,36100000.0,3601900.0,1593.0,2416306.0,1956510.0,1172466.0,379239.0,2159800.0,1400000.0,500000.0,300000.0,31100000.0,20450000.0,8800000.0,2900000.0,,1170000.0,550000.0,180000.0,,1368179876.0,728452578.0,223581835.0,9–16
Rubicon — Peso Pluma,Rubicon,Peso Pluma,"['Música Mexicana', 'Latin']",3.9741166666666663,2023-06-23,2023-07-08,63,63,12,2570000.0,759828533.0,4200000.0,18.0,18800000.0,9467057.0,27.0,,8728895.0,6206078.0,1305896.0,,,3225200.0,700000.0,,,14400000.0,5200000.0,,,2043000.0,750000.0,,,561276860.0,224106225.0,9–16
Money On The Dresser — Young Thug,Money On The Dresser,Young Thug,['Hip-Hop/Rap'],2.216666666666667,2023-06-22,2023-07-08,78,78,1,6060000.0,4036077753.0,1300000.0,111.0,8300000.0,9482637.0,1.0,-31884.0,83322.0,69402.0,91375.0,100000.0,0.0,0.0,0.0,200000.0,100000.0,100000.0,100000.0,,150000.0,70000.0,20000.0,,234683692.0,112792183.0,36105649.0,1–2
Uncle M — Young Thug,Uncle M,Young Thug,['Hip-Hop/Rap'],2.3333333333333335,2023-06-22,2023-07-08,81,81,1,6060000.0,4036077753.0,1300000.0,111.0,8300000.0,9482637.0,1.0,-31884.0,83322.0,69402.0,91375.0,100000.0,0.0,0.0,0.0,200000.0,100000.0,100000.0,100000.0,,150000.0,70000.0,20000.0,,234683692.0,112792183.0,36105649.0,1–2
Nueva Vida — Peso Pluma,Nueva Vida,Peso Pluma,"['Música Mexicana', 'Latin']",3.178,2023-06-23,2023-07-08,86,86,1,2570000.0,759828533.0,4200000.0,18.0,18800000.0,9467057.0,27.0,,8728895.0,6206078.0,1305896.0,,,3225200.0,700000.0,,,14400000.0,5200000.0,,,2043000.0,750000.0,,,561276860.0,224106225.0,1–2
Watermelon Moonshine — Lainey Wilson,Watermelon Moonshine,Lainey Wilson,['Country'],3.4808833333333333,2022-08-12,2023-07-08,89,21,20,,,439500.0,,3900000.0,170144.0,2710.0,93219.0,54051.0,27494.0,8518.0,154800.0,38200.0,11800.0,2433.333333333314,1400000.0,500000.0,200000.0,0.0,,,,,,,,,17–32
Gucci Grocery Bag — Young Thug,Gucci Grocery Bag,Young Thug,['Hip-Hop/Rap'],2.9188833333333335,2023-06-22,2023-07-08,100,100,1,6060000.0,4036077753.0,1300000.0,111.0,8300000.0,9482637.0,1.0,-31884.0,83322.0,69402.0,91375.0,100000.0,0.0,0.0,0.0,200000.0,100000.0,100000.0,100000.0,,150000.0,70000.0,20000.0,,234683692.0,112792183.0,36105649.0,1–2
Vampire — Olivia Rodrigo,Vampire,Olivia Rodrigo,['Pop'],3.6620666666666666,2023-06-30,2023-07-15,1,1,35,10500000.0,3235044442.0,15700000.0,20.0,100100000.0,32129644.0,223.0,5244422.0,2970722.0,1117531.0,486544.0,,533333.333333334,300000.0,200000.0,,6433333.333333328,5900000.0,5700000.0,,500000.0,300000.0,200000.0,,311808448.0,159985079.0,61558225.0,33–64
Flooded The Face — Lil Uzi Vert,Flooded The Face,Lil Uzi Vert,['Hip-Hop/Rap'],3.2121166666666667,2023-06-30,2023-07-15,11,11,4,9330000.0,4561096209.0,2300000.0,18.0,19800000.0,,,,,,,,300000.0,100000.0,0.0,,1750000.0,700000.0,600000.0,,360000.0,160000.0,70000.0,,352485416.0,160358555.0,53273572.0,3–8
Suicide Doors — Lil Uzi Vert,Suicide Doors,Lil Uzi Vert,['Hip-Hop/Rap'],4.318,2023-06-30,2023-07-15,25,25,1,9330000.0,4561096209.0,2300000.0,18.0,19800000.0,,,,,,,,300000.0,100000.0,0.0,,1750000.0,700000.0,600000.0,,360000.0,160000.0,70000.0,,352485416.0,160358555.0,53273572.0,1–2
I Gotta — Lil Uzi Vert,I Gotta,Lil Uzi Vert,['Hip-Hop/Rap'],2.88375,2023-06-30,2023-07-15,49,49,1,9330000.0,4561096209.0,2300000.0,18.0,19800000.0,,,,,,,,300000.0,100000.0,0.0,,1750000.0,700000.0,600000.0,,360000.0,160000.0,70000.0,,352485416.0,160358555.0,53273572.0,1–2
Spin Again — Lil Uzi Vert,Spin Again,Lil Uzi Vert,['Hip-Hop/Rap'],1.6295,2023-06-30,2023-07-15,51,51,1,9330000.0,4561096209.0,2300000.0,18.0,19800000.0,,,,,,,,300000.0,100000.0,0.0,,1750000.0,700000.0,600000.0,,360000.0,160000.0,70000.0,,352485416.0,160358555.0,53273572.0,1–2
Crush Em — Lil Uzi Vert,Crush Em,Lil Uzi Vert,['Hip-Hop/Rap'],2.7598166666666666,2023-06-30,2023-07-15,52,52,1,9330000.0,4561096209.0,2300000.0,18.0,19800000.0,,,,,,,,300000.0,100000.0,0.0,,1750000.0,700000.0,600000.0,,360000.0,160000.0,70000.0,,352485416.0,160358555.0,53273572.0,1–2
X2 — Lil Uzi Vert,X2,Lil Uzi Vert,['Hip-Hop/Rap'],3.9054,2023-06-30,2023-07-15,53,53,1,9330000.0,4561096209.0,2300000.0,18.0,19800000.0,,,,,,,,300000.0,100000.0,0.0,,1750000.0,700000.0,600000.0,,360000.0,160000.0,70000.0,,352485416.0,160358555.0,53273572.0,1–2
Pluto To Mars — Lil Uzi Vert,Pluto To Mars,Lil Uzi Vert,['Hip-Hop/Rap'],4.1082833333333335,2023-06-30,2023-07-15,60,60,1,9330000.0,4561096209.0,2300000.0,18.0,19800000.0,,,,,,,,300000.0,100000.0,0.0,,1750000.0,700000.0,600000.0,,360000.0,160000.0,70000.0,,352485416.0,160358555.0,53273572.0,1–2
"Mama, I'm Sorry — Lil Uzi Vert","Mama, I'm Sorry",Lil Uzi Vert,['Hip-Hop/Rap'],3.516016666666667,2023-06-29,2023-07-15,65,65,1,9300000.0,4555754515.0,2300000.0,18.0,19700000.0,,,,,,,,300000.0,100000.0,0.0,,1700000.0,600000.0,500000.0,,330000.0,130000.0,40000.0,,348861749.0,156886829.0,49087686.0,1–2
Amped — Lil Uzi Vert,Amped,Lil Uzi Vert,['Hip-Hop/Rap'],2.88435,2023-06-30,2023-07-15,67,67,1,9330000.0,4561096209.0,2300000.0,18.0,19800000.0,,,,,,,,300000.0,100000.0,0.0,,1750000.0,700000.0,600000.0,,360000.0,160000.0,70000.0,,352485416.0,160358555.0,53273572.0,1–2
Nakamura — Lil Uzi Vert,Nakamura,Lil Uzi Vert,['Hip-Hop/Rap'],3.29835,2023-06-30,2023-07-15,71,71,1,9330000.0,4561096209.0,2300000.0,18.0,19800000.0,,,,,,,,300000.0,100000.0,0.0,,1750000.0,700000.0,600000.0,,360000.0,160000.0,70000.0,,352485416.0,160358555.0,53273572.0,1–2
All Alone — Lil Uzi Vert,All Alone,Lil Uzi Vert,[],,,2023-07-15,76,76,1,,,,,,,,,,,,,,,,,,,,,,,,,,,,1–2
Died And Came Back — Lil Uzi Vert,Died And Came Back,Lil Uzi Vert,['Hip-Hop/Rap'],3.0106,2023-06-29,2023-07-15,78,78,1,9300000.0,4555754515.0,2300000.0,18.0,19700000.0,,,,,,,,300000.0,100000.0,0.0,,1700000.0,600000.0,500000.0,,330000.0,130000.0,40000.0,,348861749.0,156886829.0,49087686.0,1–2
Zoom — Lil Uzi Vert,Zoom,Lil Uzi Vert,['Hip-Hop/Rap'],2.766883333333334,2023-06-30,2023-07-15,92,92,1,9330000.0,4561096209.0,2300000.0,18.0,19800000.0,,,,,,,,300000.0,100000.0,0.0,,1750000.0,700000.0,600000.0,,360000.0,160000.0,70000.0,,352485416.0,160358555.0,53273572.0,1–2
That Fiya — Lil Uzi Vert,That Fiya,Lil Uzi Vert,['Hip-Hop/Rap'],2.5805333333333333,2023-06-30,2023-07-15,93,93,1,9330000.0,4561096209.0,2300000.0,18.0,19800000.0,,,,,,,,300000.0,100000.0,0.0,,1750000.0,700000.0,600000.0,,360000.0,160000.0,70000.0,,352485416.0,160358555.0,53273572.0,1–2
We Didn't Start The Fire — Fall Out Boy,We Didn't Start The Fire,Fall Out Boy,"['Alternative', 'Rock']",3.5921833333333333,2023-03-24,2023-07-15,94,94,1,5700000.0,3475504132.0,323300.0,74.0,1600000.0,3169661.0,1802.0,236087.0,89869.0,71018.0,24104.0,113700.0,100500.0,94900.0,5100.0,1305300.0,1286900.0,1284150.0,300000.0,,90000.0,50000.0,10000.0,,211279180.0,112884469.0,37595520.0,1–2
I Can See You (Taylor's Version) (From The Vault) — Taylor Swift,I Can See You (Taylor's Version) (From The Vault),Taylor Swift,['Pop'],4.950333333333333,2021-11-12,2023-07-22,5,5,7,,,6400000.0,17.0,52000000.0,184368893.0,518.0,43566692.0,26722673.0,11620070.0,2446609.0,,,,,,,,,,,,,,,,,3–8
Mine (Taylor's Version) — Taylor Swift,Mine (Taylor's Version),Taylor Swift,['Pop'],3.8492333333333337,2021-11-12,2023-07-22,15,15,2,,,6400000.0,17.0,52000000.0,184368893.0,518.0,43566692.0,26722673.0,11620070.0,2446609.0,,,,,,,,,,,,,,,,,1–2
Back To December (Taylor's Version) — Taylor Swift,Back To December (Taylor's Version),Taylor Swift,['Pop'],3.7182166666666663,2021-11-12,2023-07-22,16,16,2,,,6400000.0,17.0,52000000.0,184368893.0,518.0,43566692.0,26722673.0,11620070.0,2446609.0,,,,,,,,,,,,,,,,,1–2
Enchanted (Taylor's Version) — Taylor Swift,Enchanted (Taylor's Version),Taylor Swift,['Pop'],5.486,2021-11-12,2023-07-22,19,19,3,,,6400000.0,17.0,52000000.0,184368893.0,518.0,43566692.0,26722673.0,11620070.0,2446609.0,,,,,,,,,,,,,,,,,3–8
Sparks Fly (Taylor's Version) — Taylor Swift,Sparks Fly (Taylor's Version),Taylor Swift,['Pop'],5.486,2021-11-12,2023-07-22,22,22,2,,,6400000.0,17.0,52000000.0,184368893.0,518.0,43566692.0,26722673.0,11620070.0,2446609.0,,,,,,,,,,,,,,,,,1–2
Dear John (Taylor's Version) — Taylor Swift,Dear John (Taylor's Version),Taylor Swift,['Pop'],5.486,2021-11-12,2023-07-22,26,26,1,,,6400000.0,17.0,52000000.0,184368893.0,518.0,43566692.0,26722673.0,11620070.0,2446609.0,,,,,,,,,,,,,,,,,1–2
Better Than Revenge (Taylor's Version) — Taylor Swift,Better Than Revenge (Taylor's Version),Taylor Swift,['Pop'],3.7182166666666663,2021-11-12,2023-07-22,28,28,1,,,6400000.0,17.0,52000000.0,184368893.0,518.0,43566692.0,26722673.0,11620070.0,2446609.0,,,,,,,,,,,,,,,,,1–2
Speak Now (Taylor's Version) — Taylor Swift,Speak Now (Taylor's Version),Taylor Swift,['Pop'],3.7182166666666663,2021-11-12,2023-07-22,33,33,1,,,6400000.0,17.0,52000000.0,184368893.0,518.0,43566692.0,26722673.0,11620070.0,2446609.0,,,,,,,,,,,,,,,,,1–2
When Emma Falls In Love (Taylor's Version) (From The Vault) — Taylor Swift,When Emma Falls In Love (Taylor's Version) (From The Vault),Taylor Swift,['Pop'],4.950333333333333,2021-11-12,2023-07-22,34,34,1,,,6400000.0,17.0,52000000.0,184368893.0,518.0,43566692.0,26722673.0,11620070.0,2446609.0,,,,,,,,,,,,,,,,,1–2
Mean (Taylor's Version) — Taylor Swift,Mean (Taylor's Version),Taylor Swift,['Pop'],3.8492333333333337,2021-11-12,2023-07-22,39,39,1,,,6400000.0,17.0,52000000.0,184368893.0,518.0,43566692.0,26722673.0,11620070.0,2446609.0,,,,,,,,,,,,,,,,,1–2
Foolish One (Taylor's Version) (From The Vault) — Taylor Swift,Foolish One (Taylor's Version) (From The Vault),Taylor Swift,['Pop'],4.950333333333333,2021-11-12,2023-07-22,40,40,1,,,6400000.0,17.0,52000000.0,184368893.0,518.0,43566692.0,26722673.0,11620070.0,2446609.0,,,,,,,,,,,,,,,,,1–2
The Story Of Us (Taylor's Version) — Taylor Swift,The Story Of Us (Taylor's Version),Taylor Swift,['Pop'],3.7182166666666663,2021-11-12,2023-07-22,42,42,1,,,6400000.0,17.0,52000000.0,184368893.0,518.0,43566692.0,26722673.0,11620070.0,2446609.0,,,,,,,,,,,,,,,,,1–2
Timeless (Taylor's Version) (From The Vault) — Taylor Swift,Timeless (Taylor's Version) (From The Vault),Taylor Swift,['Pop'],3.338016666666667,2021-11-12,2023-07-22,48,48,1,,,6400000.0,17.0,52000000.0,184368893.0,518.0,43566692.0,26722673.0,11620070.0,2446609.0,,,,,,,,,,,,,,,,,1–2
Haunted (Taylor's Version) — Taylor Swift,Haunted (Taylor's Version),Taylor Swift,['Pop'],3.8492333333333337,2021-11-12,2023-07-22,50,50,1,,,6400000.0,17.0,52000000.0,184368893.0,518.0,43566692.0,26722673.0,11620070.0,2446609.0,,,,,,,,,,,,,,,,,1–2
Long Live (Taylor's Version) — Taylor Swift,Long Live (Taylor's Version),Taylor Swift,['Pop'],3.7182166666666663,2021-11-12,2023-07-22,53,53,1,,,6400000.0,17.0,52000000.0,184368893.0,518.0,43566692.0,26722673.0,11620070.0,2446609.0,,,,,,,,,,,,,,,,,1–2
Last Kiss (Taylor's Version) — Taylor Swift,Last Kiss (Taylor's Version),Taylor Swift,['Pop'],5.486,2021-11-12,2023-07-22,57,57,1,,,6400000.0,17.0,52000000.0,184368893.0,518.0,43566692.0,26722673.0,11620070.0,2446609.0,,,,,,,,,,,,,,,,,1–2
Never Grow Up (Taylor's Version) — Taylor Swift,Never Grow Up (Taylor's Version),Taylor Swift,['Pop'],3.8492333333333337,2021-11-12,2023-07-22,58,58,1,,,6400000.0,17.0,52000000.0,184368893.0,518.0,43566692.0,26722673.0,11620070.0,2446609.0,,,,,,,,,,,,,,,,,1–2
Innocent (Taylor's Version) — Taylor Swift,Innocent (Taylor's Version),Taylor Swift,['Pop'],5.486,2021-11-12,2023-07-22,63,63,1,,,6400000.0,17.0,52000000.0,184368893.0,518.0,43566692.0,26722673.0,11620070.0,2446609.0,,,,,,,,,,,,,,,,,1–2
Super Shy — NewJeans,Super Shy,NewJeans,"['K-Pop', 'Pop']",2.5777833333333335,2023-07-07,2023-07-22,66,48,8,3960000.0,1281633752.0,7300000.0,191.0,195700000.0,8233271.0,487.0,,4532761.0,1261338.0,341133.0,,3400000.0,900000.0,300000.0,,103300000.0,33600000.0,10300000.0,,2070000.0,620000.0,240000.0,,867190106.0,318299655.0,88342270.0,3–8
Ours (Taylor's Version) — Taylor Swift,Ours (Taylor's Version),Taylor Swift,['Pop'],3.8492333333333337,2021-11-12,2023-07-22,69,69,1,,,6400000.0,17.0,52000000.0,184368893.0,518.0,43566692.0,26722673.0,11620070.0,2446609.0,,,,,,,,,,,,,,,,,1–2
Superman (Taylor's Version) — Taylor Swift,Superman (Taylor's Version),Taylor Swift,['Pop'],3.8492333333333337,2021-11-12,2023-07-22,74,74,1,,,6400000.0,17.0,52000000.0,184368893.0,518.0,43566692.0,26722673.0,11620070.0,2446609.0,,,,,,,,,,,,,,,,,1–2
LaLa — Myke Towers,LaLa,Myke Towers,"['Latin', 'Urbano latino']",3.298666666666666,2023-03-23,2023-07-22,90,43,20,9760000.0,6917677788.0,,,,10108958.0,9.0,720254.0,612319.0,420262.0,232412.0,,,,,,,,,,320000.0,170000.0,60000.0,,651993176.0,347424919.0,116305485.0,17–32
Try That In A Small Town — Jason Aldean,Try That In A Small Town,Jason Aldean,['Country'],3.026666666666667,2023-05-19,2023-07-29,2,1,20,2450000.0,2134974848.0,595800.0,71.0,2100000.0,4066324.0,1304.0,273545.0,70248.0,42673.0,-10021.0,157400.0,72600.0,31000.0,15500.0,700000.0,300000.0,200000.0,100000.0,,50000.0,20000.0,10000.0,,90524665.0,10110167.0,-48790406.0,17–32
What Was I Made For? — Billie Eilish,What Was I Made For?,Billie Eilish,"['Pop', 'Soundtrack']",3.706166666666667,2023-07-13,2023-07-29,34,14,35,48000000.0,13631164115.0,48000000.0,21.0,247100000.0,109560667.0,791.0,4965809.0,1731164.0,251768.0,170494.0,3500000.0,1100000.0,600000.0,200000.0,-27800000.0,-48100000.0,9500000.0,3500000.0,,800000.0,400000.0,200000.0,,854520999.0,419367873.0,128916148.0,33–64
Overdrive — Post Malone,Overdrive,Post Malone,['Pop'],2.461333333333333,2023-07-14,2023-07-29,47,47,3,25500000.0,14414145893.0,15000000.0,190.0,122200000.0,23825701.0,1124.0,1306579.0,809178.0,684233.0,124124.0,3500000.0,600000.0,300000.0,100000.0,50100000.0,6400000.0,5000000.0,1300000.0,,700000.0,400000.0,100000.0,,1044348949.0,554501353.0,186515772.0,3–8
S91 — Karol G,S91,Karol G,['Latin'],2.8834166666666667,2023-07-13,2023-07-29,63,45,6,32100000.0,18714153570.0,47800000.0,92.0,325000000.0,64410046.0,3271.0,9842644.0,5977881.0,2884195.0,939676.0,11300000.0,5014333.5,1800000.0,300000.0,143400000.0,90300000.0,44400000.0,5400000.0,,3200000.0,1000000.0,300000.0,,3103172702.0,1458930983.0,438556231.0,3–8
Rush — Troye Sivan,Rush,Troye Sivan,['Pop'],2.606516666666667,2023-07-12,2023-07-29,77,77,2,7890000.0,1801507762.0,2500000.0,211.0,53700000.0,14683887.0,1667.0,1426949.0,853454.0,435000.0,128299.0,,700000.0,600000.0,600000.0,,12000000.0,11500000.0,9000000.0,,20000.0,10000.0,0.0,,92063653.0,42456359.0,14443455.0,1–2
Save Me The Trouble — Dan + Shay,Save Me The Trouble,Dan + Shay,['Country'],3.3391166666666665,2023-07-14,2023-07-29,84,38,13,1700000.0,1370598233.0,1200000.0,212.0,7700000.0,1142462.0,2595.0,-28784.0,-11595.0,-5659.0,233.5,,0.0,0.0,0.0,,200000.0,100000.0,100000.0,,20000.0,10000.0,0.0,,64844823.0,31864175.0,9831137.0,9–16
Angels Don't Always Have Wings — Thomas Rhett,Angels Don't Always Have Wings,Thomas Rhett,['Country'],3.34045,2023-01-20,2023-07-29,93,69,9,1460000.0,1476462306.0,909700.0,125.0,8100000.0,4681058.0,,262956.0,37220.0,3287.0,-5290.0,134100.0,54700.0,8600.0,1000.0,2000000.0,700000.0,100000.0,0.0,,,20000.0,0.0,,,36467653.0,10859000.0,9–16
White Horse — Chris Stapleton,White Horse,Chris Stapleton,['Country'],4.464883333333334,2023-07-21,2023-08-05,31,12,29,2420000.0,2159103344.0,,,,2111726.0,264.0,328927.0,226110.0,99307.0,51267.0,,,,,,,,,,130000.0,60000.0,20000.0,,215619949.0,107399691.0,35768573.0,17–32
Deli — Ice Spice,Deli,Ice Spice,['Hip-Hop/Rap'],2.1142833333333333,2023-07-21,2023-08-05,41,41,13,1220000.0,199566250.0,9000000.0,88.0,85600000.0,8743969.0,92.0,8636684.0,5738247.0,1810736.0,509832.0,,6350000.0,1200000.0,300000.0,,61350000.0,16500000.0,6900000.0,,1024000.0,385000.0,120000.0,,180324817.0,103547500.0,27787024.0,9–16
Speed Drive — Charli XCX,Speed Drive,Charli xcx,"['Pop', 'Soundtrack']",1.9635,2023-06-30,2023-08-05,73,73,5,2860000.0,1235672209.0,1900000.0,261.0,33700000.0,4503251.0,549.0,296918.0,203400.0,132128.0,50760.0,,100000.0,0.0,0.0,,3500000.0,1500000.0,300000.0,,20000.0,10000.0,0.0,,39299149.0,19083214.0,6015372.0,3–8
ETA — NewJeans,ETA,NewJeans,"['K-Pop', 'Pop']",2.522883333333333,2023-07-21,2023-08-05,81,81,1,4620000.0,1519254006.0,7600000.0,205.0,209200000.0,8546674.0,513.0,8510279.0,4239760.0,1257552.0,534480.0,,3200000.0,1000000.0,500000.0,,97600000.0,39100000.0,20000000.0,,2440000.0,1150000.0,840000.0,,991249806.0,488412112.0,286851184.0,1–2
I'm Just Ken — Ryan Gosling,I'm Just Ken,Ryan Gosling,"['Pop', 'Soundtrack']",3.710566666666667,2023-07-20,2023-08-05,87,87,3,,,,,,,,,,,,,,,,,,,,,,,,,,,,3–8
But I Got A Beer In My Hand — Luke Bryan,But I Got A Beer In My Hand,Luke Bryan,[],,,2023-08-05,92,91,8,,,,,,,,,,,,,,,,,,,,,,,,,,,,3–8
Cool With You — NewJeans,Cool With You,NewJeans,"['K-Pop', 'Pop']",2.4646666666666666,2023-07-21,2023-08-05,93,93,1,4620000.0,1519254006.0,7600000.0,205.0,209200000.0,8546674.0,513.0,8510279.0,4239760.0,1257552.0,534480.0,,3200000.0,1000000.0,500000.0,,97600000.0,39100000.0,20000000.0,,2440000.0,1150000.0,840000.0,,991249806.0,488412112.0,286851184.0,1–2
Equal Dirt — Rylo Rodriguez,Equal Dirt,Rylo Rodriguez,['Hip-Hop/Rap'],3.023833333333333,2023-06-30,2023-08-05,100,100,1,489000.0,371523807.0,,,,,,,,,,,,,,,,,,,63000.0,33000.0,16000.0,,57305553.0,30221151.0,9918000.0,1–2
I Know ? — Travis Scott,I Know ?,Travis Scott,['Hip-Hop/Rap'],3.526366666666666,2023-07-28,2023-08-12,11,11,22,16900000.0,8036762713.0,,,,50845373.0,3174.0,4783356.0,2243194.0,1456034.0,1167873.0,,,,,,,,,,500000.0,400000.0,300000.0,,456320962.0,244042826.0,93799403.0,17–32
Hyaena — Travis Scott,Hyaena,Travis Scott,['Hip-Hop/Rap'],3.701416666666667,2023-07-28,2023-08-12,14,14,2,16900000.0,8036762713.0,,,,50845373.0,3174.0,4783356.0,2243194.0,1456034.0,1167873.0,,,,,,,,,,500000.0,400000.0,300000.0,,456320962.0,244042826.0,93799403.0,1–2
Thank God — Travis Scott,Thank God,Travis Scott,['Hip-Hop/Rap'],3.081483333333334,2023-07-28,2023-08-12,16,16,3,16900000.0,8036762713.0,,,,50845373.0,3174.0,4783356.0,2243194.0,1456034.0,1167873.0,,,,,,,,,,500000.0,400000.0,300000.0,,456320962.0,244042826.0,93799403.0,3–8
My Eyes — Travis Scott,My Eyes,Travis Scott,['Hip-Hop/Rap'],4.1875,2023-07-28,2023-08-12,19,19,13,16900000.0,8036762713.0,,,,50845373.0,3174.0,4783356.0,2243194.0,1456034.0,1167873.0,,,,,,,,,,500000.0,400000.0,300000.0,,456320962.0,244042826.0,93799403.0,9–16
Sirens — Travis Scott,Sirens,Travis Scott,['Hip-Hop/Rap'],3.40745,2023-07-28,2023-08-12,27,27,2,16900000.0,8036762713.0,,,,50845373.0,3174.0,4783356.0,2243194.0,1456034.0,1167873.0,,,,,,,,,,500000.0,400000.0,300000.0,,456320962.0,244042826.0,93799403.0,1–2
God's Country — Travis Scott,God's Country,Travis Scott,[],,,2023-08-12,28,28,2,,,,,,,,,,,,,,,,,,,,,,,,,,,,1–2
In Your Love — Tyler Childers,In Your Love,Tyler Childers,['Country'],3.7637833333333335,2023-07-18,2023-08-12,43,43,10,604000.0,538854510.0,,,,,,,,,,,,,,,,,,,62000.0,31000.0,10000.0,,93616772.0,47922050.0,15516315.0,9–16
Enough Is Enough — Post Malone,Enough Is Enough,Post Malone,['Pop'],2.7529166666666667,2023-07-28,2023-08-12,56,56,1,25600000.0,14516683607.0,15100000.0,201.0,123800000.0,23984057.0,1140.0,1427418.0,995523.0,727155.0,259511.0,3200000.0,660000.0,400000.0,100000.0,46700000.0,7860000.0,5700000.0,2600000.0,,700000.0,400000.0,200000.0,,1074589436.0,573294399.0,205621054.0,1–2
Something Real — Post Malone,Something Real,Post Malone,['Pop'],3.421466666666667,2023-07-28,2023-08-12,67,67,1,25600000.0,14516683607.0,15100000.0,201.0,123800000.0,23984057.0,1140.0,1427418.0,995523.0,727155.0,259511.0,3200000.0,660000.0,400000.0,100000.0,46700000.0,7860000.0,5700000.0,2600000.0,,700000.0,400000.0,200000.0,,1074589436.0,573294399.0,205621054.0,1–2
Too Cool To Die — Post Malone,Too Cool To Die,Post Malone,[],,,2023-08-12,87,87,1,,,,,,,,,,,,,,,,,,,,,,,,,,,,1–2
Don't Understand — Post Malone,Don't Understand,Post Malone,['Pop'],3.0563166666666666,2023-07-28,2023-08-12,88,88,1,25600000.0,14516683607.0,15100000.0,201.0,123800000.0,23984057.0,1140.0,1427418.0,995523.0,727155.0,259511.0,3200000.0,660000.0,400000.0,100000.0,46700000.0,7860000.0,5700000.0,2600000.0,,700000.0,400000.0,200000.0,,1074589436.0,573294399.0,205621054.0,1–2
Aqui Te Espero — Ivan Cornejo,Aqui Te Espero,Ivan Cornejo,"['Música Mexicana', 'Latin']",4.256216666666667,2023-07-29,2023-08-12,89,89,1,371000.0,231389668.0,2000000.0,102.0,22700000.0,1589381.0,6.0,1023319.0,395250.0,226076.0,77806.5,800000.0,400000.0,300000.0,100000.0,8300000.0,3800000.0,3100000.0,1400000.0,,352500.0,351500.0,343100.0,,231008498.0,230990161.0,231231060.0,1–2
Novacandy — Post Malone,Novacandy,Post Malone,['Pop'],3.288116666666667,2023-07-28,2023-08-12,90,90,1,25600000.0,14516683607.0,15100000.0,201.0,123800000.0,23984057.0,1140.0,1427418.0,995523.0,727155.0,259511.0,3200000.0,660000.0,400000.0,100000.0,46700000.0,7860000.0,5700000.0,2600000.0,,700000.0,400000.0,200000.0,,1074589436.0,573294399.0,205621054.0,1–2
Paint The Town Red — Doja Cat,Paint The Town Red,Doja Cat,"['Rap', 'Hip-Hop/Rap', 'Pop']",3.8411166666666663,2023-08-04,2023-08-19,15,1,37,11700000.0,6801575115.0,26100000.0,1.0,1500000.0,25601540.0,51.0,1501200.0,395922.0,-560487.0,-673995.0,,0.0,-200000.0,-100000.0,,-362100000.0,539100.0,200000.0,,300000.0,200000.0,100000.0,,649829370.0,308252078.0,96184520.0,33–64
Rich Men North Of Richmond — Oliver Anthony Music,Rich Men North Of Richmond,Oliver Anthony Music,"['Country', 'Folk']",3.120733333333334,2023-08-11,2023-08-26,1,1,20,55000.0,249396.0,341700.0,112.0,888200.0,56415.0,18.0,,,,,,,,,,,,,,,,,,,,,17–32
Bad Idea Right? — Olivia Rodrigo,Bad Idea Right?,Olivia Rodrigo,['Pop'],3.0797333333333334,2023-08-11,2023-08-26,10,7,19,12000000.0,3597605348.0,16600000.0,34.0,122600000.0,33040979.0,235.0,5492657.0,3427599.0,1539720.0,600248.0,1900000.0,1200000.0,1100000.0,500000.0,29900000.0,28700000.0,28200000.0,12200000.0,,1900000.0,1800000.0,800000.0,,604771706.0,454886680.0,216194407.0,17–32
Mi Ex Tenia Razon — Karol G,Mi Ex Tenia Razon,Karol G,['Latin'],2.5729166666666665,2023-08-10,2023-08-26,22,22,16,32400000.0,19180016860.0,48300000.0,100.0,339700000.0,65002925.0,3278.0,9435517.0,6246475.0,2262650.0,643787.0,10800000.0,5100000.0,1800000.0,500000.0,150600000.0,100900000.0,40100000.0,15600000.0,,3300000.0,1000000.0,300000.0,,3316538771.0,1451041992.0,487283119.0,9–16
The Painter — Cody Johnson,The Painter,Cody Johnson,['Country'],3.52355,2023-01-06,2023-08-26,55,25,23,470000.0,483757429.0,647600.0,113.0,3900000.0,1079007.0,2394.0,311585.0,117182.0,62035.0,18535.0,316300.0,90233.33333333336,36500.0,16800.0,1900000.0,500000.0,200000.0,200000.0,,,30000.0,9000.0,,,44571501.0,14982922.0,17–32
Aint Gotta Dollar — Oliver Anthony Music,Aint Gotta Dollar,Oliver Anthony Music,"['Country', 'Folk']",2.0768,2022-09-10,2023-08-26,82,82,2,,,,,,,,,,,,,,,,,,,,,,,,,,,,1–2
Oki Doki — Karol G,Oki Doki,Karol G,['Latin'],2.3965,2023-08-10,2023-08-26,83,83,1,32400000.0,19180016860.0,48300000.0,100.0,339700000.0,65002925.0,3278.0,9435517.0,6246475.0,2262650.0,643787.0,10800000.0,5100000.0,1800000.0,500000.0,150600000.0,100900000.0,40100000.0,15600000.0,,3300000.0,1000000.0,300000.0,,3316538771.0,1451041992.0,487283119.0,1–2
Pretty Little Poison — Warren Zeiders,Pretty Little Poison,Warren Zeiders,['Country'],3.636,2023-03-17,2023-08-26,86,19,28,247000.0,79869689.0,2000000.0,605.0,26000000.0,625509.0,348.0,141577.0,95963.5,86345.0,58222.0,300000.0,200000.0,100000.0,0.0,7200000.0,3200000.0,1900000.0,900000.0,,35000.0,14000.0,6000.0,,-22013756.0,9528172.0,3210761.0,17–32
Amargura — Karol G,Amargura,Karol G,"['Urbano latino', 'Latin']",2.8465666666666665,2023-02-24,2023-08-26,95,85,6,29600000.0,16015820756.0,43700000.0,69.0,249300000.0,59587478.0,3309.0,10259757.0,3523974.0,1812534.0,1033157.0,13200000.0,5700000.0,2400000.0,800000.0,110800000.0,56400000.0,32700000.0,13800000.0,,,1000000.0,700000.0,,,850295147.0,296214213.0,3–8
Love Me Again — V,Love Me Again,V,"['K-Pop', 'Pop']",3.0382166666666666,2023-08-11,2023-08-26,96,96,1,,,,,,61043589.0,90.0,11663299.0,5376559.0,2469991.0,445926.0,,,,,,,,,,,,,,,,,1–2
Mona Lisa — Dominic Fike,Mona Lisa,Dominic Fike,['Alternative'],3.1011166666666665,2023-06-05,2023-08-26,98,89,2,436000.0,192075350.0,,,,3182742.0,19.0,-538394.0,-126408.0,-288.0,-6757.0,,,,,,,,,,30000.0,25000.0,8000.0,,16301144.0,9706122.0,3778974.0,1–2
Lose Control — Teddy Swims,Lose Control,Teddy Swims,['Pop'],3.5114833333333335,2023-06-23,2023-08-26,99,1,104,2600000.0,590033231.0,3600000.0,550.0,25800000.0,2514049.0,541.0,1128640.0,409495.0,405268.0,244597.0,,400000.0,300000.0,200000.0,,3700000.0,3300000.0,2200000.0,,110000.0,60000.0,30000.0,,72331408.0,35760279.0,11556509.0,65+
Call Your Friends — Rod Wave,Call Your Friends,Rod Wave,"['Rap', 'Hip-Hop/Rap']",2.55215,2023-08-18,2023-09-02,26,18,9,5140000.0,4478056614.0,3900000.0,51.0,31200000.0,6970399.0,35.0,1472086.0,674190.0,363337.0,189486.0,600000.0,300000.0,100000.0,100000.0,3400000.0,1000000.0,400000.0,200000.0,,360000.0,190000.0,90000.0,,490978340.0,232844252.0,76328893.0,9–16
Standing Room Only — Tim McGraw,Standing Room Only,Tim McGraw,['Country'],3.774883333333334,2023-03-10,2023-09-02,61,60,10,1200000.0,900829085.0,3300000.0,106.0,17500000.0,3383048.0,947.0,250359.0,142262.0,92924.0,41945.0,800000.0,300000.0,100000.0,0.0,6800000.0,2500000.0,1300000.0,900000.0,,70000.0,30000.0,10000.0,,77696245.0,37766012.0,13305563.0,9–16
Barely Holdin' On — Polo G,Barely Holdin' On,Polo G,"['Rap', 'Hip-Hop/Rap']",2.89785,2023-08-20,2023-09-02,68,68,1,5710000.0,3359298663.0,4500000.0,103.0,31200000.0,10813650.0,11.0,267641.0,182672.0,105470.0,41388.0,100000.0,100000.0,100000.0,100000.0,1300000.0,700000.0,500000.0,500000.0,,200000.0,100000.0,50000.0,,236266462.0,110754205.0,36404463.0,1–2
F*ck U Thought — Lil Durk,F*ck U Thought,Lil Durk,['Hip-Hop/Rap'],3.3,2023-08-18,2023-09-02,77,77,1,5670000.0,4637440586.0,2600000.0,41.0,9100000.0,15191487.0,51.0,1024516.0,1058091.0,571785.0,98779.0,600000.0,400000.0,300000.0,0.0,3900000.0,3300000.0,2200000.0,100000.0,,750000.0,510000.0,100000.0,,630424896.0,388667355.0,102533333.0,1–2
Summer Too Hot — Chris Brown,Summer Too Hot,Chris Brown,[],,,2023-09-02,93,93,4,,,,,,,,,,,,,,,,,,,,,,,,,,,,3–8
Used To Be Young — Miley Cyrus,Used To Be Young,Miley Cyrus,['Pop'],3.1864333333333335,2023-08-25,2023-09-09,8,8,21,18400000.0,7934168706.0,18100000.0,229.0,176700000.0,213623077.0,1257.0,31789232.0,15828337.0,5009867.0,768628.0,4000000.0,600000.0,100000.0,100000.0,40100000.0,11600000.0,4200000.0,3200000.0,,1000000.0,300000.0,100000.0,,974398721.0,386021541.0,111806519.0,17–32
East Side Of Sorrow — Zach Bryan,East Side Of Sorrow,Zach Bryan,['Country'],3.4886666666666666,2023-01-27,2023-09-09,18,18,6,583000.0,371141020.0,1400000.0,120.0,12700000.0,,,,,,,791300.0,415000.0,200000.0,64285.71428571432,8000000.0,4200000.0,2333333.333333334,664285.7142857146,,,102000.0,35000.0,,,102586390.0,36718172.0,3–8
Single Soon — Selena Gomez,Single Soon,Selena Gomez,['Pop'],2.8609166666666668,2023-08-25,2023-09-09,19,19,12,33900000.0,13178689427.0,59200000.0,197.0,602500000.0,427970046.0,1946.0,84044875.0,44109217.0,9975346.0,1242021.0,16300000.0,11150000.0,900000.0,200000.0,230400000.0,137750000.0,56100000.0,12500000.0,,1400000.0,500000.0,200000.0,,801013846.0,354677574.0,110852073.0,9–16
Tourniquet — Zach Bryan,Tourniquet,Zach Bryan,['Country'],3.1508833333333333,2023-01-27,2023-09-09,20,20,12,583000.0,371141020.0,1400000.0,120.0,12700000.0,,,,,,,791300.0,415000.0,200000.0,64285.71428571432,8000000.0,4200000.0,2333333.333333334,664285.7142857146,,,102000.0,35000.0,,,102586390.0,36718172.0,9–16
Overtime — Zach Bryan,Overtime,Zach Bryan,['Country'],3.18245,2023-01-27,2023-09-09,22,22,3,583000.0,371141020.0,1400000.0,120.0,12700000.0,,,,,,,791300.0,415000.0,200000.0,64285.71428571432,8000000.0,4200000.0,2333333.333333334,664285.7142857146,,,102000.0,35000.0,,,102586390.0,36718172.0,3–8
Summertime's Close — Zach Bryan,Summertime's Close,Zach Bryan,['Country'],3.1031166666666667,2023-01-27,2023-09-09,23,23,3,583000.0,371141020.0,1400000.0,120.0,12700000.0,,,,,,,791300.0,415000.0,200000.0,64285.71428571432,8000000.0,4200000.0,2333333.333333334,664285.7142857146,,,102000.0,35000.0,,,102586390.0,36718172.0,3–8
Fear And Friday's — Zach Bryan,Fear And Friday's,Zach Bryan,[],,,2023-09-09,24,24,3,,,,,,,,,,,,,,,,,,,,,,,,,,,,3–8
Ticking — Zach Bryan,Ticking,Zach Bryan,['Country'],4.036666666666667,2023-01-27,2023-09-09,29,29,3,583000.0,371141020.0,1400000.0,120.0,12700000.0,,,,,,,791300.0,415000.0,200000.0,64285.71428571432,8000000.0,4200000.0,2333333.333333334,664285.7142857146,,,102000.0,35000.0,,,102586390.0,36718172.0,3–8
El Dorado — Zach Bryan,El Dorado,Zach Bryan,['Country'],3.0475833333333333,2023-01-27,2023-09-09,31,31,3,583000.0,371141020.0,1400000.0,120.0,12700000.0,,,,,,,791300.0,415000.0,200000.0,64285.71428571432,8000000.0,4200000.0,2333333.333333334,664285.7142857146,,,102000.0,35000.0,,,102586390.0,36718172.0,3–8
Smaller Acts — Zach Bryan,Smaller Acts,Zach Bryan,['Country'],3.121183333333333,2023-01-27,2023-09-09,38,38,3,583000.0,371141020.0,1400000.0,120.0,12700000.0,,,,,,,791300.0,415000.0,200000.0,64285.71428571432,8000000.0,4200000.0,2333333.333333334,664285.7142857146,,,102000.0,35000.0,,,102586390.0,36718172.0,3–8
Fear And Friday's (Poem) — Zach Bryan,Fear And Friday's (Poem),Zach Bryan,[],,,2023-09-09,39,39,1,,,,,,,,,,,,,,,,,,,,,,,,,,,,1–2
Jake's Piano - Long Island — Zach Bryan,Jake's Piano - Long Island,Zach Bryan,[],,,2023-09-09,41,41,2,,,,,,,,,,,,,,,,,,,,,,,,,,,,1–2
Tradesman — Zach Bryan,Tradesman,Zach Bryan,['Country'],3.128816666666667,2023-01-27,2023-09-09,44,44,2,583000.0,371141020.0,1400000.0,120.0,12700000.0,,,,,,,791300.0,415000.0,200000.0,64285.71428571432,8000000.0,4200000.0,2333333.333333334,664285.7142857146,,,102000.0,35000.0,,,102586390.0,36718172.0,1–2
Oklahoman Son — Zach Bryan,Oklahoman Son,Zach Bryan,['Country'],4.15755,2023-01-27,2023-09-09,47,47,2,583000.0,371141020.0,1400000.0,120.0,12700000.0,,,,,,,791300.0,415000.0,200000.0,64285.71428571432,8000000.0,4200000.0,2333333.333333334,664285.7142857146,,,102000.0,35000.0,,,102586390.0,36718172.0,1–2
Sittin' On Top Of The World — Burna Boy,Sittin' On Top Of The World,Burna Boy,[],,,2023-09-09,80,80,3,,,,,,,,,,,,,,,,,,,,,,,,,,,,3–8
Primera Cita — Carin Leon,Primera Cita,Carin Leon,['Latin'],3.1076,2022-04-20,2023-09-09,97,97,2,,,1500000.0,97.0,6000000.0,1586607.0,1181.0,497865.0,303543.0,132900.0,42586.0,,,300000.0,200000.0,,,1600000.0,1000000.0,,,,,,,,,1–2
On My Mama — Victoria Monet,On My Mama,Victoria Monet,['R&B/Soul'],3.1113,2023-06-16,2023-09-09,98,33,25,253000.0,63861804.0,276100.0,132.0,4100000.0,1117553.0,55.0,50151.0,49010.0,55372.0,16263.0,,50300.0,45200.0,6100.0,,1500000.0,1300000.0,300000.0,,26000.0,23000.0,6000.0,,11881431.0,9385487.0,3413303.0,17–32
Last Time I Saw You — Nicki Minaj,Last Time I Saw You,Nicki Minaj,[],,,2023-09-16,23,23,2,,,,,,,,,,,,,,,,,,,,,,,,,,,,1–2
Demons — Doja Cat,Demons,Doja Cat,"['Rap', 'Hip-Hop/Rap', 'Pop']",3.2595833333333335,2023-09-01,2023-09-16,46,46,2,11800000.0,6923040274.0,26000000.0,1.0,1000000.0,24998465.0,67.0,754821.0,-682022.0,-1173959.0,-663954.0,0.0,-100000.0,-200000.0,-100000.0,-356200000.0,-185100000.0,39100.0,-500000.0,,400000.0,200000.0,100000.0,,660268400.0,336107193.0,126767783.0,1–2
Come See Me — Rod Wave,Come See Me,Rod Wave,"['Rap', 'Hip-Hop/Rap']",3.1764666666666668,2023-09-01,2023-09-16,56,19,6,5190000.0,4522863231.0,4000000.0,58.0,32200000.0,7041879.0,36.0,1425957.0,703883.0,401792.0,175953.0,700000.0,300000.0,200000.0,100000.0,4300000.0,1900000.0,1400000.0,1200000.0,,380000.0,210000.0,100000.0,,496735881.0,239480822.0,85581064.0,3–8
SkeeYee — Sexyy Red,SkeeYee,Sexyy Red,['Hip-Hop/Rap'],2.61875,2023-06-09,2023-09-16,67,62,12,111000.0,29016250.0,,,,596320.0,182.0,,,513759.5,212817.80952380953,,,,,,,,,,81900.0,67900.0,29500.0,,24658028.0,20827040.0,10466825.0,9–16
Get Him Back! — Olivia Rodrigo,Get Him Back!,Olivia Rodrigo,[],,,2023-09-23,11,11,20,,,,,,,,,,,,,,,,,,,,,,,,,,,,17–32
All-American Bitch — Olivia Rodrigo,All-American Bitch,Olivia Rodrigo,['Pop'],2.7639,2023-09-08,2023-09-23,13,13,4,12300000.0,3712562793.0,17000000.0,40.0,135900000.0,33774546.0,246.0,5986377.0,3286644.0,2033503.0,789759.0,,1600000.0,1500000.0,400000.0,,41800000.0,41400000.0,14900000.0,2460000.0,2200000.0,2000000.0,400000.0,990704767.0,672461122.0,524789791.0,122025793.0,3–8
The Grudge — Olivia Rodrigo,The Grudge,Olivia Rodrigo,['Pop'],3.156433333333333,2023-09-08,2023-09-23,16,16,4,12300000.0,3712562793.0,17000000.0,40.0,135900000.0,33774546.0,246.0,5986377.0,3286644.0,2033503.0,789759.0,,1600000.0,1500000.0,400000.0,,41800000.0,41400000.0,14900000.0,2460000.0,2200000.0,2000000.0,400000.0,990704767.0,672461122.0,524789791.0,122025793.0,3–8
Making The Bed — Olivia Rodrigo,Making The Bed,Olivia Rodrigo,[],,,2023-09-23,19,19,3,,,,,,,,,,,,,,,,,,,,,,,,,,,,3–8
Logical — Olivia Rodrigo,Logical,Olivia Rodrigo,['Pop'],3.865116666666667,2023-09-08,2023-09-23,20,20,3,12300000.0,3712562793.0,17000000.0,40.0,135900000.0,33774546.0,246.0,5986377.0,3286644.0,2033503.0,789759.0,,1600000.0,1500000.0,400000.0,,41800000.0,41400000.0,14900000.0,2460000.0,2200000.0,2000000.0,400000.0,990704767.0,672461122.0,524789791.0,122025793.0,3–8
Lacy — Olivia Rodrigo,Lacy,Olivia Rodrigo,['Pop'],2.953533333333333,2023-09-08,2023-09-23,23,23,3,12300000.0,3712562793.0,17000000.0,40.0,135900000.0,33774546.0,246.0,5986377.0,3286644.0,2033503.0,789759.0,,1600000.0,1500000.0,400000.0,,41800000.0,41400000.0,14900000.0,2460000.0,2200000.0,2000000.0,400000.0,990704767.0,672461122.0,524789791.0,122025793.0,3–8
Ballad Of A Homeschooled Girl — Olivia Rodrigo,Ballad Of A Homeschooled Girl,Olivia Rodrigo,['Pop'],3.389483333333333,2023-09-08,2023-09-23,24,24,2,12300000.0,3712562793.0,17000000.0,40.0,135900000.0,33774546.0,246.0,5986377.0,3286644.0,2033503.0,789759.0,,1600000.0,1500000.0,400000.0,,41800000.0,41400000.0,14900000.0,2460000.0,2200000.0,2000000.0,400000.0,990704767.0,672461122.0,524789791.0,122025793.0,1–2
Love Is Embarrassing — Olivia Rodrigo,Love Is Embarrassing,Olivia Rodrigo,['Pop'],2.575283333333333,2023-09-08,2023-09-23,25,25,3,12300000.0,3712562793.0,17000000.0,40.0,135900000.0,33774546.0,246.0,5986377.0,3286644.0,2033503.0,789759.0,,1600000.0,1500000.0,400000.0,,41800000.0,41400000.0,14900000.0,2460000.0,2200000.0,2000000.0,400000.0,990704767.0,672461122.0,524789791.0,122025793.0,3–8
Pretty Isn't Pretty — Olivia Rodrigo,Pretty Isn't Pretty,Olivia Rodrigo,['Pop'],3.3237,2023-09-08,2023-09-23,30,30,2,12300000.0,3712562793.0,17000000.0,40.0,135900000.0,33774546.0,246.0,5986377.0,3286644.0,2033503.0,789759.0,,1600000.0,1500000.0,400000.0,,41800000.0,41400000.0,14900000.0,2460000.0,2200000.0,2000000.0,400000.0,990704767.0,672461122.0,524789791.0,122025793.0,1–2
Teenage Dream — Olivia Rodrigo,Teenage Dream,Olivia Rodrigo,['Pop'],3.705966666666667,2023-09-08,2023-09-23,39,39,2,12300000.0,3712562793.0,17000000.0,40.0,135900000.0,33774546.0,246.0,5986377.0,3286644.0,2033503.0,789759.0,,1600000.0,1500000.0,400000.0,,41800000.0,41400000.0,14900000.0,2460000.0,2200000.0,2000000.0,400000.0,990704767.0,672461122.0,524789791.0,122025793.0,1–2
Slow Dancing — V,Slow Dancing,V,"['K-Pop', 'Pop']",3.1171166666666665,2023-09-08,2023-09-23,51,51,1,,,,,,61588002.0,94.0,10730384.0,3750193.0,1857954.0,587193.0,,,,,,,,,,,,,,,,,1–2
Boyz Don't Cry — Rod Wave,Boyz Don't Cry,Rod Wave,"['Rap', 'Hip-Hop/Rap']",2.7763166666666668,2023-09-13,2023-09-30,25,25,5,5230000.0,4558789390.0,4100000.0,61.0,33600000.0,7109584.0,37.0,,723562.0,430120.0,208488.0,800000.0,400000.0,300000.0,200000.0,5700000.0,3300000.0,2700000.0,2600000.0,760000.0,410000.0,230000.0,120000.0,1034812703.0,499225419.0,243642405.0,90399570.0,3–8
Great Gatsby — Rod Wave,Great Gatsby,Rod Wave,"['Rap', 'Hip-Hop/Rap']",2.445866666666667,2023-09-15,2023-09-30,30,30,17,5260000.0,4563031318.0,4100000.0,63.0,34000000.0,7174793.0,40.0,1492450.0,780680.4666666668,486253.0,267491.0,800000.0,400000.0,300000.0,200000.0,6100000.0,3600000.0,3100000.0,3000000.0,780000.0,430000.0,260000.0,140000.0,1033039576.0,498416725.0,243223866.0,91397436.0,17–32
Greedy — Tate McRae,Greedy,Tate McRae,"['Pop', 'Alternative']",2.46945,2023-09-10,2023-09-30,33,3,42,4150000.0,1067249369.0,4700000.0,676.0,199300000.0,2218772.0,301.0,48162.0,30808.0,48209.0,33239.0,500000.0,200000.0,200000.0,100000.0,39700000.0,22100000.0,15400000.0,9300000.0,110000.0,40000.0,20000.0,10000.0,181675147.0,83109212.0,40490908.0,13863625.0,33–64
Long Journey — Rod Wave,Long Journey,Rod Wave,"['Rap', 'Hip-Hop/Rap']",3.097166666666667,2023-09-15,2023-09-30,39,39,3,5260000.0,4563031318.0,4100000.0,63.0,34000000.0,7174793.0,40.0,1492450.0,780680.4666666668,486253.0,267491.0,800000.0,400000.0,300000.0,200000.0,6100000.0,3600000.0,3100000.0,3000000.0,780000.0,430000.0,260000.0,140000.0,1033039576.0,498416725.0,243223866.0,91397436.0,3–8
Crazy — Rod Wave,Crazy,Rod Wave,"['Rap', 'Hip-Hop/Rap']",2.1739166666666665,2023-09-15,2023-09-30,48,48,2,5260000.0,4563031318.0,4100000.0,63.0,34000000.0,7174793.0,40.0,1492450.0,780680.4666666668,486253.0,267491.0,800000.0,400000.0,300000.0,200000.0,6100000.0,3600000.0,3100000.0,3000000.0,780000.0,430000.0,260000.0,140000.0,1033039576.0,498416725.0,243223866.0,91397436.0,1–2
HG4 — Rod Wave,HG4,Rod Wave,"['Rap', 'Hip-Hop/Rap']",2.0138666666666665,2023-09-15,2023-09-30,51,51,3,5260000.0,4563031318.0,4100000.0,63.0,34000000.0,7174793.0,40.0,1492450.0,780680.4666666668,486253.0,267491.0,800000.0,400000.0,300000.0,200000.0,6100000.0,3600000.0,3100000.0,3000000.0,780000.0,430000.0,260000.0,140000.0,1033039576.0,498416725.0,243223866.0,91397436.0,3–8
Checkmate — Rod Wave,Checkmate,Rod Wave,"['Rap', 'Hip-Hop/Rap']",3.29965,2023-09-13,2023-09-30,55,55,2,5230000.0,4558789390.0,4100000.0,61.0,33600000.0,7109584.0,37.0,,723562.0,430120.0,208488.0,800000.0,400000.0,300000.0,200000.0,5700000.0,3300000.0,2700000.0,2600000.0,760000.0,410000.0,230000.0,120000.0,1034812703.0,499225419.0,243642405.0,90399570.0,1–2
Love For A Thug — Rod Wave,Love For A Thug,Rod Wave,"['Rap', 'Hip-Hop/Rap']",3.066766666666666,2023-09-15,2023-09-30,56,56,1,5260000.0,4563031318.0,4100000.0,63.0,34000000.0,7174793.0,40.0,1492450.0,780680.4666666668,486253.0,267491.0,800000.0,400000.0,300000.0,200000.0,6100000.0,3600000.0,3100000.0,3000000.0,780000.0,430000.0,260000.0,140000.0,1033039576.0,498416725.0,243223866.0,91397436.0,1–2
Keep It G — Rod Wave,Keep It G,Rod Wave,"['Rap', 'Hip-Hop/Rap']",4.007016666666667,2023-09-15,2023-09-30,71,71,1,5260000.0,4563031318.0,4100000.0,63.0,34000000.0,7174793.0,40.0,1492450.0,780680.4666666668,486253.0,267491.0,800000.0,400000.0,300000.0,200000.0,6100000.0,3600000.0,3100000.0,3000000.0,780000.0,430000.0,260000.0,140000.0,1033039576.0,498416725.0,243223866.0,91397436.0,1–2
Pass You By — Rod Wave,Pass You By,Rod Wave,"['Rap', 'Hip-Hop/Rap']",3.2,2023-09-15,2023-09-30,73,73,1,5260000.0,4563031318.0,4100000.0,63.0,34000000.0,7174793.0,40.0,1492450.0,780680.4666666668,486253.0,267491.0,800000.0,400000.0,300000.0,200000.0,6100000.0,3600000.0,3100000.0,3000000.0,780000.0,430000.0,260000.0,140000.0,1033039576.0,498416725.0,243223866.0,91397436.0,1–2
Love Story/Interlude — Rod Wave,Love Story/Interlude,Rod Wave,"['Rap', 'Hip-Hop/Rap']",5.2758666666666665,2023-09-15,2023-09-30,79,79,1,5260000.0,4563031318.0,4100000.0,63.0,34000000.0,7174793.0,40.0,1492450.0,780680.4666666668,486253.0,267491.0,800000.0,400000.0,300000.0,200000.0,6100000.0,3600000.0,3100000.0,3000000.0,780000.0,430000.0,260000.0,140000.0,1033039576.0,498416725.0,243223866.0,91397436.0,1–2
Back Lit — Rod Wave,Back Lit,Rod Wave,"['Rap', 'Hip-Hop/Rap']",2.9726,2023-09-15,2023-09-30,80,80,1,5260000.0,4563031318.0,4100000.0,63.0,34000000.0,7174793.0,40.0,1492450.0,780680.4666666668,486253.0,267491.0,800000.0,400000.0,300000.0,200000.0,6100000.0,3600000.0,3100000.0,3000000.0,780000.0,430000.0,260000.0,140000.0,1033039576.0,498416725.0,243223866.0,91397436.0,1–2
Strangers — Kenya Grace,Strangers,Kenya Grace,['Dance'],2.88275,2023-09-01,2023-09-30,88,42,21,1090.0,18503.0,347700.0,70.0,5300000.0,,,,,,,,,210600.0,95700.0,,,3500000.0,1700000.0,,,,,,,,,17–32
Rap Beef — Rod Wave,Rap Beef,Rod Wave,"['Rap', 'Hip-Hop/Rap']",3.466666666666667,2023-09-15,2023-09-30,93,93,1,5260000.0,4563031318.0,4100000.0,63.0,34000000.0,7174793.0,40.0,1492450.0,780680.4666666668,486253.0,267491.0,800000.0,400000.0,300000.0,200000.0,6100000.0,3600000.0,3100000.0,3000000.0,780000.0,430000.0,260000.0,140000.0,1033039576.0,498416725.0,243223866.0,91397436.0,1–2
Lil Boo Thang — Paul Russell,Lil Boo Thang,Paul Russell,"['Pop', 'Hip-Hop/Rap']",1.9039,2023-08-18,2023-09-30,99,14,21,553.0,4081.0,412300.0,181.0,6900000.0,259878.0,83.0,235024.0,233866.0,228281.0,88983.0,137500.0,137200.0,139000.0,60500.0,1900000.0,1700000.0,1700000.0,700000.0,,111.0,114.0,55.0,,,3850.0,1848.0,17–32
Agora Hills — Doja Cat,Agora Hills,Doja Cat,"['Rap', 'Hip-Hop/Rap']",4.422666666666666,2023-09-22,2023-10-07,18,7,39,12000000.0,7052708317.0,26000000.0,1.0,1300000.0,24558000.0,97.0,55691.0,-1489744.0,-1629487.0,-503909.0,0.0,-300000.0,-200000.0,0.0,-356400000.0,339100.0,0.0,311500.0,900000.0,500000.0,400000.0,300000.0,1403013411.0,710629014.0,393292709.0,170753798.0,33–64
Deep Satin — Zach Bryan,Deep Satin,Zach Bryan,['Country'],3.5199,2023-09-22,2023-10-07,45,45,1,827000.0,689073973.0,2300000.0,,21100000.0,,,,,,,,700000.0,400000.0,100000.0,,6100000.0,2900000.0,-300000.0,377000.0,195000.0,121000.0,64000.0,454575773.0,252872101.0,151139732.0,72604118.0,1–2
Nine Ball — Zach Bryan,Nine Ball,Zach Bryan,['Country'],2.83235,2023-09-22,2023-10-07,54,54,1,827000.0,689073973.0,2300000.0,,21100000.0,,,,,,,,700000.0,400000.0,100000.0,,6100000.0,2900000.0,-300000.0,377000.0,195000.0,121000.0,64000.0,454575773.0,252872101.0,151139732.0,72604118.0,1–2
500lbs — Lil Tecca,500lbs,Lil Tecca,['Hip-Hop/Rap'],2.4065,2023-07-21,2023-10-07,60,51,20,2260000.0,661947528.0,2300000.0,29.0,26900000.0,4793642.0,30.0,391872.0,325617.0,231859.0,94351.0,,400000.0,100000.0,0.0,,9300000.0,3200000.0,300000.0,,70000.0,50000.0,10000.0,,44352361.0,24177513.0,6566374.0,17–32
One More Time — Blink-182,One More Time,Blink-182,['Rock'],3.468583333333333,2023-09-22,2023-10-07,62,62,1,2940000.0,2701943486.0,638200.0,40.0,3000000.0,2993456.0,37.0,775165.0,304523.0,177989.0,92373.0,,132400.0,89300.0,41000.0,,1400000.0,1100000.0,500000.0,310000.0,130000.0,80000.0,50000.0,336614622.0,165547425.0,80537640.0,24317971.0,1–2
Un Preview — Bad Bunny,Un Preview,Bad Bunny,"['Urbano latino', 'Latin']",2.7597,2023-09-25,2023-10-07,65,43,7,46500000.0,31583226551.0,31500000.0,46.0,329400000.0,46149158.0,1.0,2866812.0,1062630.0,405321.0,291559.0,,600000.0,200000.0,100000.0,,18800000.0,7800000.0,5900000.0,2800000.0,1000000.0,500000.0,200000.0,6224066943.0,2393241017.0,1130770633.0,294228645.0,3–8
"Pain, Sweet, Pain — Zach Bryan","Pain, Sweet, Pain",Zach Bryan,['Country'],3.2623333333333333,2023-09-22,2023-10-07,66,66,1,827000.0,689073973.0,2300000.0,,21100000.0,,,,,,,,700000.0,400000.0,100000.0,,6100000.0,2900000.0,-300000.0,377000.0,195000.0,121000.0,64000.0,454575773.0,252872101.0,151139732.0,72604118.0,1–2
My Love Mine All Mine — Mitski,My Love Mine All Mine,Mitski,['Alternative'],2.2962166666666666,2023-09-15,2023-10-07,76,26,20,1670000.0,536493174.0,726900.0,14.0,3900000.0,,,,,,,,,,57900.0,,,,500000.0,300000.0,170000.0,110000.0,30000.0,159759842.0,76131630.0,39204989.0,13857653.0,17–32
Can't Have Mine — Dylan Scott,Can't Have Mine,Dylan Scott,['Country'],3.0733333333333333,2022-02-18,2023-10-07,98,57,13,,,734100.0,105.0,8100000.0,397156.0,714.0,76787.0,30291.0,13825.0,11217.0,,,132700.0,31700.0,,,1600000.0,400000.0,,,,,,,,,9–16
Better Place — *NSYNC,Better Place,*NSYNC,"['Pop', 'Children’s Music']",3.611166666666666,2023-09-29,2023-10-14,25,25,6,1530000.0,1430074754.0,353300.0,8.0,896000.0,1413958.0,229.0,1058200.0,1052582.0,1044759.0,1033988.0,,,,,,,,,180000.0,110000.0,70000.0,50000.0,203696599.0,102281750.0,48816726.0,14483448.0,3–8
Water — Tyla,Water,Tyla,['Pop'],3.3376,2023-07-28,2023-10-14,67,7,29,96700.0,12329247.0,2100000.0,768.0,31300000.0,727742.0,250.0,272244.0,216573.0,78598.0,19427.0,500000.0,433333.33333333326,200000.0,0.0,11300000.0,9200000.0,2700000.0,600000.0,,21700.0,11000.0,1500.0,,4626540.0,2022832.0,907891.0,17–32
Stick Season — Noah Kahan,Stick Season,Noah Kahan,['Alternative'],3.0391166666666667,2022-07-08,2023-10-14,80,9,52,,,300100.0,,4200000.0,127490.0,627.0,28188.0,6949.0,3634.0,1843.0,,35000.0,28800.0,3300.0,,500000.0,300000.0,100000.0,,,,,,,,,33–64
Stars Like Confetti — Dustin Lynch,Stars Like Confetti,Dustin Lynch,['Country'],3.2377833333333332,2021-07-16,2023-10-14,89,81,6,,,,,,1076294.0,384.0,-2816.0,1693.0,2478.0,1389.0,,,,,,,,,,,,,,,,,3–8
God Gave Me A Girl — Russell Dickerson,God Gave Me A Girl,Russell Dickerson,['Country'],3.12045,2022-11-04,2023-10-14,90,81,5,207000.0,200874546.0,246900.0,,2800000.0,450328.0,3134.0,26239.0,8882.0,2932.0,655.0,,22100.0,3100.0,400.0,,200000.0,0.0,0.0,,,,3000.0,,,,5052909.0,3–8
Virginia Beach — Drake,Virginia Beach,Drake,['Hip-Hop/Rap'],4.184916666666667,2023-10-06,2023-10-21,3,3,14,28500000.0,15804007590.0,,,,143382605.0,386.0,21534334.0,8420129.0,3203117.0,984802.0,,,,,,,,,1500000.0,700000.0,400000.0,200000.0,2489334700.0,1159955792.0,514572774.0,96016197.0,9–16
Daylight — Drake,Daylight,Drake,['Hip-Hop/Rap'],2.735716666666667,2023-10-06,2023-10-21,8,8,3,28500000.0,15804007590.0,,,,143382605.0,386.0,21534334.0,8420129.0,3203117.0,984802.0,,,,,,,,,1500000.0,700000.0,400000.0,200000.0,2489334700.0,1159955792.0,514572774.0,96016197.0,3–8
Fear Of Heights — Drake,Fear Of Heights,Drake,['Hip-Hop/Rap'],2.5859,2023-10-06,2023-10-21,10,10,3,28500000.0,15804007590.0,,,,143382605.0,386.0,21534334.0,8420129.0,3203117.0,984802.0,,,,,,,,,1500000.0,700000.0,400000.0,200000.0,2489334700.0,1159955792.0,514572774.0,96016197.0,3–8
7969 Santa — Drake,7969 Santa,Drake,['Hip-Hop/Rap'],4.330783333333334,2023-10-06,2023-10-21,16,16,2,28500000.0,15804007590.0,,,,143382605.0,386.0,21534334.0,8420129.0,3203117.0,984802.0,,,,,,,,,1500000.0,700000.0,400000.0,200000.0,2489334700.0,1159955792.0,514572774.0,96016197.0,1–2
8am In Charlotte — Drake,8am In Charlotte,Drake,['Hip-Hop/Rap'],4.447466666666666,2023-10-05,2023-10-21,17,17,3,28400000.0,15804007590.0,,,,143260205.0,385.0,21455352.0,8452694.0,3117080.0,884397.0,,,,,,,,,1400000.0,600000.0,300000.0,100000.0,2497012120.0,1159955792.0,521967168.0,104137411.0,3–8
What Would Pluto Do — Drake,What Would Pluto Do,Drake,['Hip-Hop/Rap'],3.0499666666666667,2023-10-06,2023-10-21,18,18,3,28500000.0,15804007590.0,,,,143382605.0,386.0,21534334.0,8420129.0,3203117.0,984802.0,,,,,,,,,1500000.0,700000.0,400000.0,200000.0,2489334700.0,1159955792.0,514572774.0,96016197.0,3–8
Bahamas Promises — Drake,Bahamas Promises,Drake,['Hip-Hop/Rap'],3.0681666666666665,2023-10-06,2023-10-21,20,20,3,28500000.0,15804007590.0,,,,143382605.0,386.0,21534334.0,8420129.0,3203117.0,984802.0,,,,,,,,,1500000.0,700000.0,400000.0,200000.0,2489334700.0,1159955792.0,514572774.0,96016197.0,3–8
Tried Our Best — Drake,Tried Our Best,Drake,['Hip-Hop/Rap'],3.49985,2023-10-06,2023-10-21,21,21,2,28500000.0,15804007590.0,,,,143382605.0,386.0,21534334.0,8420129.0,3203117.0,984802.0,,,,,,,,,1500000.0,700000.0,400000.0,200000.0,2489334700.0,1159955792.0,514572774.0,96016197.0,1–2
Drew A Picasso — Drake,Drew A Picasso,Drake,['Hip-Hop/Rap'],4.379483333333333,2023-10-06,2023-10-21,27,27,2,28500000.0,15804007590.0,,,,143382605.0,386.0,21534334.0,8420129.0,3203117.0,984802.0,,,,,,,,,1500000.0,700000.0,400000.0,200000.0,2489334700.0,1159955792.0,514572774.0,96016197.0,1–2
Away From Home — Drake,Away From Home,Drake,['Hip-Hop/Rap'],4.3098833333333335,2023-10-06,2023-10-21,32,32,1,28500000.0,15804007590.0,,,,143382605.0,386.0,21534334.0,8420129.0,3203117.0,984802.0,,,,,,,,,1500000.0,700000.0,400000.0,200000.0,2489334700.0,1159955792.0,514572774.0,96016197.0,1–2
BBL Love Interlude — Drake,BBL Love Interlude,Drake,['Hip-Hop/Rap'],2.6894,2023-10-06,2023-10-21,36,36,1,28500000.0,15804007590.0,,,,143382605.0,386.0,21534334.0,8420129.0,3203117.0,984802.0,,,,,,,,,1500000.0,700000.0,400000.0,200000.0,2489334700.0,1159955792.0,514572774.0,96016197.0,1–2
Polar Opposites — Drake,Polar Opposites,Drake,['Hip-Hop/Rap'],4.286333333333333,2023-10-06,2023-10-21,37,37,1,28500000.0,15804007590.0,,,,143382605.0,386.0,21534334.0,8420129.0,3203117.0,984802.0,,,,,,,,,1500000.0,700000.0,400000.0,200000.0,2489334700.0,1159955792.0,514572774.0,96016197.0,1–2
Screw The World Interlude — Drake,Screw The World Interlude,Drake,['Hip-Hop/Rap'],1.8682166666666664,2023-10-06,2023-10-21,42,42,1,28500000.0,15804007590.0,,,,143382605.0,386.0,21534334.0,8420129.0,3203117.0,984802.0,,,,,,,,,1500000.0,700000.0,400000.0,200000.0,2489334700.0,1159955792.0,514572774.0,96016197.0,1–2
Y Lloro — Junior H,Y Lloro,Junior H,"['Música Mexicana', 'Latin', 'Contemporary Latin']",2.98355,2023-10-05,2023-10-21,97,79,7,1290000.0,2419200490.0,,,,6967542.0,2.0,4741061.0,2301885.0,915165.0,255865.0,,,,,,,,,,,351000.0,120000.0,,,296747528.0,96740837.0,3–8
Monaco — Bad Bunny,Monaco,Bad Bunny,['Latin'],4.453233333333333,2023-10-13,2023-10-28,5,5,20,46800000.0,31583226551.0,31700000.0,48.0,336100000.0,46627956.0,2.0,3113723.0,1524613.0,809917.0,589368.0,3400000.0,800000.0,400000.0,200000.0,71700000.0,25200000.0,14000000.0,6900000.0,2900000.0,1200000.0,700000.0,400000.0,5701323303.0,2149206393.0,869494988.0,83136724.0,17–32
Nadie Sabe — Bad Bunny,Nadie Sabe,Bad Bunny,['Latin'],6.31765,2023-10-13,2023-10-28,22,22,1,46800000.0,31583226551.0,31700000.0,48.0,336100000.0,46627956.0,2.0,3113723.0,1524613.0,809917.0,589368.0,3400000.0,800000.0,400000.0,200000.0,71700000.0,25200000.0,14000000.0,6900000.0,2900000.0,1200000.0,700000.0,400000.0,5701323303.0,2149206393.0,869494988.0,83136724.0,1–2
Mr. October — Bad Bunny,Mr. October,Bad Bunny,['Latin'],3.154316666666667,2023-10-13,2023-10-28,28,28,2,46800000.0,31583226551.0,31700000.0,48.0,336100000.0,46627956.0,2.0,3113723.0,1524613.0,809917.0,589368.0,3400000.0,800000.0,400000.0,200000.0,71700000.0,25200000.0,14000000.0,6900000.0,2900000.0,1200000.0,700000.0,400000.0,5701323303.0,2149206393.0,869494988.0,83136724.0,1–2
Cybertruck — Bad Bunny,Cybertruck,Bad Bunny,['Latin'],3.199333333333333,2023-10-13,2023-10-28,30,30,2,46800000.0,31583226551.0,31700000.0,48.0,336100000.0,46627956.0,2.0,3113723.0,1524613.0,809917.0,589368.0,3400000.0,800000.0,400000.0,200000.0,71700000.0,25200000.0,14000000.0,6900000.0,2900000.0,1200000.0,700000.0,400000.0,5701323303.0,2149206393.0,869494988.0,83136724.0,1–2
Baby Nueva — Bad Bunny,Baby Nueva,Bad Bunny,['Latin'],4.0129,2023-10-13,2023-10-28,34,34,2,46800000.0,31583226551.0,31700000.0,48.0,336100000.0,46627956.0,2.0,3113723.0,1524613.0,809917.0,589368.0,3400000.0,800000.0,400000.0,200000.0,71700000.0,25200000.0,14000000.0,6900000.0,2900000.0,1200000.0,700000.0,400000.0,5701323303.0,2149206393.0,869494988.0,83136724.0,1–2
Gracias Por Nada — Bad Bunny,Gracias Por Nada,Bad Bunny,['Latin'],2.957516666666667,2023-10-13,2023-10-28,52,52,1,46800000.0,31583226551.0,31700000.0,48.0,336100000.0,46627956.0,2.0,3113723.0,1524613.0,809917.0,589368.0,3400000.0,800000.0,400000.0,200000.0,71700000.0,25200000.0,14000000.0,6900000.0,2900000.0,1200000.0,700000.0,400000.0,5701323303.0,2149206393.0,869494988.0,83136724.0,1–2
Vou 787 — Bad Bunny,Vou 787,Bad Bunny,['Latin'],2.0607333333333333,2023-10-13,2023-10-28,53,53,1,46800000.0,31583226551.0,31700000.0,48.0,336100000.0,46627956.0,2.0,3113723.0,1524613.0,809917.0,589368.0,3400000.0,800000.0,400000.0,200000.0,71700000.0,25200000.0,14000000.0,6900000.0,2900000.0,1200000.0,700000.0,400000.0,5701323303.0,2149206393.0,869494988.0,83136724.0,1–2
Los Pits — Bad Bunny,Los Pits,Bad Bunny,['Latin'],4.18085,2023-10-13,2023-10-28,61,61,1,46800000.0,31583226551.0,31700000.0,48.0,336100000.0,46627956.0,2.0,3113723.0,1524613.0,809917.0,589368.0,3400000.0,800000.0,400000.0,200000.0,71700000.0,25200000.0,14000000.0,6900000.0,2900000.0,1200000.0,700000.0,400000.0,5701323303.0,2149206393.0,869494988.0,83136724.0,1–2
No Me Quiero Casar — Bad Bunny,No Me Quiero Casar,Bad Bunny,['Latin'],3.7609166666666662,2023-10-13,2023-10-28,65,65,1,46800000.0,31583226551.0,31700000.0,48.0,336100000.0,46627956.0,2.0,3113723.0,1524613.0,809917.0,589368.0,3400000.0,800000.0,400000.0,200000.0,71700000.0,25200000.0,14000000.0,6900000.0,2900000.0,1200000.0,700000.0,400000.0,5701323303.0,2149206393.0,869494988.0,83136724.0,1–2
Vuelve Candy B — Bad Bunny,Vuelve Candy B,Bad Bunny,['Latin'],4.436183333333333,2023-10-13,2023-10-28,70,70,1,46800000.0,31583226551.0,31700000.0,48.0,336100000.0,46627956.0,2.0,3113723.0,1524613.0,809917.0,589368.0,3400000.0,800000.0,400000.0,200000.0,71700000.0,25200000.0,14000000.0,6900000.0,2900000.0,1200000.0,700000.0,400000.0,5701323303.0,2149206393.0,869494988.0,83136724.0,1–2
Baticano — Bad Bunny,Baticano,Bad Bunny,['Latin'],4.266666666666667,2023-10-13,2023-10-28,78,78,1,46800000.0,31583226551.0,31700000.0,48.0,336100000.0,46627956.0,2.0,3113723.0,1524613.0,809917.0,589368.0,3400000.0,800000.0,400000.0,200000.0,71700000.0,25200000.0,14000000.0,6900000.0,2900000.0,1200000.0,700000.0,400000.0,5701323303.0,2149206393.0,869494988.0,83136724.0,1–2
Burn It Down — Parker McCollum,Burn It Down,Parker McCollum,['Country'],3.8978166666666665,2023-05-12,2023-11-04,77,42,25,181000.0,177881814.0,627100.0,106.0,4100000.0,960260.0,1276.0,222541.0,97536.0,54478.0,19589.0,180600.0,88890.0,42500.0,9000.0,2100000.0,1130000.0,400000.0,100000.0,,24000.0,14000.0,5000.0,,-12751334.0,20181730.0,6901583.0,17–32
One Of Your Girls — Troye Sivan,One Of Your Girls,Troye Sivan,['Pop'],3.0247,2023-10-13,2023-11-04,79,79,1,8030000.0,1893188845.0,3000000.0,262.0,69800000.0,15045006.0,1702.0,,788660.0,353653.0,128910.0,,1100000.0,500000.0,100000.0,,27600000.0,15600000.0,3400000.0,190000.0,150000.0,120000.0,40000.0,232312813.0,133109205.0,89707509.0,24911471.0,1–2
Is It Over Now? (Taylor's Version) [From The Vault] — Taylor Swift,Is It Over Now? (Taylor's Version) [From The Vault],Taylor Swift,['Pop'],4.950333333333333,2021-11-12,2023-11-11,1,1,22,,,6400000.0,17.0,52000000.0,184368893.0,518.0,43566692.0,26722673.0,11620070.0,2446609.0,,,,,,,,,,,,,,,,,17–32
Now That We Don't Talk (Taylor's Version) [From The Vault] — Taylor Swift,Now That We Don't Talk (Taylor's Version) [From The Vault],Taylor Swift,['Pop'],4.950333333333333,2021-11-12,2023-11-11,2,2,8,,,6400000.0,17.0,52000000.0,184368893.0,518.0,43566692.0,26722673.0,11620070.0,2446609.0,,,,,,,,,,,,,,,,,3–8
Slut! (Taylor's Version) [From The Vault] — Taylor Swift,Slut! (Taylor's Version) [From The Vault],Taylor Swift,['Pop'],4.950333333333333,2021-11-12,2023-11-11,3,3,5,,,6400000.0,17.0,52000000.0,184368893.0,518.0,43566692.0,26722673.0,11620070.0,2446609.0,,,,,,,,,,,,,,,,,3–8
Say Don't Go (Taylor's Version) [From The Vault] — Taylor Swift,Say Don't Go (Taylor's Version) [From The Vault],Taylor Swift,['Pop'],3.338016666666667,2021-11-12,2023-11-11,5,5,5,,,6400000.0,17.0,52000000.0,184368893.0,518.0,43566692.0,26722673.0,11620070.0,2446609.0,,,,,,,,,,,,,,,,,3–8
Bad Blood (Taylor's Version) — Taylor Swift,Bad Blood (Taylor's Version),Taylor Swift,['Pop'],3.7182166666666663,2021-11-12,2023-11-11,7,7,3,,,6400000.0,17.0,52000000.0,184368893.0,518.0,43566692.0,26722673.0,11620070.0,2446609.0,,,,,,,,,,,,,,,,,3–8
Style (Taylor's Version) — Taylor Swift,Style (Taylor's Version),Taylor Swift,['Pop'],3.8492333333333337,2021-11-12,2023-11-11,9,9,4,,,6400000.0,17.0,52000000.0,184368893.0,518.0,43566692.0,26722673.0,11620070.0,2446609.0,,,,,,,,,,,,,,,,,3–8
Suburban Legends (Taylor's Version) [From The Vault] — Taylor Swift,Suburban Legends (Taylor's Version) [From The Vault],Taylor Swift,['Pop'],4.950333333333333,2021-11-12,2023-11-11,10,10,3,,,6400000.0,17.0,52000000.0,184368893.0,518.0,43566692.0,26722673.0,11620070.0,2446609.0,,,,,,,,,,,,,,,,,3–8
Blank Space (Taylor's Version) — Taylor Swift,Blank Space (Taylor's Version),Taylor Swift,['Pop'],3.8492333333333337,2021-11-12,2023-11-11,12,12,3,,,6400000.0,17.0,52000000.0,184368893.0,518.0,43566692.0,26722673.0,11620070.0,2446609.0,,,,,,,,,,,,,,,,,3–8
Welcome To New York (Taylor's Version) — Taylor Swift,Welcome To New York (Taylor's Version),Taylor Swift,['Pop'],4.9031666666666665,2023-07-07,2023-11-11,14,14,2,52700000.0,29758988038.0,19400000.0,55.0,172900000.0,267229768.0,594.0,49093105.0,27802926.0,13636823.0,4707444.0,,3160992.9078014176,1600000.0,700000.0,,20620567.37588653,9900000.0,5100000.0,,2100000.0,1300000.0,500000.0,,2171768754.0,1237937945.0,434780691.0,1–2
Out Of The Woods (Taylor's Version) — Taylor Swift,Out Of The Woods (Taylor's Version),Taylor Swift,['Pop'],3.7182166666666663,2021-11-12,2023-11-11,16,16,3,,,6400000.0,17.0,52000000.0,184368893.0,518.0,43566692.0,26722673.0,11620070.0,2446609.0,,,,,,,,,,,,,,,,,3–8
All You Had To Do Was Stay (Taylor's Version) — Taylor Swift,All You Had To Do Was Stay (Taylor's Version),Taylor Swift,['Pop'],5.486,2021-11-12,2023-11-11,20,20,2,,,6400000.0,17.0,52000000.0,184368893.0,518.0,43566692.0,26722673.0,11620070.0,2446609.0,,,,,,,,,,,,,,,,,1–2
Shake It Off (Taylor's Version) — Taylor Swift,Shake It Off (Taylor's Version),Taylor Swift,['Pop'],5.486,2021-11-12,2023-11-11,28,28,2,,,6400000.0,17.0,52000000.0,184368893.0,518.0,43566692.0,26722673.0,11620070.0,2446609.0,,,,,,,,,,,,,,,,,1–2
New Romantics (Taylor's Version) — Taylor Swift,New Romantics (Taylor's Version),Taylor Swift,['Pop'],3.8492333333333337,2021-11-12,2023-11-11,29,29,2,,,6400000.0,17.0,52000000.0,184368893.0,518.0,43566692.0,26722673.0,11620070.0,2446609.0,,,,,,,,,,,,,,,,,1–2
Clean (Taylor's Version) — Taylor Swift,Clean (Taylor's Version),Taylor Swift,['Pop'],3.8492333333333337,2021-11-12,2023-11-11,30,30,2,,,6400000.0,17.0,52000000.0,184368893.0,518.0,43566692.0,26722673.0,11620070.0,2446609.0,,,,,,,,,,,,,,,,,1–2
I Wish You Would (Taylor's Version) — Taylor Swift,I Wish You Would (Taylor's Version),Taylor Swift,['Pop'],5.486,2021-11-12,2023-11-11,31,31,1,,,6400000.0,17.0,52000000.0,184368893.0,518.0,43566692.0,26722673.0,11620070.0,2446609.0,,,,,,,,,,,,,,,,,1–2
I Know Places (Taylor's Version) — Taylor Swift,I Know Places (Taylor's Version),Taylor Swift,['Pop'],3.6627,2021-11-12,2023-11-11,36,36,1,,,6400000.0,17.0,52000000.0,184368893.0,518.0,43566692.0,26722673.0,11620070.0,2446609.0,,,,,,,,,,,,,,,,,1–2
Wonderland (Taylor's Version) — Taylor Swift,Wonderland (Taylor's Version),Taylor Swift,['Pop'],3.8492333333333337,2021-11-12,2023-11-11,39,39,1,,,6400000.0,17.0,52000000.0,184368893.0,518.0,43566692.0,26722673.0,11620070.0,2446609.0,,,,,,,,,,,,,,,,,1–2
How You Get The Girl (Taylor's Version) — Taylor Swift,How You Get The Girl (Taylor's Version),Taylor Swift,['Pop'],3.6627,2021-11-12,2023-11-11,40,40,1,,,6400000.0,17.0,52000000.0,184368893.0,518.0,43566692.0,26722673.0,11620070.0,2446609.0,,,,,,,,,,,,,,,,,1–2
This Is Halloween — The Citizens of Halloween,This Is Halloween,The Citizens of Halloween,"['Soundtrack', 'Children’s Music']",3.276,1993-01-01,2023-11-11,41,38,2,,,,,,,,,,,,,,,,,,,,,,,,,,,,1–2
You Are In Love (Taylor's Version) — Taylor Swift,You Are In Love (Taylor's Version),Taylor Swift,['Pop'],5.486,2021-11-12,2023-11-11,43,43,1,,,6400000.0,17.0,52000000.0,184368893.0,518.0,43566692.0,26722673.0,11620070.0,2446609.0,,,,,,,,,,,,,,,,,1–2
World On Fire — Nate Smith,World On Fire,Nate Smith,['Country'],3.16645,2023-04-28,2023-11-11,92,21,20,95000.0,56991530.0,1500000.0,1829.0,18200000.0,135953.0,684.0,97243.0,31401.0,13601.0,3881.0,400000.0,100000.0,55555.555555555504,0.0,7200000.0,2500000.0,1044444.444444444,400000.0,,29400.0,11000.0,3000.0,,26982359.0,13912943.0,4369573.0,17–32
Standing Next To You — Jung Kook,Standing Next To You,Jung Kook,"['K-Pop', 'Pop']",3.433666666666667,2023-11-03,2023-11-18,5,5,19,,,15800000.0,14.0,110000000.0,,,,,,,,,8100000.0,2300000.0,,,104900000.0,64400000.0,,,,,,,,,17–32
Now And Then — The Beatles,Now And Then,The Beatles,['Rock'],4.138883333333333,2010-11-16,2023-11-18,7,7,2,,,,,,,,,,,,,,,,,,,,,,,,,,,,1–2
Cobra — Megan Thee Stallion,Cobra,Megan Thee Stallion,['Hip-Hop/Rap'],2.81555,2023-11-03,2023-11-18,32,32,2,5770000.0,2560578915.0,12900000.0,109.0,118600000.0,31534105.0,207.0,1372598.0,858446.0,331534.0,156054.0,,500000.0,400000.0,100000.0,,17100000.0,12100000.0,4300000.0,190000.0,90000.0,60000.0,30000.0,336330840.0,147991551.0,64294664.0,25686361.0,1–2
Can't Catch Me Now — Olivia Rodrigo,Can't Catch Me Now,Olivia Rodrigo,[],,,2023-11-18,56,56,12,,,,,,,,,,,,,,,,,,,,,,,,,,,,9–16
Bleed — The Kid LAROI,Bleed,The Kid LAROI,['Pop'],2.8594333333333335,2023-11-03,2023-11-18,97,97,1,5380000.0,2087076264.0,3900000.0,58.0,45600000.0,3984129.0,18.0,-96330.0,-40013.0,22129.0,51116.0,600000.0,300000.0,300000.0,300000.0,12300000.0,8900000.0,8500000.0,8400000.0,750000.0,280000.0,190000.0,140000.0,282312696.0,211596064.0,111422507.0,64844679.0,1–2
Lovin On Me — Jack Harlow,Lovin On Me,Jack Harlow,['Hip-Hop/Rap'],2.30685,2023-11-10,2023-11-25,2,1,38,2520000.0,1395597338.0,5700000.0,62.0,80900000.0,6764096.0,558.0,-128169.0,45138.0,-7764.0,-1195.0,300000.0,300000.0,300000.0,200000.0,5000000.0,4800000.0,4200000.0,3100000.0,200000.0,100000.0,50000.0,20000.0,268281981.0,127261713.0,57171687.0,28121153.0,33–64
Houdini — Dua Lipa,Houdini,Dua Lipa,['Pop'],3.098633333333334,2023-11-09,2023-11-25,11,11,23,22100000.0,11764637245.0,9400000.0,5.0,25200000.0,88642488.0,8.0,1150496.0,534449.0,-156550.0,-201042.0,,400000.0,0.0,0.0,,8200000.0,-300000.0,500000.0,900000.0,500000.0,200000.0,0.0,1453713253.0,756685777.0,325093759.0,119802821.0,17–32
LALALALA — Stray Kids,LALALALA,Stray Kids,"['K-Pop', 'Pop']",3.0370666666666666,2023-11-10,2023-11-25,90,90,1,14600000.0,3908138627.0,21300000.0,368.0,563900000.0,27404595.0,4088.0,4070449.0,2201091.0,777361.0,141895.0,6511252.0,3200000.0,1300000.0,400000.0,,180400000.0,54200000.0,24500000.0,3600000.0,2100000.0,900000.0,300000.0,1559732506.0,892786292.0,378691838.0,117859357.0,1–2
Smurk Carter — Lil Durk,Smurk Carter,Lil Durk,"['Rap', 'Hip-Hop/Rap']",3.6319,2023-11-10,2023-11-25,95,95,1,5900000.0,4891306119.0,2700000.0,52.0,9900000.0,15550924.0,69.0,,1028398.0,384913.0,123456.0,600000.0,400000.0,100000.0,100000.0,4300000.0,3400000.0,800000.0,400000.0,1150000.0,840000.0,250000.0,80000.0,1165026836.0,673739471.0,276358104.0,100010249.0,1–2
Soak City (Do It) — 310babii,Soak City (Do It),310babii,['Hip-Hop/Rap'],1.9022666666666668,2023-06-03,2023-11-25,100,68,3,,,,,,,,,,,,,,,,,,,,,,,,,,,,3–8
You Broke My Heart — Drake,You Broke My Heart,Drake,['Hip-Hop/Rap'],3.84515,2023-11-17,2023-12-02,11,11,19,28800000.0,16312691049.0,,,,144325927.0,409.0,19122296.0,6934637.0,2546012.0,432254.0,,,,,,,,,1500000.0,900000.0,600000.0,200000.0,2645529857.0,1366449802.0,739068873.0,325637681.0,17–32
Exes — Tate McRae,Exes,Tate McRae,"['Pop', 'Alternative']",2.6566833333333335,2023-11-17,2023-12-02,34,34,20,4370000.0,1194025677.0,5600000.0,770.0,241500000.0,2638642.0,330.0,448708.0,464179.0,444878.0,180932.0,1200000.0,1100000.0,1000000.0,400000.0,73400000.0,59100000.0,50200000.0,20700000.0,300000.0,240000.0,220000.0,110000.0,269107481.0,177955197.0,137625836.0,74307093.0,17–32
Red Button — Drake,Red Button,Drake,['Hip-Hop/Rap'],2.667483333333333,2023-11-17,2023-12-02,51,51,1,28800000.0,16312691049.0,,,,144325927.0,409.0,19122296.0,6934637.0,2546012.0,432254.0,,,,,,,,,1500000.0,900000.0,600000.0,200000.0,2645529857.0,1366449802.0,739068873.0,325637681.0,1–2
The Shoe Fits — Drake,The Shoe Fits,Drake,['Hip-Hop/Rap'],6.233766666666667,2023-11-17,2023-12-02,52,52,1,28800000.0,16312691049.0,,,,144325927.0,409.0,19122296.0,6934637.0,2546012.0,432254.0,,,,,,,,,1500000.0,900000.0,600000.0,200000.0,2645529857.0,1366449802.0,739068873.0,325637681.0,1–2
Stories About My Brother — Drake,Stories About My Brother,Drake,['Hip-Hop/Rap'],4.402166666666667,2023-11-17,2023-12-02,58,58,1,28800000.0,16312691049.0,,,,144325927.0,409.0,19122296.0,6934637.0,2546012.0,432254.0,,,,,,,,,1500000.0,900000.0,600000.0,200000.0,2645529857.0,1366449802.0,739068873.0,325637681.0,1–2
Wick Man — Drake,Wick Man,Drake,['Hip-Hop/Rap'],3.023816666666667,2023-11-17,2023-12-02,71,71,1,28800000.0,16312691049.0,,,,144325927.0,409.0,19122296.0,6934637.0,2546012.0,432254.0,,,,,,,,,1500000.0,900000.0,600000.0,200000.0,2645529857.0,1366449802.0,739068873.0,325637681.0,1–2
Where The Wild Things Are — Luke Combs,Where The Wild Things Are,Luke Combs,['Country'],3.9924166666666663,2023-03-24,2023-12-02,84,26,22,3020000.0,3493925610.0,4400000.0,177.0,38900000.0,4997524.0,1335.0,810854.0,404181.0,289543.0,137538.0,1300000.0,500000.0,200000.0,0.0,16200000.0,7600000.0,4600000.0,1100000.0,,170000.0,100000.0,30000.0,,343068269.0,180594148.0,63537452.0,17–32
"I Swear, I Really Wanted To Make A ""Rap"" Album But... — Andre 3000","I Swear, I Really Wanted To Make A ""Rap"" Album But...",Andre 3000,[],,,2023-12-02,90,90,1,,,,,,,,,,,,,,,,,,,,,,,,,,,,1–2
You're Losing Me — Taylor Swift,You're Losing Me,Taylor Swift,[],,,2023-12-09,46,46,1,,,,,,,,,,,,,,,,,,,,,,,,,,,,1–2
My House — Beyonce,My House,Beyonce,"['Pop', 'Dance']",4.38235,2023-12-01,2023-12-16,57,57,1,26400000.0,17841197243.0,5100000.0,8.0,5700000.0,318898075.0,2238.0,34704700.0,8288293.0,2260291.0,248602.0,,400000.0,200000.0,0.0,,500000.0,300000.0,0.0,1100000.0,500000.0,200000.0,0.0,1520532361.0,640987096.0,273805095.0,0.0,1–2
Mmhmm — BigXthaPlug,Mmhmm,BigXthaPlug,['Hip-Hop/Rap'],1.9837833333333332,2023-10-06,2023-12-16,93,63,20,261000.0,165440267.0,86500.0,14.0,507400.0,349712.0,194.0,258248.0,169918.0,82065.0,22028.0,,,17500.0,2900.0,,,26600.0,3900.0,230200.0,144000.0,73000.0,21000.0,156102022.0,108773696.0,57218485.0,18390342.0,17–32
Feather — Sabrina Carpenter,Feather,Sabrina Carpenter,['Pop'],2.5514666666666668,2023-08-04,2023-12-16,100,21,37,6010000.0,1430658770.0,14200000.0,140.0,188600000.0,29983232.0,189.0,2375493.0,1618910.0,753302.0,340460.0,1700000.0,800000.0,400000.0,200000.0,56200000.0,23200000.0,10500000.0,4100000.0,,180000.0,80000.0,30000.0,,137940564.0,66896888.0,23450098.0,33–64
FTCU — Nicki Minaj,FTCU,Nicki Minaj,['Hip-Hop/Rap'],2.8689666666666667,2023-12-08,2023-12-23,42,15,20,26300000.0,10595299319.0,19400000.0,244.0,132200000.0,228495605.0,6559.0,,,2359416.0,443580.0,2600000.0,1900000.0,800000.0,200000.0,38100000.0,28800000.0,17300000.0,4500000.0,1300000.0,800000.0,300000.0,100000.0,879225835.0,455904294.0,144404513.0,0.0,17–32
Barbie Dangerous — Nicki Minaj,Barbie Dangerous,Nicki Minaj,['Hip-Hop/Rap'],2.2133166666666666,2023-12-08,2023-12-23,58,58,1,26300000.0,10595299319.0,19400000.0,244.0,132200000.0,228495605.0,6559.0,,,2359416.0,443580.0,2600000.0,1900000.0,800000.0,200000.0,38100000.0,28800000.0,17300000.0,4500000.0,1300000.0,800000.0,300000.0,100000.0,879225835.0,455904294.0,144404513.0,0.0,1–2
Are You Gone Already — Nicki Minaj,Are You Gone Already,Nicki Minaj,['Hip-Hop/Rap'],4.514333333333333,2023-12-08,2023-12-23,60,60,1,26300000.0,10595299319.0,19400000.0,244.0,132200000.0,228495605.0,6559.0,,,2359416.0,443580.0,2600000.0,1900000.0,800000.0,200000.0,38100000.0,28800000.0,17300000.0,4500000.0,1300000.0,800000.0,300000.0,100000.0,879225835.0,455904294.0,144404513.0,0.0,1–2
Beep Beep — Nicki Minaj,Beep Beep,Nicki Minaj,['Hip-Hop/Rap'],1.5903666666666667,2023-12-08,2023-12-23,64,64,2,26300000.0,10595299319.0,19400000.0,244.0,132200000.0,228495605.0,6559.0,,,2359416.0,443580.0,2600000.0,1900000.0,800000.0,200000.0,38100000.0,28800000.0,17300000.0,4500000.0,1300000.0,800000.0,300000.0,100000.0,879225835.0,455904294.0,144404513.0,0.0,1–2
Run For The Hills — Tate McRae,Run For The Hills,Tate McRae,"['Pop', 'Alternative']",2.399,2023-12-08,2023-12-23,69,69,4,4760000.0,1306024868.0,5900000.0,779.0,249000000.0,2914263.0,343.0,716810.0,743134.0,701444.0,332767.0,,1400000.0,1200000.0,400000.0,,65300000.0,50700000.0,12400000.0,680000.0,630000.0,610000.0,430000.0,369599963.0,280238300.0,239699846.0,137610278.0,3–8
Big Difference — Nicki Minaj,Big Difference,Nicki Minaj,['Hip-Hop/Rap'],3.18625,2023-12-08,2023-12-23,73,73,1,26300000.0,10595299319.0,19400000.0,244.0,132200000.0,228495605.0,6559.0,,,2359416.0,443580.0,2600000.0,1900000.0,800000.0,200000.0,38100000.0,28800000.0,17300000.0,4500000.0,1300000.0,800000.0,300000.0,100000.0,879225835.0,455904294.0,144404513.0,0.0,1–2
Fallin 4 U — Nicki Minaj,Fallin 4 U,Nicki Minaj,['Hip-Hop/Rap'],3.843816666666666,2023-12-08,2023-12-23,74,74,1,26300000.0,10595299319.0,19400000.0,244.0,132200000.0,228495605.0,6559.0,,,2359416.0,443580.0,2600000.0,1900000.0,800000.0,200000.0,38100000.0,28800000.0,17300000.0,4500000.0,1300000.0,800000.0,300000.0,100000.0,879225835.0,455904294.0,144404513.0,0.0,1–2
Pink Friday Girls — Nicki Minaj,Pink Friday Girls,Nicki Minaj,['Hip-Hop/Rap'],2.77165,2023-12-08,2023-12-23,82,82,1,26300000.0,10595299319.0,19400000.0,244.0,132200000.0,228495605.0,6559.0,,,2359416.0,443580.0,2600000.0,1900000.0,800000.0,200000.0,38100000.0,28800000.0,17300000.0,4500000.0,1300000.0,800000.0,300000.0,100000.0,879225835.0,455904294.0,144404513.0,0.0,1–2
Pink Birthday — Nicki Minaj,Pink Birthday,Nicki Minaj,['Hip-Hop/Rap'],2.1333333333333333,2023-12-08,2023-12-23,89,89,1,26300000.0,10595299319.0,19400000.0,244.0,132200000.0,228495605.0,6559.0,,,2359416.0,443580.0,2600000.0,1900000.0,800000.0,200000.0,38100000.0,28800000.0,17300000.0,4500000.0,1300000.0,800000.0,300000.0,100000.0,879225835.0,455904294.0,144404513.0,0.0,1–2
Bahm Bahm — Nicki Minaj,Bahm Bahm,Nicki Minaj,['Hip-Hop/Rap'],2.36145,2023-10-13,2023-12-23,95,95,1,26200000.0,10488230906.0,19100000.0,221.0,124900000.0,227478833.0,6546.0,,,,1137990.0,,1800000.0,1300000.0,500000.0,,25100000.0,15700000.0,9700000.0,1300000.0,900000.0,500000.0,100000.0,901400509.0,475297263.0,238898043.0,21518257.0,1–2
La Diabla — Xavi,La Diabla,Xavi,"['Música Mexicana', 'Latin']",2.8710666666666667,2023-11-30,2023-12-30,76,20,20,427000.0,133395252.0,1600000.0,62.0,15900000.0,846295.0,18.0,813487.0,763052.0,716174.0,317411.0,,1281000.0,1179700.0,500000.0,,10100000.0,8200000.0,2700000.0,383100.0,373800.0,360000.0,168000.0,127924762.0,126093341.0,123269106.0,73139387.0,17–32
Jingle Bells — Meghan Trainor,Jingle Bells,Meghan Trainor,['Holiday'],2.2664333333333335,2023-11-05,2023-12-30,81,78,4,14800000.0,8751998742.0,17900000.0,536.0,407600000.0,18106484.0,1570.0,2961669.0,761922.0,210847.0,20693.0,4100000.0,200000.0,0.0,0.0,168800000.0,19800000.0,5800000.0,800000.0,2200000.0,100000.0,0.0,0.0,1291026451.0,240855470.0,62503339.0,0.0,3–8
Crazy — Lil Baby,Crazy,Lil Baby,['Hip-Hop/Rap'],3.2,2023-12-15,2023-12-30,83,83,1,8980000.0,8598362166.0,4500000.0,36.0,20800000.0,23440710.0,229.0,2244546.0,1128440.0,448429.0,211352.0,500000.0,200000.0,100000.0,100000.0,3200000.0,900000.0,300000.0,100000.0,780000.0,340000.0,150000.0,50000.0,1451873351.0,603679400.0,272757859.0,85922284.0,1–2
Never Lose Me — Flo Milli,Never Lose Me,Flo Milli,['Hip-Hop/Rap'],2.0983666666666667,2023-11-30,2023-12-30,84,15,21,544000.0,155208046.0,1400000.0,231.0,21300000.0,1243995.0,481.0,144791.0,99694.0,40527.0,8072.0,100000.0,0.0,0.0,0.0,3200000.0,1800000.0,700000.0,300000.0,44000.0,22000.0,8000.0,3000.0,28915314.0,14157847.0,6051814.0,1592249.0,17–32
Mind On You — George Birge,Mind On You,George Birge,['Country'],2.965333333333333,2021-11-05,2023-12-30,88,62,4,,,169100.0,100.0,1500000.0,,,,,,,,,11400.0,1400.0,,,200000.0,0.0,,,,,,,,,3–8
La Victima — Xavi,La Victima,Xavi,"['Música Mexicana', 'Latin']",2.605766666666667,2023-08-17,2023-12-30,91,46,15,58700.0,8624674.0,402200.0,136.0,7300000.0,114818.0,362.0,83715.0,80488.0,36121.0,27336.0,,,108400.0,52000.0,,,2000000.0,1000000.0,,12100.0,6600.0,2800.0,,2474963.0,1571814.0,701305.0,9–16
Wondering Why — The Red Clay Strays,Wondering Why,The Red Clay Strays,['Country'],3.8819666666666666,2022-03-09,2023-12-30,93,71,20,1090.0,107337.0,,,,6416.0,,689.0,130.0,-1.0,0.0,,,,,,,,,,0.0,0.0,0.0,,0.0,0.0,0.0,17–32
DJ Play A Christmas Song — Cher,DJ Play A Christmas Song,Cher,"['Holiday', 'Pop']",3.485116666666667,2023-10-06,2023-12-30,94,90,2,974000.0,737660892.0,,,,2667090.0,237.0,358661.0,160563.0,67608.0,31486.0,,,,,,,,,170000.0,84000.0,37000.0,13000.0,215144726.0,107241258.0,47381415.0,13930927.0,1–2
Winter Wonderland — Chloe,Winter Wonderland,Chloe,['Pop'],2.1149833333333334,2015-12-08,2023-12-30,96,87,2,,,,,,,,,,,,,,,,,,,,,,,,,,,,1–2
I Saw Mommy Kissing Santa Claus — Jackson 5,I Saw Mommy Kissing Santa Claus,Jackson 5,['Holiday'],3.0316666666666667,1970-10-01,2024-01-06,43,43,1,,,,,,,,,,,,,,,,,,,,,,,,,,,,1–2
I Can Feel It — Kane Brown,I Can Feel It,Kane Brown,['Country'],2.7266666666666666,2024-09-21,2024-01-13,59,50,13,3730000.0,2931700410.0,5400000.0,113.0,36300000.0,3727008.0,326.0,162039.0,100196.0,49319.0,13288.0,100000.0,0.0,0.0,0.0,4200000.0,1900000.0,400000.0,100000.0,150000.0,80000.0,30000.0,10000.0,255895921.0,145406956.0,58154572.0,29408512.0,9–16
23 — Chayce Beckham,23,Chayce Beckham,['Country'],3.1151166666666668,2021-05-22,2024-01-13,71,45,20,,,,,,167096.0,115.0,,,,53194.0,,,,,,,,,,,,,,,,,17–32
Murder On The Dancefloor — Sophie Ellis-Bextor,Murder On The Dancefloor,Sophie Ellis-Bextor,['Pop'],3.8566666666666665,2001-08-27,2024-01-13,98,51,12,,,,,,,,,,,,,,,,,,,,,,,,,,,,9–16
Wildflowers And Wild Horses — Lainey Wilson,Wildflowers And Wild Horses,Lainey Wilson,['Country'],3.60955,2023-11-10,2024-01-13,100,48,16,325000.0,204385421.0,2100000.0,808.0,18500000.0,1920158.0,3060.0,1657233.0,745216.0,320487.0,125089.0,1612800.0,400000.0,100000.0,0.0,14200000.0,5500000.0,1500000.0,500000.0,218000.0,106000.0,45000.0,16000.0,146088228.0,79685354.0,38565133.0,13096614.0,9–16
Act II: Date @ 8 — 4Batz,Act II: Date @ 8,4Batz,['R&B/Soul'],1.89475,2023-12-15,2024-01-20,77,59,9,5530.0,205906.0,43800.0,34.0,482700.0,3212.0,8.0,,,,1296.0,,,,,,,,,,,,5195.0,,,,177250.0,9–16
Coal — Dylan Gossett,Coal,Dylan Gossett,['Country'],3.240666666666667,2023-07-27,2024-01-20,89,73,11,,,141800.0,28.0,1200000.0,5192.0,35.0,,,,,,,,,,,,,,,,,,,,,9–16
When It Comes To You — Fridayy,When It Comes To You,Fridayy,['R&B/Soul'],2.80125,2023-07-21,2024-01-20,98,97,2,85100.0,15338005.0,,,,349827.0,75.0,,174963.0,48278.0,21345.0,,,,,,,,,,58700.0,32400.0,19500.0,,11575760.0,7921541.0,4720248.0,1–2
"Yes, And? — Ariana Grande","Yes, And?",Ariana Grande,['Pop'],3.5832333333333333,2024-01-12,2024-01-27,1,1,13,53300000.0,24920455037.0,33800000.0,153.0,189200000.0,380496338.0,154.0,31080328.0,3406483.0,-22214.0,-470037.0,5600000.0,1300000.0,700000.0,300000.0,86300000.0,36400000.0,15500000.0,6400000.0,1100000.0,600000.0,300000.0,100000.0,1899308368.0,901754507.0,494018265.0,247073483.0,9–16
Redrum — 21 Savage,Redrum,21 Savage,['Hip-Hop/Rap'],5.075583333333333,2024-01-13,2024-01-27,5,5,20,8920000.0,4908852548.0,1700000.0,23.0,7300000.0,19325514.0,1347.0,,2111580.0,1135402.0,356573.0,400000.0,300000.0,200000.0,100000.0,1900000.0,1600000.0,1400000.0,1400000.0,570000.0,300000.0,180000.0,100000.0,586081520.0,260226729.0,146936314.0,50148118.0,17–32
All Of Me — 21 Savage,All Of Me,21 Savage,['Hip-Hop/Rap'],3.304883333333333,2024-01-12,2024-01-27,18,18,4,8900000.0,4908852548.0,1600000.0,23.0,6400000.0,19285123.0,1346.0,4345144.0,2081848.0,1103444.0,322617.0,,200000.0,100000.0,0.0,,700000.0,500000.0,500000.0,560000.0,280000.0,160000.0,80000.0,588327977.0,262627119.0,146936314.0,50148118.0,3–8
Sneaky — 21 Savage,Sneaky,21 Savage,['Hip-Hop/Rap'],3.3612,2024-01-12,2024-01-27,33,33,3,8900000.0,4908852548.0,1600000.0,23.0,6400000.0,19285123.0,1346.0,4345144.0,2081848.0,1103444.0,322617.0,,200000.0,100000.0,0.0,,700000.0,500000.0,500000.0,560000.0,280000.0,160000.0,80000.0,588327977.0,262627119.0,146936314.0,50148118.0,3–8
Letter To My Brudda — 21 Savage,Letter To My Brudda,21 Savage,['Hip-Hop/Rap'],2.652233333333333,2024-01-12,2024-01-27,59,59,1,8900000.0,4908852548.0,1600000.0,23.0,6400000.0,19285123.0,1346.0,4345144.0,2081848.0,1103444.0,322617.0,,200000.0,100000.0,0.0,,700000.0,500000.0,500000.0,560000.0,280000.0,160000.0,80000.0,588327977.0,262627119.0,146936314.0,50148118.0,1–2
See The Real — 21 Savage,See The Real,21 Savage,[],,,2024-01-27,66,66,1,,,,,,,,,,,,,,,,,,,,,,,,,,,,1–2
J Christ — Lil Nas X,J Christ,Lil Nas X,['Pop'],2.5627833333333334,2024-01-12,2024-01-27,69,69,1,19200000.0,6578527359.0,29100000.0,962.0,1100000000.0,11450692.0,54.0,-815084.0,-575255.0,-341435.0,-163303.0,,-100000.0,100000.0,200000.0,,100000000.0,100000000.0,100000000.0,300000.0,100000.0,100000.0,0.0,576069014.0,235657675.0,131787805.0,66099968.0,1–2
02.02.99 — That Mexican OT,02.02.99,That Mexican OT,['Hip-Hop/Rap'],2.7027,2024-01-09,2024-01-27,88,74,3,942000.0,401981382.0,1500000.0,357.0,16600000.0,1178296.0,36.0,1032254.0,627963.0,110740.0,20251.0,,672500.0,100000.0,100000.0,,8700000.0,2100000.0,900000.0,769000.0,553000.0,168000.0,39000.0,359705287.0,290765481.0,123107222.0,31786933.0,3–8
Made For Me — Muni Long,Made For Me,Muni Long,['R&B/Soul'],3.1333333333333333,2023-09-15,2024-01-27,93,20,22,540000.0,238641907.0,1200000.0,873.0,22300000.0,796045.0,480.0,94869.0,25400.0,9190.0,1609.0,100000.0,0.0,0.0,0.0,2900000.0,600000.0,200000.0,100000.0,104000.0,44000.0,21000.0,6000.0,78421378.0,48067289.0,23168907.0,7282313.0,17–32
Beautiful Things — Benson Boone,Beautiful Things,Benson Boone,['Pop'],2.571283333333333,2024-01-18,2024-02-03,15,2,81,741000.0,319682485.0,4100000.0,862.0,206100000.0,1036131.0,343.0,620388.0,494870.0,473086.0,460758.0,,300000.0,300000.0,200000.0,,12400000.0,11200000.0,8800000.0,425000.0,210000.0,117000.0,49000.0,193584633.0,99757099.0,48308604.0,16849719.0,65+
No Caller ID — Megan Moroney,No Caller ID,Megan Moroney,['Country'],3.4793166666666666,2024-01-19,2024-02-03,58,58,2,87900.0,49849380.0,937500.0,333.0,20400000.0,865303.0,569.0,578687.0,272971.0,126445.0,39834.0,422200.0,163900.0,94200.0,68400.0,12500000.0,5500000.0,3400000.0,2600000.0,71200.0,28100.0,11700.0,4200.0,47241572.0,25212607.0,12255511.0,4350780.0,1–2
Skin And Bones — David Kushner,Skin And Bones,David Kushner,['Pop'],3.5772,2024-01-19,2024-02-03,70,70,1,1130000.0,412951350.0,4900000.0,1325.0,125400000.0,1557663.0,216.0,1444597.0,577788.0,180923.0,29409.0,,500000.0,300000.0,100000.0,,11500000.0,7100000.0,2600000.0,1065300.0,532000.0,205000.0,70000.0,390974420.0,241656676.0,112533987.0,37392682.0,1–2
Hiss — Megan Thee Stallion,Hiss,Megan Thee Stallion,"['Hip-Hop/Rap', 'Rap']",3.21365,2024-01-26,2024-02-10,1,1,6,5880000.0,2640609521.0,13100000.0,128.0,125300000.0,31455180.0,262.0,1449175.0,311941.0,4933.0,41518.0,,600000.0,200000.0,100000.0,,19400000.0,8400000.0,1000000.0,250000.0,170000.0,130000.0,40000.0,326561455.0,150639483.0,80030606.0,26166658.0,3–8
Selfish — Justin Timberlake,Selfish,Justin Timberlake,['Pop'],3.8222,2024-01-25,2024-02-10,19,19,13,10400000.0,7541135892.0,2500000.0,20.0,11100000.0,72139976.0,12.0,4079846.0,1534939.0,151207.0,14744.0,,600000.0,100000.0,100000.0,,7700000.0,700000.0,500000.0,300000.0,100000.0,100000.0,0.0,669710769.0,318500175.0,223807481.0,75683234.0,9–16
Big Foot — Nicki Minaj,Big Foot,Nicki Minaj,['Hip-Hop/Rap'],4.371133333333334,2024-01-29,2024-02-10,23,23,1,26600000.0,10810451756.0,20300000.0,290.0,149700000.0,229430853.0,6611.0,,,1547092.0,498226.0,,2300000.0,1100000.0,600000.0,,39400000.0,23900000.0,10800000.0,1400000.0,800000.0,400000.0,100000.0,975551304.0,498389375.0,215152437.0,108606929.0,1–2
Spin You Around (1/24) — Morgan Wallen,Spin You Around (1/24),Morgan Wallen,['Country'],3.49045,2024-01-26,2024-02-10,24,24,20,2650000.0,4210976804.0,4800000.0,52.0,22500000.0,6922033.0,777.0,2282580.0,730333.0,363187.0,109268.0,,300000.0,200000.0,100000.0,,1800000.0,1400000.0,1300000.0,790000.0,300000.0,140000.0,50000.0,1587109872.0,677675433.0,335479309.0,128238373.0,17–32
Think U The Shit (Fart) — Ice Spice,Think U The Shit (Fart),Ice Spice,['Hip-Hop/Rap'],2.36065,2024-01-26,2024-02-10,37,37,6,1930000.0,401102945.0,10500000.0,114.0,111200000.0,10640626.0,70.0,7516318.0,1707911.0,629199.0,84133.0,,1300000.0,400000.0,100000.0,,22000000.0,11600000.0,4700000.0,1717000.0,620000.0,200000.0,70000.0,379139721.0,187504642.0,65825051.0,21453956.0,3–8
Praise Jah In The Moonlight — YG Marley,Praise Jah In The Moonlight,YG Marley,['Reggae'],4.384,2023-12-27,2024-02-10,74,34,13,13300.0,234529.0,,,,107415.0,28.0,60158.0,55883.0,45126.333333333336,42067.0,,,,,,,,,,,,,,,,,9–16
Home — Good Neighbours,Home,Good Neighbours,['Alternative'],2.6247666666666665,2024-01-17,2024-02-10,77,77,11,,,28800.0,26.0,629500.0,,,,,,,,,,,,,,,,,,,,,,,9–16
One Call — Rich Amiri,One Call,Rich Amiri,['Hip-Hop/Rap'],2.0233166666666667,2023-09-15,2024-02-10,79,60,10,33700.0,7106964.0,130800.0,7.0,2600000.0,148438.0,8.0,78066.0,35580.0,28846.0,19305.0,,61100.0,55700.0,32700.0,,900000.0,800000.0,500000.0,20400.0,10000.0,5300.0,3200.0,5513628.0,3317987.0,1039476.0,491138.0,9–16
Creek Will Rise — Conner Smith,Creek Will Rise,Conner Smith,['Country'],2.82155,2023-02-24,2024-02-10,89,89,2,17900.0,7734851.0,216200.0,176.0,2600000.0,121642.0,350.0,56386.0,33194.0,-2423.0,-2003.0,30100.0,17678.846153846156,2752.6315789473592,250.0,600000.0,336538.4615384615,110526.31578947372,0.0,,,3700.0,2750.0,,,1471281.0,708324.5,1–2
All I Need Is You — Chris Janson,All I Need Is You,Chris Janson,['Country'],2.70575,2023-05-05,2024-02-10,98,98,1,360000.0,345051621.0,225800.0,410.0,989900.0,748210.0,4889.0,268080.0,-41279.0,-35967.0,-39224.0,,21158.139534883725,7100.0,2100.0,,165141.86046511633,57600.0,22900.0,,10000.0,5000.0,2000.0,,17583555.0,9777286.0,3540476.0,1–2
Bandit — Don Toliver,Bandit,Don Toliver,['Hip-Hop/Rap'],2.46245,2024-01-31,2024-02-17,38,38,18,1790000.0,1024051901.0,1100000.0,134.0,9500000.0,3047067.0,65.0,679121.0,263421.0,168946.0,109610.0,194800.0,0.0,0.0,0.0,2600000.0,600000.0,100000.0,0.0,240000.0,90000.0,50000.0,20000.0,246798880.0,102825528.0,51588564.0,10634222.0,17–32
Turn The Lights Back On — Billy Joel,Turn The Lights Back On,Billy Joel,['Pop'],3.9823166666666663,2024-01-02,2024-02-17,62,62,1,1770000.0,1881106489.0,,,,674107.0,1127.0,131498.0,75940.0,31199.0,12542.0,,,,,,,,,190000.0,90000.0,40000.0,10000.0,273229654.0,127636562.0,75011132.0,19249290.0,1–2
Get In With Me — BossMan Dlow,Get In With Me,BossMan Dlow,"['Rap', 'Hip-Hop/Rap']",2.0132166666666667,2024-01-19,2024-02-17,68,49,12,22300.0,10054919.0,,,,135819.0,84.0,,124628.0,106815.0,81757.0,,,,,,,,,,21040.0,17990.0,11200.0,,9758809.0,8625549.0,6155444.0,9–16
A Cold Sunday — Lil Yachty,A Cold Sunday,Lil Yachty,['Hip-Hop/Rap'],1.7885666666666666,2024-02-02,2024-02-17,87,87,1,3000000.0,1172707995.0,9000000.0,248.0,215200000.0,12124285.0,48.0,1527504.0,1070025.0,826976.0,46049.0,1100000.0,800000.0,700000.0,300000.0,31300000.0,27300000.0,24300000.0,10500000.0,190000.0,120000.0,40000.0,10000.0,147977051.0,79731326.0,46195609.0,11755559.0,1–2
Scared To Start — Michael Marcagi,Scared To Start,Michael Marcagi,['Alternative'],2.6606,2024-01-12,2024-02-17,98,54,23,,,144100.0,29.0,1000000.0,3159.0,,188.0,-6.0,-1.0,0.0,,,,89500.0,,,,684900.0,,,,,,,,,17–32
Texas Hold 'Em — Beyonce,Texas Hold 'Em,Beyonce,['Country'],3.89095,2024-02-11,2024-02-24,2,1,20,26600000.0,18204790961.0,5200000.0,8.0,5900000.0,319934236.0,2252.0,24318566.0,4159868.0,1056247.0,297337.0,700000.0,300000.0,100000.0,0.0,900000.0,500000.0,200000.0,100000.0,1000000.0,500000.0,200000.0,100000.0,1537949672.0,730668566.0,363593718.0,183138442.0,17–32
Forever — Noah Kahan,Forever,Noah Kahan,['Alternative'],4.472566666666666,2024-02-09,2024-02-24,28,28,4,520000.0,385185704.0,2300000.0,463.0,65600000.0,2067447.0,919.0,1753179.0,1217354.0,622898.0,305881.0,1545500.0,900000.0,600000.0,200000.0,47900000.0,28500000.0,16900000.0,6600000.0,209000.0,151000.0,101000.0,43000.0,182021178.0,128104624.0,83214401.0,32661313.0,3–8
16 Carriages — Beyonce,16 Carriages,Beyonce,['Country'],3.7875,2024-02-11,2024-02-24,38,38,6,26600000.0,18204790961.0,5200000.0,8.0,5900000.0,319934236.0,2252.0,24318566.0,4159868.0,1056247.0,297337.0,700000.0,300000.0,100000.0,0.0,900000.0,500000.0,200000.0,100000.0,1000000.0,500000.0,200000.0,100000.0,1537949672.0,730668566.0,363593718.0,183138442.0,3–8
You're Gonna Go Far — Noah Kahan,You're Gonna Go Far,Noah Kahan,['Alternative'],4.989683333333334,2024-08-30,2024-02-24,86,86,1,691000.0,584805842.0,2800000.0,464.0,81300000.0,2827976.0,865.0,1884568.0,605335.0,315625.0,93194.0,1400000.0,500000.0,300000.0,200000.0,42600000.0,14600000.0,10700000.0,4400000.0,314000.0,145000.0,61000.0,19000.0,319244132.0,176402317.0,80917053.0,24513456.0,1–2
Yeah Glo! — GloRilla,Yeah Glo!,GloRilla,['Hip-Hop/Rap'],2.3783833333333333,2024-02-08,2024-02-24,89,28,25,852000.0,422393515.0,1700000.0,156.0,11200000.0,4005006.0,535.0,958333.0,188866.0,-38250.0,-16824.0,400000.0,200000.0,100000.0,100000.0,5200000.0,1800000.0,600000.0,400000.0,273000.0,93000.0,31000.0,9000.0,204421445.0,83374231.0,37594074.0,8405911.0,17–32
Sunday Service — Latto,Sunday Service,Latto,"['Rap', 'Hip-Hop/Rap']",2.77635,2024-02-09,2024-02-24,100,100,1,1910000.0,865756630.0,7200000.0,478.0,159500000.0,11442621.0,47.0,1544457.0,451539.0,-27452.0,28716.0,800000.0,200000.0,100000.0,0.0,29600000.0,7700000.0,3000000.0,800000.0,340000.0,120000.0,60000.0,20000.0,244395951.0,107182376.0,52534509.0,17757015.0,1–2
Training Season — Dua Lipa,Training Season,Dua Lipa,['Pop'],3.4914666666666667,2024-02-15,2024-03-02,27,27,10,23100000.0,12531505602.0,10100000.0,33.0,41100000.0,88670206.0,85.0,921413.0,-146600.0,173888.0,57173.0,1200000.0,700000.0,600000.0,100000.0,24600000.0,15100000.0,15100000.0,5100000.0,1600000.0,1200000.0,900000.0,100000.0,1838094957.0,1058282082.0,643318815.0,128345245.0,9–16
Whatever She Wants — Bryson Tiller,Whatever She Wants,Bryson Tiller,['Hip-Hop/Rap'],2.689033333333333,2024-02-13,2024-03-02,32,19,20,3260000.0,2494403447.0,,,,10088576.0,13.0,,206778.0,28124.599999999627,38086.0,,,,,,,,,140000.0,80000.0,40000.0,20000.0,234414963.0,154390273.0,75327990.0,25550720.0,17–32
Breathe — Yeat,Breathe,Yeat,['Hip-Hop/Rap'],2.84745,2024-02-16,2024-03-02,42,42,6,1020000.0,461623746.0,,,,3493622.0,7.0,1472549.0,728027.0,285387.0,130953.0,,,,,,,,,436000.0,189000.0,91000.0,34000.0,142325623.0,145121626.0,69107742.0,24526101.0,3–8
End Of Beginning — Djo,End Of Beginning,Djo,['Alternative'],2.6541,2024-03-01,2024-03-02,51,11,21,139000.0,18337329.0,580000.0,13.0,2100000.0,466263.0,27.0,93455.0,99457.0,99756.0,55128.0,,,,,,,,,19000.0,15000.0,14000.0,13000.0,7791037.0,5095719.0,3952235.0,3173179.0,17–32
Bittersweet — Gunna,Bittersweet,Gunna,['Hip-Hop/Rap'],3.19155,2024-02-15,2024-03-02,82,82,1,2550000.0,1745909993.0,1900000.0,10.0,21400000.0,4641506.0,18.0,114895.0,83292.0,-39654.0,-7312.0,200000.0,100000.0,0.0,0.0,400000.0,200000.0,100000.0,0.0,460000.0,200000.0,70000.0,20000.0,470729552.0,249129827.0,105587000.0,36062274.0,1–2
Psycho CEO — Yeat,Psycho CEO,Yeat,['Hip-Hop/Rap'],3.7664166666666663,2024-02-16,2024-03-02,89,89,1,1020000.0,461623746.0,,,,3493622.0,7.0,1472549.0,728027.0,285387.0,130953.0,,,,,,,,,436000.0,189000.0,91000.0,34000.0,142325623.0,145121626.0,69107742.0,24526101.0,1–2
Tu Name — Fuerza Regida,Tu Name,Fuerza Regida,"['Música Mexicana', 'Latin']",2.53465,2024-02-09,2024-03-02,93,66,14,3360000.0,3895825577.0,3400000.0,397.0,50100000.0,6303938.0,1242.0,4315024.0,2134408.0,1266216.0,350857.0,1700000.0,600000.0,200000.0,100000.0,29000000.0,9400000.0,3900000.0,1800000.0,1800000.0,730000.0,380000.0,110000.0,2601075359.0,1189403853.0,623552558.0,204578925.0,9–16
Saturn — SZA,Saturn,SZA,['R&B/Soul'],2.65525,2024-02-23,2024-03-09,6,6,35,4680000.0,3026183439.0,,,,,,,,,,,,,,,,,,980000.0,470000.0,220000.0,100000.0,1071675320.0,496687498.0,242356585.0,94099609.0,33–64
Holy Smokes — Bailey Zimmerman,Holy Smokes,Bailey Zimmerman,['Country'],3.2526333333333333,2024-02-23,2024-03-09,54,54,16,503000.0,537664399.0,2800000.0,959.0,47100000.0,1507267.0,879.0,822302.0,360647.0,68893.0,22861.0,600000.0,200000.0,0.0,0.0,15200000.0,6400000.0,2000000.0,1300000.0,213000.0,84000.0,35000.0,13000.0,309787343.0,141990834.0,65702196.0,17714019.0,9–16
Love On — Selena Gomez,Love On,Selena Gomez,['Pop'],3.0275,2024-02-22,2024-03-09,56,56,1,34500000.0,13716348695.0,59000000.0,203.0,621600000.0,429794968.0,1982.0,48854242.0,1893377.0,-260027.0,82520.0,12000000.0,-200000.0,-300000.0,-100000.0,166400000.0,20100000.0,5300000.0,1000000.0,2000000.0,700000.0,200000.0,100000.0,1347352490.0,543411607.0,271974482.0,0.0,1–2
Old Days — Lil Durk,Old Days,Lil Durk,"['Rap', 'Hip-Hop/Rap']",3.2544666666666666,2024-02-23,2024-03-09,62,62,1,6130000.0,5196412113.0,2800000.0,70.0,11500000.0,15680388.0,9.0,1506053.0,472975.0,93170.0,19107.75,600000.0,200000.0,100000.0,100000.0,5600000.0,2300000.0,1500000.0,1300000.0,1200000.0,430000.0,190000.0,70000.0,1173294293.0,532974295.0,305105994.0,103310502.0,1–2
Dont Let Me Go — mgk,Dont Let Me Go,Machine Gun Kelly,['Country'],2.8268833333333334,2018-05-03,2024-03-09,76,76,1,,,,,,,,,,,,,,,,,,,,,,,,,,,,1–2
Wine Into Whiskey — Tucker Wetmore,Wine Into Whiskey,Tucker Wetmore,['Country'],2.7723833333333334,2024-02-23,2024-03-09,77,68,20,7570.0,114487.0,603100.0,86.0,6800000.0,92221.0,102.0,,,,,411000.0,361900.0,361200.0,177000.0,4000000.0,3300000.0,3200000.0,2000000.0,7052.0,6990.0,6970.0,1900.0,98080.0,96258.0,95415.0,34427.0,17–32
Let's Go — Key Glock,Let's Go,Key Glock,['Hip-Hop/Rap'],2.32445,2024-04-12,2024-03-09,96,88,5,1190000.0,1069136968.0,,,,3127245.0,327.0,158740.0,62301.0,41884.0,3797.0,,,,,,,,,180000.0,90000.0,50000.0,10000.0,268553520.0,143442170.0,75775365.0,21982690.0,3–8
Easy — LE SSERAFIM,Easy,LE SSERAFIM,"['K-Pop', 'Pop']",3.2294833333333335,2024-02-23,2024-03-09,99,99,1,4660000.0,2341983182.0,9200000.0,637.0,428300000.0,8090264.0,1233.0,4232771.0,1924891.0,991193.0,335016.0,4800000.0,1800000.0,1000000.0,200000.0,313300000.0,132600000.0,71100000.0,20800000.0,2190000.0,900000.0,490000.0,170000.0,1701426745.0,757835931.0,410867447.0,129232371.0,1–2
Like What (Freestyle) — Cardi B,Like What (Freestyle),Cardi B,['Hip-Hop/Rap'],2.2733333333333334,2024-02-29,2024-03-16,38,38,3,19200000.0,8000129153.0,24100000.0,164.0,201700000.0,169089139.0,1721.0,14493523.0,1548.0,29605.0,-212931.0,3700000.0,1100000.0,200000.0,0.0,56100000.0,20700000.0,3500000.0,400000.0,500000.0,300000.0,100000.0,100000.0,572246286.0,288430478.0,158582024.0,0.0,3–8
Overcompensate — twenty one pilots,Overcompensate,Twenty One Pilots,['Alternative'],3.933333333333333,2024-03-02,2024-03-16,64,64,1,13300000.0,5605929593.0,1100000.0,58.0,6600000.0,8600845.0,1479.0,36318.0,-45385.0,-14750.0,49682.0,203300.0,145300.0,129900.0,113900.0,1400000.0,1000000.0,800000.0,800000.0,200000.0,100000.0,100000.0,100000.0,585784004.0,253177044.0,111926897.0,55665037.0,1–2
Tucson Too Late — Jordan Davis,Tucson Too Late,Jordan Davis,['Country'],2.88105,2023-02-17,2024-03-16,86,71,14,276000.0,383894708.0,289900.0,246.0,2100000.0,359099.0,1253.0,91878.0,48154.0,23840.0,10584.0,,43800.0,24280.0,6500.0,,400000.0,200000.0,100000.0,,,16000.0,5000.0,,,33183693.0,11764922.0,9–16
We Can't Be Friends (Wait For Your Love) — Ariana Grande,We Can't Be Friends (Wait For Your Love),Ariana Grande,['Pop'],3.81065,2024-03-08,2024-03-23,1,1,24,53600000.0,25426942302.0,34300000.0,188.0,204200000.0,380116950.0,196.0,19985334.0,940479.0,-381210.0,-416691.0,4100000.0,1600000.0,900000.0,100000.0,77700000.0,38400000.0,23700000.0,5700000.0,1200000.0,700000.0,500000.0,100000.0,2100123061.0,1074512192.0,753560748.0,254695023.0,17–32
The Boy Is Mine — Ariana Grande,The Boy Is Mine,Ariana Grande,['Pop'],2.894,2024-03-08,2024-03-23,16,16,20,53600000.0,25426942302.0,34300000.0,188.0,204200000.0,380116950.0,196.0,19985334.0,940479.0,-381210.0,-416691.0,4100000.0,1600000.0,900000.0,100000.0,77700000.0,38400000.0,23700000.0,5700000.0,1200000.0,700000.0,500000.0,100000.0,2100123061.0,1074512192.0,753560748.0,254695023.0,17–32
Supernatural — Ariana Grande,Supernatural,Ariana Grande,['Pop'],2.7230333333333334,2024-03-08,2024-03-23,17,17,3,53600000.0,25426942302.0,34300000.0,188.0,204200000.0,380116950.0,196.0,19985334.0,940479.0,-381210.0,-416691.0,4100000.0,1600000.0,900000.0,100000.0,77700000.0,38400000.0,23700000.0,5700000.0,1200000.0,700000.0,500000.0,100000.0,2100123061.0,1074512192.0,753560748.0,254695023.0,3–8
Eternal Sunshine — Ariana Grande,Eternal Sunshine,Ariana Grande,['Pop'],3.5033333333333334,2024-03-08,2024-03-23,23,23,3,53600000.0,25426942302.0,34300000.0,188.0,204200000.0,380116950.0,196.0,19985334.0,940479.0,-381210.0,-416691.0,4100000.0,1600000.0,900000.0,100000.0,77700000.0,38400000.0,23700000.0,5700000.0,1200000.0,700000.0,500000.0,100000.0,2100123061.0,1074512192.0,753560748.0,254695023.0,3–8
Bye — Ariana Grande,Bye,Ariana Grande,['Pop'],2.748783333333334,2024-03-08,2024-03-23,25,25,3,53600000.0,25426942302.0,34300000.0,188.0,204200000.0,380116950.0,196.0,19985334.0,940479.0,-381210.0,-416691.0,4100000.0,1600000.0,900000.0,100000.0,77700000.0,38400000.0,23700000.0,5700000.0,1200000.0,700000.0,500000.0,100000.0,2100123061.0,1074512192.0,753560748.0,254695023.0,3–8
Don't Wanna Break Up Again — Ariana Grande,Don't Wanna Break Up Again,Ariana Grande,[],,,2024-03-23,28,28,2,,,,,,,,,,,,,,,,,,,,,,,,,,,,1–2
True Story — Ariana Grande,True Story,Ariana Grande,['Pop'],2.7213,2024-03-08,2024-03-23,30,30,2,53600000.0,25426942302.0,34300000.0,188.0,204200000.0,380116950.0,196.0,19985334.0,940479.0,-381210.0,-416691.0,4100000.0,1600000.0,900000.0,100000.0,77700000.0,38400000.0,23700000.0,5700000.0,1200000.0,700000.0,500000.0,100000.0,2100123061.0,1074512192.0,753560748.0,254695023.0,1–2
Imperfect For You — Ariana Grande,Imperfect For You,Ariana Grande,['Pop'],3.0427833333333334,2024-03-08,2024-03-23,37,37,2,53600000.0,25426942302.0,34300000.0,188.0,204200000.0,380116950.0,196.0,19985334.0,940479.0,-381210.0,-416691.0,4100000.0,1600000.0,900000.0,100000.0,77700000.0,38400000.0,23700000.0,5700000.0,1200000.0,700000.0,500000.0,100000.0,2100123061.0,1074512192.0,753560748.0,254695023.0,1–2
Intro (End Of The World) — Ariana Grande,Intro (End Of The World),Ariana Grande,['Pop'],1.54,2024-03-08,2024-03-23,38,38,4,53600000.0,25426942302.0,34300000.0,188.0,204200000.0,380116950.0,196.0,19985334.0,940479.0,-381210.0,-416691.0,4100000.0,1600000.0,900000.0,100000.0,77700000.0,38400000.0,23700000.0,5700000.0,1200000.0,700000.0,500000.0,100000.0,2100123061.0,1074512192.0,753560748.0,254695023.0,3–8
I Wish I Hated You — Ariana Grande,I Wish I Hated You,Ariana Grande,['Pop'],2.56055,2024-03-08,2024-03-23,39,39,2,53600000.0,25426942302.0,34300000.0,188.0,204200000.0,380116950.0,196.0,19985334.0,940479.0,-381210.0,-416691.0,4100000.0,1600000.0,900000.0,100000.0,77700000.0,38400000.0,23700000.0,5700000.0,1200000.0,700000.0,500000.0,100000.0,2100123061.0,1074512192.0,753560748.0,254695023.0,1–2
Austin — Dasha,Austin,Dasha,['Country'],2.86305,2023-11-17,2024-03-23,74,18,36,2750.0,150793.0,162.0,,416.0,23860.0,42.0,162.0,-548.0,-186.0,47.0,,0.0,0.0,0.0,,0.0,0.0,0.0,80.0,-20.0,-10.0,-10.0,31813.0,8395.0,4277.0,1833.0,33–64
Back Then Right Now — Tyler Hubbard,Back Then Right Now,Tyler Hubbard,['Country'],3.3580833333333335,2024-02-16,2024-03-23,96,62,13,80800.0,93522561.0,406200.0,298.0,4300000.0,833679.0,1045.0,51689.0,15161.0,-1324.0,52.0,61500.0,26400.0,6500.0,0.0,1200000.0,500000.0,100000.0,0.0,38900.0,14900.0,6700.0,2500.0,60622089.0,27210199.0,13099355.0,5019140.0,9–16
Outskirts — Sam Hunt,Outskirts,Sam Hunt,['Country'],3.0451166666666665,2023-03-10,2024-03-23,98,66,14,1710000.0,1348514750.0,,,,3131822.0,161.0,364274.0,187604.0,96323.0,32431.0,,,,,,,,,,20000.0,10000.0,0.0,,54624627.0,27231292.0,9787328.0,9–16
Enough (Miami) — Cardi B,Enough (Miami),Cardi B,['Hip-Hop/Rap'],2.64545,2024-03-15,2024-03-30,9,9,14,19200000.0,8081988975.0,24900000.0,174.0,215700000.0,168943731.0,1731.0,12646074.0,-52693.0,-222225.0,-310703.0,4300000.0,1600000.0,900000.0,800000.0,69400000.0,28300000.0,16400000.0,14300000.0,400000.0,200000.0,100000.0,0.0,630193412.0,336235464.0,161677223.0,81859822.0,9–16
Get It Sexyy — Sexyy Red,Get It Sexyy,Sexyy Red,['Hip-Hop/Rap'],2.4758666666666667,2024-03-15,2024-03-30,23,20,20,598000.0,237602185.0,1900000.0,767.0,64000000.0,3547368.0,410.0,3458600.0,1631651.0,383762.0,154271.0,,700000.0,200000.0,100000.0,,26500000.0,4600000.0,1600000.0,553500.0,293000.0,142000.0,48000.0,229115722.0,137224130.0,66029790.0,17795769.0,17–32
FRI(END)S — V,FRI(END)S,V,"['K-Pop', 'Pop']",2.4680333333333335,2024-03-15,2024-03-30,65,65,1,,,,,,64385732.0,118.0,6529806.0,2702663.0,1041519.0,429377.0,,,,,,,,,,,,,,,,,1–2
Deeper Well — Kacey Musgraves,Deeper Well,Kacey Musgraves,['Country'],3.868883333333333,2024-02-08,2024-03-30,76,76,1,632000.0,351590435.0,,,,2406685.0,595.0,20622.0,46433.0,27069.0,26048.0,,,,,,,,,24000.0,16000.0,10000.0,5000.0,36220239.0,21041944.0,14119961.0,3599273.0,1–2
Mr Pot Scraper — BossMan Dlow,Mr Pot Scraper,BossMan Dlow,"['Rap', 'Hip-Hop/Rap']",2.417133333333333,2024-02-16,2024-03-30,93,93,1,84900.0,31752303.0,185000.0,144.0,3600000.0,332515.0,88.0,,317289.0,295008.0,213852.0,,,,,,,,,,83100.0,78430.0,64000.0,,31281278.0,29487531.0,22176401.0,1–2
Baby Please — Ivan Cornejo,Baby Please,Ivan Cornejo,"['Música Mexicana', 'Latin']",2.972,2024-03-16,2024-03-30,95,95,1,549000.0,344244569.0,2300000.0,106.0,25900000.0,1923448.0,16.0,621098.0,272541.0,98926.0,46879.0,600000.0,300000.0,100000.0,100000.0,6500000.0,2600000.0,1700000.0,900000.0,529900.0,135000.0,61000.0,31000.0,343852475.0,88554761.0,40493520.0,14010476.0,1–2
We Ride — Bryan Martin,We Ride,Bryan Martin,['Country'],3.141383333333333,2023-01-27,2024-03-30,96,56,18,123000.0,44685718.0,380600.0,,2100000.0,17040.0,377.0,,8622.0,7691.0,5214.0,89600.0,56125.0,18100.0,1414.2857142857392,600000.0,300000.0,200000.0,100000.0,,,23200.0,7000.0,,,14832349.0,5352557.0,17–32
Too Sweet — Hozier,Too Sweet,Hozier,['Alternative'],4.1904,2024-03-22,2024-04-06,5,1,52,3840000.0,2629729395.0,1500000.0,129.0,15400000.0,2821243.0,870.0,770614.0,487109.0,235432.0,129064.0,510000.0,300000.0,100000.0,100000.0,8600000.0,3600000.0,2100000.0,1800000.0,240000.0,110000.0,60000.0,20000.0,369404270.0,179586206.0,104341941.0,26634416.0,33–64
Obsessed — Olivia Rodrigo,Obsessed,Olivia Rodrigo,['Pop'],2.8423666666666665,2023-09-08,2024-04-06,14,14,12,12300000.0,3712562793.0,17000000.0,40.0,135900000.0,33774546.0,246.0,5986377.0,3286644.0,2033503.0,789759.0,,1600000.0,1500000.0,400000.0,,41800000.0,41400000.0,14900000.0,2460000.0,2200000.0,2000000.0,400000.0,990704767.0,672461122.0,524789791.0,122025793.0,9–16
Slow It Down — Benson Boone,Slow It Down,Benson Boone,['Pop'],2.6971833333333333,2024-03-22,2024-04-06,45,32,29,1640000.0,639405727.0,6300000.0,923.0,262900000.0,2350105.0,377.0,1921286.0,1784948.0,1762734.0,606955.0,2900000.0,2400000.0,2400000.0,1200000.0,85200000.0,68200000.0,65300000.0,27900000.0,1283000.0,1037000.0,944000.0,667000.0,490311570.0,382025027.0,333356324.0,237861714.0,17–32
So American — Olivia Rodrigo,So American,Olivia Rodrigo,['Pop'],2.8286166666666666,2024-03-22,2024-04-06,58,58,1,13300000.0,4419349137.0,19800000.0,86.0,235500000.0,36843676.0,308.0,6031376.0,2523987.0,1089404.0,329075.0,4400000.0,2300000.0,1200000.0,600000.0,141300000.0,80600000.0,38000000.0,20600000.0,3100000.0,900000.0,500000.0,300000.0,1357814522.0,639142488.0,313500310.0,93116560.0,1–2
I Like The Way You Kiss Me — Artemas,I Like The Way You Kiss Me,Artemas,"['Pop', 'Alternative']",2.37525,2024-02-09,2024-04-06,70,12,20,19100.0,7661803.0,101000.0,235.0,5900000.0,24404.0,12.0,,17455.0,7551.0,3584.0,,,30000.0,10400.0,,,1900000.0,700000.0,17720.0,15510.0,9600.0,4200.0,7273499.0,6964216.0,5725885.0,3492959.0,17–32
Corazon de Piedra — Xavi,Corazon de Piedra,Xavi,"['Música Mexicana', 'Latin']",3.2261333333333333,2024-03-23,2024-04-06,73,73,4,3580000.0,1282477509.0,6500000.0,47.0,38300000.0,4234191.0,21.0,4199457.0,4070691.0,2743296.0,213476.0,6351700.0,6007200.0,3800000.0,200000.0,35400000.0,30000000.0,16200000.0,1200000.0,3532300.0,3495600.0,2804000.0,680000.0,1276041585.0,1268988321.0,1005640865.0,259031335.0,3–8
Stranger — Olivia Rodrigo,Stranger,Olivia Rodrigo,['Pop'],3.2128666666666668,2024-03-22,2024-04-06,75,75,1,13300000.0,4419349137.0,19800000.0,86.0,235500000.0,36843676.0,308.0,6031376.0,2523987.0,1089404.0,329075.0,4400000.0,2300000.0,1200000.0,600000.0,141300000.0,80600000.0,38000000.0,20600000.0,3100000.0,900000.0,500000.0,300000.0,1357814522.0,639142488.0,313500310.0,93116560.0,1–2
Scared Of My Guitar — Olivia Rodrigo,Scared Of My Guitar,Olivia Rodrigo,['Pop'],4.3988,2024-03-22,2024-04-06,90,90,1,13300000.0,4419349137.0,19800000.0,86.0,235500000.0,36843676.0,308.0,6031376.0,2523987.0,1089404.0,329075.0,4400000.0,2300000.0,1200000.0,600000.0,141300000.0,80600000.0,38000000.0,20600000.0,3100000.0,900000.0,500000.0,300000.0,1357814522.0,639142488.0,313500310.0,93116560.0,1–2
Empire Now — Hozier,Empire Now,Hozier,['Alternative'],2.9699333333333335,2024-03-22,2024-04-06,98,98,1,3840000.0,2629729395.0,1500000.0,129.0,15400000.0,2821243.0,870.0,770614.0,487109.0,235432.0,129064.0,510000.0,300000.0,100000.0,100000.0,8600000.0,3600000.0,2100000.0,1800000.0,240000.0,110000.0,60000.0,20000.0,369404270.0,179586206.0,104341941.0,26634416.0,1–2
Girl I've Always Been — Olivia Rodrigo,Girl I've Always Been,Olivia Rodrigo,['Pop'],2.022566666666666,2024-03-22,2024-04-06,99,99,1,13300000.0,4419349137.0,19800000.0,86.0,235500000.0,36843676.0,308.0,6031376.0,2523987.0,1089404.0,329075.0,4400000.0,2300000.0,1200000.0,600000.0,141300000.0,80600000.0,38000000.0,20600000.0,3100000.0,900000.0,500000.0,300000.0,1357814522.0,639142488.0,313500310.0,93116560.0,1–2
Jolene — Beyonce,Jolene,Beyonce,"['Country', 'Pop']",3.16065,2024-03-29,2024-04-13,7,7,3,26900000.0,18388043113.0,5500000.0,10.0,8700000.0,319919409.0,2280.0,17083399.0,2097930.0,40941.0,-98688.0,900000.0,500000.0,400000.0,0.0,3600000.0,3200000.0,2900000.0,400000.0,1200000.0,600000.0,400000.0,200000.0,1486976324.0,727706519.0,366390594.0,183252152.0,3–8
Bodyguard — Beyonce,Bodyguard,Beyonce,"['Country', 'Pop']",4.0042333333333335,2024-03-29,2024-04-13,26,26,2,26900000.0,18388043113.0,5500000.0,10.0,8700000.0,319919409.0,2280.0,17083399.0,2097930.0,40941.0,-98688.0,900000.0,500000.0,400000.0,0.0,3600000.0,3200000.0,2900000.0,400000.0,1200000.0,600000.0,400000.0,200000.0,1486976324.0,727706519.0,366390594.0,183252152.0,1–2
Ameriican Requiem — Beyonce,Ameriican Requiem,Beyonce,"['Country', 'Pop']",5.4173,2024-03-29,2024-04-13,30,30,1,26900000.0,18388043113.0,5500000.0,10.0,8700000.0,319919409.0,2280.0,17083399.0,2097930.0,40941.0,-98688.0,900000.0,500000.0,400000.0,0.0,3600000.0,3200000.0,2900000.0,400000.0,1200000.0,600000.0,400000.0,200000.0,1486976324.0,727706519.0,366390594.0,183252152.0,1–2
Daughter — Beyonce,Daughter,Beyonce,"['Country', 'Pop']",3.3975166666666667,2024-03-29,2024-04-13,37,37,1,26900000.0,18388043113.0,5500000.0,10.0,8700000.0,319919409.0,2280.0,17083399.0,2097930.0,40941.0,-98688.0,900000.0,500000.0,400000.0,0.0,3600000.0,3200000.0,2900000.0,400000.0,1200000.0,600000.0,400000.0,200000.0,1486976324.0,727706519.0,366390594.0,183252152.0,1–2
Ya Ya — Beyonce,Ya Ya,Beyonce,"['Country', 'Pop']",4.579433333333333,2024-03-29,2024-04-13,39,39,2,26900000.0,18388043113.0,5500000.0,10.0,8700000.0,319919409.0,2280.0,17083399.0,2097930.0,40941.0,-98688.0,900000.0,500000.0,400000.0,0.0,3600000.0,3200000.0,2900000.0,400000.0,1200000.0,600000.0,400000.0,200000.0,1486976324.0,727706519.0,366390594.0,183252152.0,1–2
Riiverdance — Beyonce,Riiverdance,Beyonce,"['Country', 'Pop']",4.199766666666667,2024-03-27,2024-04-13,51,51,1,26800000.0,18388043113.0,5500000.0,10.0,8700000.0,319903244.0,2276.0,17378834.0,2155782.0,22043.0,-70086.0,900000.0,500000.0,400000.0,100000.0,3600000.0,3200000.0,2900000.0,400000.0,1100000.0,500000.0,300000.0,100000.0,1496979499.0,727706519.0,366390594.0,183252152.0,1–2
Alliigator Tears — Beyonce,Alliigator Tears,Beyonce,"['Country', 'Pop']",2.9899666666666667,2024-03-29,2024-04-13,52,52,1,26900000.0,18388043113.0,5500000.0,10.0,8700000.0,319919409.0,2280.0,17083399.0,2097930.0,40941.0,-98688.0,900000.0,500000.0,400000.0,0.0,3600000.0,3200000.0,2900000.0,400000.0,1200000.0,600000.0,400000.0,200000.0,1486976324.0,727706519.0,366390594.0,183252152.0,1–2
My Rose — Beyonce,My Rose,Beyonce,"['Country', 'Pop']",0.8907166666666667,2024-03-29,2024-04-13,54,54,1,26900000.0,18388043113.0,5500000.0,10.0,8700000.0,319919409.0,2280.0,17083399.0,2097930.0,40941.0,-98688.0,900000.0,500000.0,400000.0,0.0,3600000.0,3200000.0,2900000.0,400000.0,1200000.0,600000.0,400000.0,200000.0,1486976324.0,727706519.0,366390594.0,183252152.0,1–2
II Hands II Heaven — Beyonce,II Hands II Heaven,Beyonce,"['Country', 'Pop']",5.688533333333333,2024-03-29,2024-04-13,60,60,1,26900000.0,18388043113.0,5500000.0,10.0,8700000.0,319919409.0,2280.0,17083399.0,2097930.0,40941.0,-98688.0,900000.0,500000.0,400000.0,0.0,3600000.0,3200000.0,2900000.0,400000.0,1200000.0,600000.0,400000.0,200000.0,1486976324.0,727706519.0,366390594.0,183252152.0,1–2
Flamenco — Beyonce,Flamenco,Beyonce,"['Country', 'Pop']",1.6727333333333334,2024-03-29,2024-04-13,63,63,1,26900000.0,18388043113.0,5500000.0,10.0,8700000.0,319919409.0,2280.0,17083399.0,2097930.0,40941.0,-98688.0,900000.0,500000.0,400000.0,0.0,3600000.0,3200000.0,2900000.0,400000.0,1200000.0,600000.0,400000.0,200000.0,1486976324.0,727706519.0,366390594.0,183252152.0,1–2
Desert Eagle — Beyonce,Desert Eagle,Beyonce,"['Country', 'Pop']",1.2074833333333332,2024-03-29,2024-04-13,65,65,1,26900000.0,18388043113.0,5500000.0,10.0,8700000.0,319919409.0,2280.0,17083399.0,2097930.0,40941.0,-98688.0,900000.0,500000.0,400000.0,0.0,3600000.0,3200000.0,2900000.0,400000.0,1200000.0,600000.0,400000.0,200000.0,1486976324.0,727706519.0,366390594.0,183252152.0,1–2
Oh Louisiana — Beyonce,Oh Louisiana,Beyonce,"['Country', 'Pop']",0.8699333333333333,2024-03-29,2024-04-13,70,70,1,26900000.0,18388043113.0,5500000.0,10.0,8700000.0,319919409.0,2280.0,17083399.0,2097930.0,40941.0,-98688.0,900000.0,500000.0,400000.0,0.0,3600000.0,3200000.0,2900000.0,400000.0,1200000.0,600000.0,400000.0,200000.0,1486976324.0,727706519.0,366390594.0,183252152.0,1–2
Amen — Beyonce,Amen,Beyonce,"['Country', 'Pop']",2.418433333333333,2024-03-29,2024-04-13,87,87,1,26900000.0,18388043113.0,5500000.0,10.0,8700000.0,319919409.0,2280.0,17083399.0,2097930.0,40941.0,-98688.0,900000.0,500000.0,400000.0,0.0,3600000.0,3200000.0,2900000.0,400000.0,1200000.0,600000.0,400000.0,200000.0,1486976324.0,727706519.0,366390594.0,183252152.0,1–2
Wind Up Missin' You — Tucker Wetmore,Wind Up Missin' You,Tucker Wetmore,['Country'],2.767333333333333,2024-03-29,2024-04-13,89,31,43,15400.0,2168667.0,818900.0,102.0,11200000.0,146765.0,122.0,,,,47156.0,623700.0,577600.0,497500.0,176400.0,8400000.0,7700000.0,7000000.0,3900000.0,14880.0,14813.0,12190.0,5100.0,2152096.0,2150137.0,2128373.0,1778513.0,33–64
7 Minute Drill — J. Cole,7 Minute Drill,J. Cole,[],,,2024-04-20,6,6,1,,,,,,,,,,,,,,,,,,,,,,,,,,,,1–2
Crocodile Tearz — J. Cole,Crocodile Tearz,J. Cole,['Hip-Hop/Rap'],3.8197833333333335,2024-04-05,2024-04-20,19,19,2,7380000.0,3650542831.0,,,,8707637.0,1.0,825703.0,410611.0,140736.0,56685.0,,,,,,,,,480000.0,240000.0,150000.0,90000.0,525935758.0,252862695.0,111016162.0,37403376.0,1–2
Huntin' Wabbitz — J. Cole,Huntin' Wabbitz,J. Cole,['Hip-Hop/Rap'],2.70045,2024-04-05,2024-04-20,28,28,2,7380000.0,3650542831.0,,,,8707637.0,1.0,825703.0,410611.0,140736.0,56685.0,,,,,,,,,480000.0,240000.0,150000.0,90000.0,525935758.0,252862695.0,111016162.0,37403376.0,1–2
Stickz N Stonez — J. Cole,Stickz N Stonez,J. Cole,['Hip-Hop/Rap'],3.34645,2024-04-05,2024-04-20,53,53,1,7380000.0,3650542831.0,,,,8707637.0,1.0,825703.0,410611.0,140736.0,56685.0,,,,,,,,,480000.0,240000.0,150000.0,90000.0,525935758.0,252862695.0,111016162.0,37403376.0,1–2
Fever — J. Cole,Fever,J. Cole,['Hip-Hop/Rap'],2.3773333333333335,2024-04-05,2024-04-20,59,59,1,7380000.0,3650542831.0,,,,8707637.0,1.0,825703.0,410611.0,140736.0,56685.0,,,,,,,,,480000.0,240000.0,150000.0,90000.0,525935758.0,252862695.0,111016162.0,37403376.0,1–2
Cry — Benson Boone,Cry,Benson Boone,['Pop'],3.106,2024-03-18,2024-04-20,60,60,4,1530000.0,607736411.0,6200000.0,919.0,260600000.0,2277712.0,374.0,1851383.0,1712627.0,1704251.0,604998.0,2800000.0,2300000.0,2300000.0,1200000.0,83000000.0,65900000.0,63500000.0,29000000.0,1175000.0,932000.0,839000.0,613000.0,459950962.0,351665628.0,304903645.0,218540212.0,3–8
Trae The Truth In Ibiza — J. Cole,Trae The Truth In Ibiza,J. Cole,['Hip-Hop/Rap'],4.257333333333333,2024-04-05,2024-04-20,66,66,1,7380000.0,3650542831.0,,,,8707637.0,1.0,825703.0,410611.0,140736.0,56685.0,,,,,,,,,480000.0,240000.0,150000.0,90000.0,525935758.0,252862695.0,111016162.0,37403376.0,1–2
3001 — J. Cole,3001,J. Cole,['Hip-Hop/Rap'],2.6308833333333332,2024-04-05,2024-04-20,72,72,1,7380000.0,3650542831.0,,,,8707637.0,1.0,825703.0,410611.0,140736.0,56685.0,,,,,,,,,480000.0,240000.0,150000.0,90000.0,525935758.0,252862695.0,111016162.0,37403376.0,1–2
"Good Luck, Babe! — Chappell Roan","Good Luck, Babe!",Chappell Roan,['Pop'],3.6404,2024-04-05,2024-04-20,77,4,52,80700.0,15970274.0,320400.0,489.0,7200000.0,543744.0,685.0,439808.0,336334.0,283794.0,195032.0,217700.0,160900.0,135300.0,96700.0,3300000.0,1600000.0,1200000.0,700000.0,54700.0,40400.0,30100.0,19000.0,11412106.0,8269013.0,5526725.0,3003771.0,33–64
Halfway To Hell — Jelly Roll,Halfway To Hell,Jelly Roll,['Country'],2.974,2023-06-02,2024-04-20,84,48,12,2870000.0,2099483464.0,4200000.0,249.0,28500000.0,1306139.0,683.0,464122.0,307191.0,212656.0,137097.0,1700000.0,600000.0,300000.0,200000.0,12400000.0,6300000.0,3700000.0,2800000.0,,320000.0,160000.0,70000.0,,304554201.0,156895458.0,56220204.0,9–16
Magnetic — ILLIT,Magnetic,ILLIT,"['K-Pop', 'Pop']",2.6781333333333333,2024-03-25,2024-04-20,91,91,1,198000.0,9796330.0,485800.0,85.0,8900000.0,513277.0,144.0,,387775.0,357216.0,327006.0,,347200.0,308100.0,243400.0,,7900000.0,6300000.0,3800000.0,,135700.0,93000.0,81000.0,,8631259.0,3791590.0,1666483.0,1–2
Bulletproof — Nate Smith,Bulletproof,Nate Smith,['Country'],3.0653333333333332,2024-02-09,2024-04-20,94,37,20,130000.0,109601151.0,1800000.0,2041.0,21300000.0,298776.0,878.0,174238.0,105083.0,29580.0,20862.0,300000.0,200000.0,100000.0,100000.0,4100000.0,1700000.0,1000000.0,900000.0,44300.0,21000.0,11000.0,5000.0,64564522.0,31429179.0,16556274.0,5836548.0,17–32
Espresso — Sabrina Carpenter,Espresso,Sabrina Carpenter,['Pop'],2.9243166666666665,2024-04-11,2024-04-27,7,3,65,6510000.0,1715650923.0,15500000.0,170.0,233700000.0,33408935.0,236.0,4214083.0,2522251.0,1102594.0,414982.0,1900000.0,1000000.0,200000.0,100000.0,61500000.0,35000000.0,8400000.0,1400000.0,600000.0,430000.0,150000.0,40000.0,367786481.0,230332471.0,102488805.0,34542932.0,65+
A Bar Song (Tipsy) — Shaboozey,A Bar Song (Tipsy),Shaboozey,['Country'],2.8548666666666667,2024-04-12,2024-04-27,36,1,70,75900.0,23365903.0,185300.0,32.0,1000000.0,300417.0,87.0,263233.0,251220.0,153167.0,116360.0,,,78200.0,65500.0,,,361100.0,295700.0,46100.0,43700.0,21800.0,11900.0,9824520.0,8091424.0,4037105.0,1814579.0,65+
Illusion — Dua Lipa,Illusion,Dua Lipa,['Pop'],3.1357166666666667,2024-04-11,2024-04-27,43,43,18,23300000.0,12792401018.0,10300000.0,56.0,48200000.0,88672043.0,125.0,780334.0,-166481.0,62523.0,8345.0,1300000.0,900000.0,500000.0,0.0,31300000.0,23500000.0,14700000.0,2200000.0,1700000.0,1200000.0,300000.0,100000.0,1889624292.0,1147566594.0,515402598.0,129683524.0,17–32
Tell Ur Girlfriend — Lay Bankz,Tell Ur Girlfriend,Lay Bankz,"['Hip-Hop/Rap', 'Pop']",2.2111833333333335,2024-08-27,2024-04-27,58,58,6,1140000.0,495569569.0,3900000.0,1064.0,137000000.0,1079398.0,47.0,757533.0,470401.0,65211.0,-908.0,2300000.0,1500000.0,100000.0,0.0,73400000.0,45000000.0,5400000.0,1400000.0,944000.0,739000.0,234000.0,0.0,408086987.0,387315030.0,108812886.0,-37643982.0,3–8
Overseas — Ken Carson,Overseas,Ken Carson,['Hip-Hop/Rap'],2.350533333333334,2024-04-11,2024-04-27,79,79,1,364000.0,130179577.0,,,,1566115.0,1.0,887286.0,459916.0,131515.0,58586.0,,,,,,,,,194000.0,143000.0,59000.0,16000.0,76555141.0,63318768.0,29255522.0,9609893.0,1–2
I Think I'm In Love With You — Chris Stapleton,I Think I'm In Love With You,Chris Stapleton,['Country'],3.713333333333334,2023-09-08,2024-04-27,91,91,1,2460000.0,2219205712.0,,,,2186637.0,281.0,379567.0,200863.0,139754.0,41259.0,,,,,,,,,260000.0,130000.0,70000.0,20000.0,415841244.0,218650578.0,108584419.0,36234744.0,1–2
Dirt Cheap — Cody Johnson,Dirt Cheap,Cody Johnson,['Country'],3.989116666666667,2023-11-03,2024-04-27,92,43,20,563000.0,634518799.0,866400.0,162.0,6300000.0,1407359.0,2474.0,376163.0,228979.0,136473.0,25804.0,,118600.0,45000.0,10100.0,,1800000.0,800000.0,300000.0,114000.0,57000.0,29000.0,9000.0,183441367.0,90582877.0,44880115.0,13137733.0,17–32
Feel It — d4vd,Feel It,d4vd,['Alternative'],2.6329,2024-03-28,2024-04-27,94,75,11,1210000.0,493393434.0,2200000.0,475.0,54500000.0,651648.0,128.0,416338.0,224893.0,43352.0,11539.0,900000.0,300000.0,0.0,0.0,29200000.0,12600000.0,2500000.0,800000.0,542000.0,190000.0,90000.0,30000.0,306525692.0,154108620.0,69821020.0,20283852.0,9–16
Down Bad — Taylor Swift,Down Bad,Taylor Swift,['Pop'],4.3538,2024-04-19,2024-05-04,2,2,12,57500000.0,34038258988.0,25800000.0,69.0,226900000.0,283799286.0,647.0,28276316.0,9161832.0,4317312.0,498168.0,7800000.0,3800000.0,2000000.0,600000.0,63100000.0,31300000.0,17500000.0,4700000.0,6000000.0,2900000.0,1400000.0,500000.0,5352217555.0,2666170089.0,1015732297.0,346444635.0,9–16
I Can Do It With A Broken Heart — Taylor Swift,I Can Do It With A Broken Heart,Taylor Swift,['Pop'],3.6334166666666663,2024-04-19,2024-05-04,3,3,31,57500000.0,34038258988.0,25800000.0,69.0,226900000.0,283799286.0,647.0,28276316.0,9161832.0,4317312.0,498168.0,7800000.0,3800000.0,2000000.0,600000.0,63100000.0,31300000.0,17500000.0,4700000.0,6000000.0,2900000.0,1400000.0,500000.0,5352217555.0,2666170089.0,1015732297.0,346444635.0,17–32
The Tortured Poets Department — Taylor Swift,The Tortured Poets Department,Taylor Swift,['Pop'],4.884133333333334,2024-04-19,2024-05-04,4,4,7,57500000.0,34038258988.0,25800000.0,69.0,226900000.0,283799286.0,647.0,28276316.0,9161832.0,4317312.0,498168.0,7800000.0,3800000.0,2000000.0,600000.0,63100000.0,31300000.0,17500000.0,4700000.0,6000000.0,2900000.0,1400000.0,500000.0,5352217555.0,2666170089.0,1015732297.0,346444635.0,3–8
"So Long, London — Taylor Swift","So Long, London",Taylor Swift,['Pop'],4.382916666666667,2024-04-19,2024-05-04,5,5,8,57500000.0,34038258988.0,25800000.0,69.0,226900000.0,283799286.0,647.0,28276316.0,9161832.0,4317312.0,498168.0,7800000.0,3800000.0,2000000.0,600000.0,63100000.0,31300000.0,17500000.0,4700000.0,6000000.0,2900000.0,1400000.0,500000.0,5352217555.0,2666170089.0,1015732297.0,346444635.0,3–8
My Boy Only Breaks His Favorite Toys — Taylor Swift,My Boy Only Breaks His Favorite Toys,Taylor Swift,['Pop'],3.3966833333333333,2024-04-19,2024-05-04,6,6,8,57500000.0,34038258988.0,25800000.0,69.0,226900000.0,283799286.0,647.0,28276316.0,9161832.0,4317312.0,498168.0,7800000.0,3800000.0,2000000.0,600000.0,63100000.0,31300000.0,17500000.0,4700000.0,6000000.0,2900000.0,1400000.0,500000.0,5352217555.0,2666170089.0,1015732297.0,346444635.0,3–8
But Daddy I Love Him — Taylor Swift,But Daddy I Love Him,Taylor Swift,['Pop'],5.6738,2024-04-19,2024-05-04,7,7,8,57500000.0,34038258988.0,25800000.0,69.0,226900000.0,283799286.0,647.0,28276316.0,9161832.0,4317312.0,498168.0,7800000.0,3800000.0,2000000.0,600000.0,63100000.0,31300000.0,17500000.0,4700000.0,6000000.0,2900000.0,1400000.0,500000.0,5352217555.0,2666170089.0,1015732297.0,346444635.0,3–8
Who's Afraid Of Little Old Me? — Taylor Swift,Who's Afraid Of Little Old Me?,Taylor Swift,['Pop'],5.568083333333333,2024-04-19,2024-05-04,9,9,11,57500000.0,34038258988.0,25800000.0,69.0,226900000.0,283799286.0,647.0,28276316.0,9161832.0,4317312.0,498168.0,7800000.0,3800000.0,2000000.0,600000.0,63100000.0,31300000.0,17500000.0,4700000.0,6000000.0,2900000.0,1400000.0,500000.0,5352217555.0,2666170089.0,1015732297.0,346444635.0,9–16
Guilty As Sin? — Taylor Swift,Guilty As Sin?,Taylor Swift,['Pop'],4.239433333333333,2024-04-19,2024-05-04,10,10,10,57500000.0,34038258988.0,25800000.0,69.0,226900000.0,283799286.0,647.0,28276316.0,9161832.0,4317312.0,498168.0,7800000.0,3800000.0,2000000.0,600000.0,63100000.0,31300000.0,17500000.0,4700000.0,6000000.0,2900000.0,1400000.0,500000.0,5352217555.0,2666170089.0,1015732297.0,346444635.0,9–16
Fresh Out The Slammer — Taylor Swift,Fresh Out The Slammer,Taylor Swift,['Pop'],3.51315,2024-04-19,2024-05-04,11,11,5,57500000.0,34038258988.0,25800000.0,69.0,226900000.0,283799286.0,647.0,28276316.0,9161832.0,4317312.0,498168.0,7800000.0,3800000.0,2000000.0,600000.0,63100000.0,31300000.0,17500000.0,4700000.0,6000000.0,2900000.0,1400000.0,500000.0,5352217555.0,2666170089.0,1015732297.0,346444635.0,3–8
loml — Taylor Swift,loml,Taylor Swift,['Pop'],4.619283333333334,2024-04-19,2024-05-04,12,12,7,57500000.0,34038258988.0,25800000.0,69.0,226900000.0,283799286.0,647.0,28276316.0,9161832.0,4317312.0,498168.0,7800000.0,3800000.0,2000000.0,600000.0,63100000.0,31300000.0,17500000.0,4700000.0,6000000.0,2900000.0,1400000.0,500000.0,5352217555.0,2666170089.0,1015732297.0,346444635.0,3–8
The Alchemy — Taylor Swift,The Alchemy,Taylor Swift,['Pop'],3.2816666666666667,2024-04-19,2024-05-04,13,13,6,57500000.0,34038258988.0,25800000.0,69.0,226900000.0,283799286.0,647.0,28276316.0,9161832.0,4317312.0,498168.0,7800000.0,3800000.0,2000000.0,600000.0,63100000.0,31300000.0,17500000.0,4700000.0,6000000.0,2900000.0,1400000.0,500000.0,5352217555.0,2666170089.0,1015732297.0,346444635.0,3–8
The Smallest Man Who Ever Lived — Taylor Swift,The Smallest Man Who Ever Lived,Taylor Swift,['Pop'],4.092366666666667,2024-04-19,2024-05-04,14,14,7,57500000.0,34038258988.0,25800000.0,69.0,226900000.0,283799286.0,647.0,28276316.0,9161832.0,4317312.0,498168.0,7800000.0,3800000.0,2000000.0,600000.0,63100000.0,31300000.0,17500000.0,4700000.0,6000000.0,2900000.0,1400000.0,500000.0,5352217555.0,2666170089.0,1015732297.0,346444635.0,3–8
Push Ups — Drake,Push Ups,Drake,['Hip-Hop/Rap'],3.879566666666667,2024-04-19,2024-05-04,19,17,6,29500000.0,17516487761.0,,,,146536463.0,489.0,10827037.0,2631718.0,1454172.0,353974.0,,,,,,,,,1700000.0,900000.0,400000.0,100000.0,3279394947.0,1529434393.0,699042263.0,174672920.0,3–8
I Can Fix Him (No Really I Can) — Taylor Swift,I Can Fix Him (No Really I Can),Taylor Swift,['Pop'],2.604966666666667,2024-04-19,2024-05-04,20,20,5,57500000.0,34038258988.0,25800000.0,69.0,226900000.0,283799286.0,647.0,28276316.0,9161832.0,4317312.0,498168.0,7800000.0,3800000.0,2000000.0,600000.0,63100000.0,31300000.0,17500000.0,4700000.0,6000000.0,2900000.0,1400000.0,500000.0,5352217555.0,2666170089.0,1015732297.0,346444635.0,3–8
Clara Bow — Taylor Swift,Clara Bow,Taylor Swift,['Pop'],3.6110333333333338,2024-04-19,2024-05-04,21,21,4,57500000.0,34038258988.0,25800000.0,69.0,226900000.0,283799286.0,647.0,28276316.0,9161832.0,4317312.0,498168.0,7800000.0,3800000.0,2000000.0,600000.0,63100000.0,31300000.0,17500000.0,4700000.0,6000000.0,2900000.0,1400000.0,500000.0,5352217555.0,2666170089.0,1015732297.0,346444635.0,3–8
thanK you aIMee — Taylor Swift,thanK you aIMee,Taylor Swift,['Pop'],4.39695,2024-04-19,2024-05-04,23,23,3,57500000.0,34038258988.0,25800000.0,69.0,226900000.0,283799286.0,647.0,28276316.0,9161832.0,4317312.0,498168.0,7800000.0,3800000.0,2000000.0,600000.0,63100000.0,31300000.0,17500000.0,4700000.0,6000000.0,2900000.0,1400000.0,500000.0,5352217555.0,2666170089.0,1015732297.0,346444635.0,3–8
So High School — Taylor Swift,So High School,Taylor Swift,['Pop'],3.8133333333333335,2024-04-19,2024-05-04,24,24,5,57500000.0,34038258988.0,25800000.0,69.0,226900000.0,283799286.0,647.0,28276316.0,9161832.0,4317312.0,498168.0,7800000.0,3800000.0,2000000.0,600000.0,63100000.0,31300000.0,17500000.0,4700000.0,6000000.0,2900000.0,1400000.0,500000.0,5352217555.0,2666170089.0,1015732297.0,346444635.0,3–8
The Black Dog — Taylor Swift,The Black Dog,Taylor Swift,['Pop'],3.98095,2024-04-19,2024-05-04,25,25,4,57500000.0,34038258988.0,25800000.0,69.0,226900000.0,283799286.0,647.0,28276316.0,9161832.0,4317312.0,498168.0,7800000.0,3800000.0,2000000.0,600000.0,63100000.0,31300000.0,17500000.0,4700000.0,6000000.0,2900000.0,1400000.0,500000.0,5352217555.0,2666170089.0,1015732297.0,346444635.0,3–8
imgonnagetyouback — Taylor Swift,imgonnagetyouback,Taylor Swift,['Pop'],3.7012,2024-04-19,2024-05-04,26,26,5,57500000.0,34038258988.0,25800000.0,69.0,226900000.0,283799286.0,647.0,28276316.0,9161832.0,4317312.0,498168.0,7800000.0,3800000.0,2000000.0,600000.0,63100000.0,31300000.0,17500000.0,4700000.0,6000000.0,2900000.0,1400000.0,500000.0,5352217555.0,2666170089.0,1015732297.0,346444635.0,3–8
The Albatross — Taylor Swift,The Albatross,Taylor Swift,['Pop'],3.06465,2024-04-19,2024-05-04,30,30,3,57500000.0,34038258988.0,25800000.0,69.0,226900000.0,283799286.0,647.0,28276316.0,9161832.0,4317312.0,498168.0,7800000.0,3800000.0,2000000.0,600000.0,63100000.0,31300000.0,17500000.0,4700000.0,6000000.0,2900000.0,1400000.0,500000.0,5352217555.0,2666170089.0,1015732297.0,346444635.0,3–8
The Prophecy — Taylor Swift,The Prophecy,Taylor Swift,['Pop'],4.16345,2024-04-19,2024-05-04,32,32,4,57500000.0,34038258988.0,25800000.0,69.0,226900000.0,283799286.0,647.0,28276316.0,9161832.0,4317312.0,498168.0,7800000.0,3800000.0,2000000.0,600000.0,63100000.0,31300000.0,17500000.0,4700000.0,6000000.0,2900000.0,1400000.0,500000.0,5352217555.0,2666170089.0,1015732297.0,346444635.0,3–8
I Hate It Here — Taylor Swift,I Hate It Here,Taylor Swift,['Pop'],4.0646,2024-04-19,2024-05-04,34,34,3,57500000.0,34038258988.0,25800000.0,69.0,226900000.0,283799286.0,647.0,28276316.0,9161832.0,4317312.0,498168.0,7800000.0,3800000.0,2000000.0,600000.0,63100000.0,31300000.0,17500000.0,4700000.0,6000000.0,2900000.0,1400000.0,500000.0,5352217555.0,2666170089.0,1015732297.0,346444635.0,3–8
How Did It End? — Taylor Swift,How Did It End?,Taylor Swift,[],,,2024-05-04,35,35,4,,,,,,,,,,,,,,,,,,,,,,,,,,,,3–8
Chloe Or Sam Or Sophia Or Marcus — Taylor Swift,Chloe Or Sam Or Sophia Or Marcus,Taylor Swift,['Pop'],3.554683333333333,2024-04-19,2024-05-04,36,36,3,57500000.0,34038258988.0,25800000.0,69.0,226900000.0,283799286.0,647.0,28276316.0,9161832.0,4317312.0,498168.0,7800000.0,3800000.0,2000000.0,600000.0,63100000.0,31300000.0,17500000.0,4700000.0,6000000.0,2900000.0,1400000.0,500000.0,5352217555.0,2666170089.0,1015732297.0,346444635.0,3–8
I Look In People's Windows — Taylor Swift,I Look In People's Windows,Taylor Swift,[],,,2024-05-04,39,39,2,,,,,,,,,,,,,,,,,,,,,,,,,,,,1–2
Cassandra — Taylor Swift,Cassandra,Taylor Swift,['Pop'],4.003433333333334,2024-04-19,2024-05-04,44,44,2,57500000.0,34038258988.0,25800000.0,69.0,226900000.0,283799286.0,647.0,28276316.0,9161832.0,4317312.0,498168.0,7800000.0,3800000.0,2000000.0,600000.0,63100000.0,31300000.0,17500000.0,4700000.0,6000000.0,2900000.0,1400000.0,500000.0,5352217555.0,2666170089.0,1015732297.0,346444635.0,1–2
Peter — Taylor Swift,Peter,Taylor Swift,['Pop'],4.732633333333333,2024-04-19,2024-05-04,46,46,2,57500000.0,34038258988.0,25800000.0,69.0,226900000.0,283799286.0,647.0,28276316.0,9161832.0,4317312.0,498168.0,7800000.0,3800000.0,2000000.0,600000.0,63100000.0,31300000.0,17500000.0,4700000.0,6000000.0,2900000.0,1400000.0,500000.0,5352217555.0,2666170089.0,1015732297.0,346444635.0,1–2
The Bolter — Taylor Swift,The Bolter,Taylor Swift,['Pop'],3.9707,2024-04-19,2024-05-04,47,47,2,57500000.0,34038258988.0,25800000.0,69.0,226900000.0,283799286.0,647.0,28276316.0,9161832.0,4317312.0,498168.0,7800000.0,3800000.0,2000000.0,600000.0,63100000.0,31300000.0,17500000.0,4700000.0,6000000.0,2900000.0,1400000.0,500000.0,5352217555.0,2666170089.0,1015732297.0,346444635.0,1–2
The Manuscript — Taylor Swift,The Manuscript,Taylor Swift,['Pop'],3.745733333333334,2024-04-19,2024-05-04,51,51,2,57500000.0,34038258988.0,25800000.0,69.0,226900000.0,283799286.0,647.0,28276316.0,9161832.0,4317312.0,498168.0,7800000.0,3800000.0,2000000.0,600000.0,63100000.0,31300000.0,17500000.0,4700000.0,6000000.0,2900000.0,1400000.0,500000.0,5352217555.0,2666170089.0,1015732297.0,346444635.0,1–2
Robin — Taylor Swift,Robin,Taylor Swift,['Pop'],4.014883333333334,2024-04-19,2024-05-04,55,55,1,57500000.0,34038258988.0,25800000.0,69.0,226900000.0,283799286.0,647.0,28276316.0,9161832.0,4317312.0,498168.0,7800000.0,3800000.0,2000000.0,600000.0,63100000.0,31300000.0,17500000.0,4700000.0,6000000.0,2900000.0,1400000.0,500000.0,5352217555.0,2666170089.0,1015732297.0,346444635.0,1–2
Us Vs. Them — $uicideBoy$,Us Vs. Them,$uicideboy$,"['Hip-Hop', 'Hip-Hop/Rap']",3.0772166666666667,2024-06-14,2024-05-04,96,96,1,4100000.0,3088969048.0,1400000.0,42.0,8700000.0,3173816.0,,461592.0,155710.0,91302.0,12852.0,545100.0,100000.0,100000.0,0.0,3900000.0,1100000.0,1000000.0,500000.0,480000.0,210000.0,120000.0,40000.0,808097526.0,420694907.0,218779011.0,62901739.0,1–2
Million Dollar Baby — Tommy Richman,Million Dollar Baby,Tommy Richman,['Hip-Hop/Rap'],2.5858666666666665,2024-04-26,2024-05-11,2,2,33,12500.0,1659685.0,147700.0,44.0,3800000.0,62304.0,9.0,54499.0,46764.0,40238.0,33070.0,,,,,,,,,10900.0,9740.0,8620.0,7570.0,1535567.0,958108.0,747265.0,461453.0,33–64
Euphoria — Kendrick Lamar,Euphoria,Kendrick Lamar,['Hip-Hop/Rap'],6.393983333333333,2024-04-30,2024-05-11,11,3,17,12800000.0,6605874524.0,,,,,,,,,,,,,,,,,,900000.0,500000.0,300000.0,200000.0,1032274873.0,516606158.0,327071875.0,132825839.0,17–32
Okay — JT,Okay,JT,['Hip-Hop/Rap'],3.9493666666666662,2024-06-28,2024-05-11,74,72,6,127000.0,24240580.0,1500000.0,114.0,26500000.0,6944012.0,146.0,483321.0,227479.0,134215.0,-35829.0,527400.0,300000.0,100000.0,0.0,16200000.0,7600000.0,2800000.0,600000.0,,,72500.0,10000.0,,,16360124.0,4939167.0,3–8
Belong Together — Mark Ambor,Belong Together,Mark Ambor,['Pop'],2.471966666666667,2024-02-16,2024-05-11,87,74,24,64500.0,9083357.0,727100.0,438.0,16600000.0,756945.0,238.0,489809.0,443555.0,239825.0,28447.0,290000.0,244800.0,112100.0,24500.0,7300000.0,5800000.0,3000000.0,1000000.0,44800.0,42300.0,28600.0,7900.0,7732368.0,7402026.0,5882315.0,1986613.0,17–32
Not Like Us — Kendrick Lamar,Not Like Us,Kendrick Lamar,['Hip-Hop/Rap'],4.569866666666667,2024-05-04,2024-05-18,1,1,53,13300000.0,6605874524.0,,,,,,,,,,,,,,,,,,1400000.0,1000000.0,800000.0,700000.0,1016469654.0,453983466.0,262024483.0,132825839.0,33–64
Family Matters — Drake,Family Matters,Drake,['Hip-Hop/Rap'],7.615566666666667,2024-05-03,2024-05-18,7,7,6,29600000.0,17516487761.0,,,,146651887.0,491.0,10132693.0,2519590.0,1390891.0,304218.5,,,,,,,,,1700000.0,900000.0,400000.0,200000.0,3182202610.0,1368463952.0,525773927.0,174672920.0,3–8
Meet The Grahams — Kendrick Lamar,Meet The Grahams,Kendrick Lamar,['Hip-Hop/Rap'],6.53565,2024-05-03,2024-05-18,12,12,4,12900000.0,6605874524.0,,,,,,,,,,,,,,,,,,1000000.0,600000.0,400000.0,300000.0,1019918231.0,453983466.0,262024483.0,132825839.0,3–8
Whatsapp (Wassam) — Gunna,Whatsapp (Wassam),Gunna,['Hip-Hop/Rap'],2.470666666666667,2024-05-02,2024-05-18,95,62,2,2640000.0,1857349018.0,1900000.0,16.0,22100000.0,4680544.0,34.0,214646.0,43414.0,36151.0,22002.0,200000.0,100000.0,0.0,0.0,1100000.0,800000.0,700000.0,300000.0,530000.0,180000.0,100000.0,30000.0,540754575.0,234120368.0,129213382.0,37990799.0,1–2
Take Her Home — Kenny Chesney,Take Her Home,Kenny Chesney,['Country'],3.058,2023-11-10,2024-05-18,99,71,6,1270000.0,1431390434.0,40100.0,0.0,0.0,1810905.0,840.0,141001.0,105376.0,68362.0,11572.0,,9200.0,4700.0,1400.0,,0.0,0.0,0.0,60000.0,30000.0,10000.0,0.0,155656766.0,76943342.0,31781582.0,14241567.0,3–8
One Of Wun — Gunna,One Of Wun,Gunna,['Hip-Hop/Rap'],2.4,2024-05-10,2024-05-25,26,26,20,2650000.0,1857349018.0,1900000.0,22.0,22200000.0,4713088.0,41.0,252814.0,63244.0,72573.0,57832.0,200000.0,100000.0,0.0,0.0,1200000.0,900000.0,800000.0,400000.0,530000.0,180000.0,100000.0,30000.0,536363626.0,234120368.0,111439025.0,37990799.0,17–32
Boa — Megan Thee Stallion,Boa,Megan Thee Stallion,"['Hip-Hop/Rap', 'Rap']",2.578866666666667,2024-05-10,2024-05-25,39,39,2,6100000.0,2779591704.0,13600000.0,157.0,138300000.0,31922182.0,296.0,1198656.0,391076.0,141046.0,65615.0,1200000.0,700000.0,200000.0,0.0,36700000.0,18700000.0,7500000.0,700000.0,420000.0,300000.0,90000.0,30000.0,361557531.0,219012789.0,84145820.0,28464942.0,1–2
On One Tonight — Gunna,On One Tonight,Gunna,['Hip-Hop/Rap'],1.5126666666666666,2024-05-10,2024-05-25,54,54,7,2650000.0,1857349018.0,1900000.0,22.0,22200000.0,4713088.0,41.0,252814.0,63244.0,72573.0,57832.0,200000.0,100000.0,0.0,0.0,1200000.0,900000.0,800000.0,400000.0,530000.0,180000.0,100000.0,30000.0,536363626.0,234120368.0,111439025.0,37990799.0,3–8
Neck On A Yacht — Gunna,Neck On A Yacht,Gunna,['Hip-Hop/Rap'],2.5846666666666667,2024-05-10,2024-05-25,66,66,1,2650000.0,1857349018.0,1900000.0,22.0,22200000.0,4713088.0,41.0,252814.0,63244.0,72573.0,57832.0,200000.0,100000.0,0.0,0.0,1200000.0,900000.0,800000.0,400000.0,530000.0,180000.0,100000.0,30000.0,536363626.0,234120368.0,111439025.0,37990799.0,1–2
Hakuna Matata — Gunna,Hakuna Matata,Gunna,['Hip-Hop/Rap'],2.1308833333333332,2024-05-10,2024-05-25,67,67,1,2650000.0,1857349018.0,1900000.0,22.0,22200000.0,4713088.0,41.0,252814.0,63244.0,72573.0,57832.0,200000.0,100000.0,0.0,0.0,1200000.0,900000.0,800000.0,400000.0,530000.0,180000.0,100000.0,30000.0,536363626.0,234120368.0,111439025.0,37990799.0,1–2
Collage — Gunna,Collage,Gunna,['Hip-Hop/Rap'],2.462,2024-05-10,2024-05-25,76,76,1,2650000.0,1857349018.0,1900000.0,22.0,22200000.0,4713088.0,41.0,252814.0,63244.0,72573.0,57832.0,200000.0,100000.0,0.0,0.0,1200000.0,900000.0,800000.0,400000.0,530000.0,180000.0,100000.0,30000.0,536363626.0,234120368.0,111439025.0,37990799.0,1–2
Stargazing — Myles Smith,Stargazing,Myles Smith,['Singer/Songwriter'],2.87555,2024-05-10,2024-05-25,77,19,52,59400.0,18964664.0,1100000.0,698.0,22300000.0,1109496.0,162.0,929681.0,763152.0,564589.0,471741.0,647000.0,374600.0,329100.0,256000.0,16400000.0,9200000.0,7100000.0,5300000.0,56300.0,47400.0,28300.0,15700.0,18837111.0,17601313.0,9452899.0,6185421.0,33–64
Back In The A — Gunna,Back In The A,Gunna,['Hip-Hop/Rap'],2.8871166666666666,2024-05-10,2024-05-25,94,94,1,2650000.0,1857349018.0,1900000.0,22.0,22200000.0,4713088.0,41.0,252814.0,63244.0,72573.0,57832.0,200000.0,100000.0,0.0,0.0,1200000.0,900000.0,800000.0,400000.0,530000.0,180000.0,100000.0,30000.0,536363626.0,234120368.0,111439025.0,37990799.0,1–2
Lunch — Billie Eilish,Lunch,Billie Eilish,['Alternative'],2.993116666666667,2024-05-17,2024-06-01,5,5,20,49900000.0,15236814282.0,53800000.0,45.0,300900000.0,119385055.0,901.0,10002224.0,9108451.0,9057126.0,-1109902.0,6100000.0,2800000.0,2700000.0,2400000.0,58400000.0,9000000.0,4500000.0,12900000.0,2200000.0,1100000.0,800000.0,600000.0,1860770856.0,906735818.0,614577144.0,317522920.0,17–32
Chihiro — Billie Eilish,Chihiro,Billie Eilish,['Alternative'],5.057333333333333,2024-05-17,2024-06-01,12,12,20,49900000.0,15236814282.0,53800000.0,45.0,300900000.0,119385055.0,901.0,10002224.0,9108451.0,9057126.0,-1109902.0,6100000.0,2800000.0,2700000.0,2400000.0,58400000.0,9000000.0,4500000.0,12900000.0,2200000.0,1100000.0,800000.0,600000.0,1860770856.0,906735818.0,614577144.0,317522920.0,17–32
Birds Of A Feather — Billie Eilish,Birds Of A Feather,Billie Eilish,['Alternative'],3.947383333333333,2024-12-17,2024-06-01,13,2,65,54000000.0,17787372183.0,68900000.0,69.0,441000000.0,121649715.0,964.0,11196850.0,2531535.0,1894852.0,637718.0,17900000.0,3600000.0,2200000.0,320000.0,147600000.0,105600000.0,51300000.0,8790000.0,5100000.0,2000000.0,1200000.0,400000.0,3310959442.0,1901767118.0,1065517824.0,369234286.0,65+
Wildflower — Billie Eilish,Wildflower,Billie Eilish,['Alternative'],4.357783333333333,2024-05-17,2024-06-01,17,17,61,49900000.0,15236814282.0,53800000.0,45.0,300900000.0,119385055.0,901.0,10002224.0,9108451.0,9057126.0,-1109902.0,6100000.0,2800000.0,2700000.0,2400000.0,58400000.0,9000000.0,4500000.0,12900000.0,2200000.0,1100000.0,800000.0,600000.0,1860770856.0,906735818.0,614577144.0,317522920.0,33–64
Skinny — Billie Eilish,Skinny,Billie Eilish,['Alternative'],3.6622166666666662,2024-05-17,2024-06-01,18,18,4,49900000.0,15236814282.0,53800000.0,45.0,300900000.0,119385055.0,901.0,10002224.0,9108451.0,9057126.0,-1109902.0,6100000.0,2800000.0,2700000.0,2400000.0,58400000.0,9000000.0,4500000.0,12900000.0,2200000.0,1100000.0,800000.0,600000.0,1860770856.0,906735818.0,614577144.0,317522920.0,3–8
L'amour De Ma Vie — Billie Eilish,L'amour De Ma Vie,Billie Eilish,['Alternative'],5.56645,2024-05-17,2024-06-01,22,22,7,49900000.0,15236814282.0,53800000.0,45.0,300900000.0,119385055.0,901.0,10002224.0,9108451.0,9057126.0,-1109902.0,6100000.0,2800000.0,2700000.0,2400000.0,58400000.0,9000000.0,4500000.0,12900000.0,2200000.0,1100000.0,800000.0,600000.0,1860770856.0,906735818.0,614577144.0,317522920.0,3–8
Ain't No Love In Oklahoma — Luke Combs,Ain't No Love In Oklahoma,Luke Combs,"['Country', 'Pop']",3.515833333333333,2024-05-18,2024-06-01,23,13,27,3430000.0,4421106871.0,5400000.0,224.0,52100000.0,6458612.0,1417.0,1252373.0,565345.0,318858.0,143844.0,800000.0,400000.0,100000.0,0.0,11000000.0,6000000.0,2900000.0,1300000.0,350000.0,180000.0,100000.0,30000.0,789464705.0,385982872.0,218028658.0,88217365.0,17–32
The Greatest — Billie Eilish,The Greatest,Billie Eilish,['Alternative'],4.897333333333333,2024-05-17,2024-06-01,24,24,5,49900000.0,15236814282.0,53800000.0,45.0,300900000.0,119385055.0,901.0,10002224.0,9108451.0,9057126.0,-1109902.0,6100000.0,2800000.0,2700000.0,2400000.0,58400000.0,9000000.0,4500000.0,12900000.0,2200000.0,1100000.0,800000.0,600000.0,1860770856.0,906735818.0,614577144.0,317522920.0,3–8
Blue — Billie Eilish,Blue,Billie Eilish,['Alternative'],5.718666666666667,2024-05-17,2024-06-01,25,25,5,49900000.0,15236814282.0,53800000.0,45.0,300900000.0,119385055.0,901.0,10002224.0,9108451.0,9057126.0,-1109902.0,6100000.0,2800000.0,2700000.0,2400000.0,58400000.0,9000000.0,4500000.0,12900000.0,2200000.0,1100000.0,800000.0,600000.0,1860770856.0,906735818.0,614577144.0,317522920.0,3–8
The Diner — Billie Eilish,The Diner,Billie Eilish,['Alternative'],3.105783333333333,2024-05-17,2024-06-01,31,31,4,49900000.0,15236814282.0,53800000.0,45.0,300900000.0,119385055.0,901.0,10002224.0,9108451.0,9057126.0,-1109902.0,6100000.0,2800000.0,2700000.0,2400000.0,58400000.0,9000000.0,4500000.0,12900000.0,2200000.0,1100000.0,800000.0,600000.0,1860770856.0,906735818.0,614577144.0,317522920.0,3–8
Bittersuite — Billie Eilish,Bittersuite,Billie Eilish,['Alternative'],4.974,2024-05-17,2024-06-01,36,36,3,49900000.0,15236814282.0,53800000.0,45.0,300900000.0,119385055.0,901.0,10002224.0,9108451.0,9057126.0,-1109902.0,6100000.0,2800000.0,2700000.0,2400000.0,58400000.0,9000000.0,4500000.0,12900000.0,2200000.0,1100000.0,800000.0,600000.0,1860770856.0,906735818.0,614577144.0,317522920.0,3–8
Sweet Dreams — Koe Wetzel,Sweet Dreams,Koe Wetzel,['Country'],2.8878166666666667,2024-05-17,2024-06-01,47,35,13,248000.0,181127904.0,1000000.0,307.0,20200000.0,892463.0,547.0,,26119.0,13678.0,6870.0,99200.0,73700.0,53200.0,22700.0,4300000.0,3600000.0,3000000.0,1800000.0,39000.0,25000.0,19000.0,9000.0,-82905485.0,35681057.0,21373621.0,7462640.0,9–16
Pink Skies — Zach Bryan,Pink Skies,Zach Bryan,['Country'],3.248666666666667,2024-05-24,2024-06-08,6,6,25,1120000.0,1132914662.0,2800000.0,,24600000.0,,,,,,,1000000.0,341441.4414414414,177477.4774774774,100000.0,8200000.0,2231531.5315315314,919819.8198198192,200000.0,439000.0,217000.0,110000.0,40000.0,628461288.0,319182429.0,170495132.0,58577736.0,17–32
Si No Es Contigo — Cris Mj,Si No Es Contigo,Cris Mj,['Latin'],2.6,2024-05-23,2024-06-08,72,72,4,2470000.0,1823137441.0,1400000.0,17.0,10400000.0,3357686.0,124.0,1195421.0,911232.0,560934.0,183037.0,909800.0,773100.0,671600.0,200000.0,7400000.0,6300000.0,5900000.0,2700000.0,700000.0,470000.0,300000.0,120000.0,636553538.0,627376547.0,352253894.0,115254383.0,3–8
The Craving — Twenty One Pilots,The Craving,Twenty One Pilots,['Alternative'],2.897783333333334,2024-05-22,2024-06-08,83,83,1,13400000.0,5837797696.0,1100000.0,66.0,7800000.0,8673457.0,1502.0,35215.0,55426.0,128230.0,33999.0,171000.0,133800.0,103800.0,0.0,2400000.0,2100000.0,1900000.0,100000.0,300000.0,200000.0,200000.0,100000.0,664200646.0,398780908.0,231868103.0,117956695.0,1–2
After Hours — Kehlani,After Hours,Kehlani,['R&B/Soul'],3.8653,2022-07-29,2024-06-08,84,72,8,,,3500000.0,168.0,46900000.0,14051546.0,234.0,988539.0,457117.0,249596.0,41407.0,1200000.0,200000.0,200000.0,0.0,28500000.0,10000000.0,8300000.0,2500000.0,,,,,,,,,3–8
Your Place — Ashley Cooke,Your Place,Ashley Cooke,['Country'],3.0347666666666666,2023-07-07,2024-06-08,95,80,4,62000.0,19292066.0,1200000.0,1060.0,22000000.0,259992.0,1080.0,,49962.0,29117.0,15476.0,,0.0,0.0,0.0,,2680000.0,1200000.0,600000.0,,11100.0,4300.0,1700.0,,6944266.0,2572052.0,1011353.0,3–8
Houdini — Eminem,Houdini,Eminem,['Hip-Hop/Rap'],3.787316666666667,2024-05-31,2024-06-15,2,2,20,59900000.0,29734945627.0,,,,42388463.0,805.0,3264929.0,1750459.0,1009481.0,254868.0,,,,,,,,,3400000.0,1900000.0,900000.0,300000.0,3053052137.0,1468228810.0,595901526.0,303401205.0,17–32
Red Wine Supernova — Chappell Roan,Red Wine Supernova,Chappell Roan,['Pop'],3.2120166666666665,2023-05-17,2024-06-15,75,41,20,27400.0,4951099.0,105800.0,385.0,4000000.0,106505.0,454.0,83283.0,69067.0,47740.0,1514.0,,,10200.0,1600.0,,,300000.0,0.0,,7600.0,4600.0,900.0,,1294514.0,660166.0,233394.0,17–32
Hot To Go! — Chappell Roan,Hot To Go!,Chappell Roan,['Pop'],3.0806833333333334,2023-08-11,2024-06-15,80,15,25,33100.0,6261693.0,143800.0,450.0,5100000.0,151859.0,537.0,123036.0,94354.0,46251.0,12572.0,,48300.0,38800.0,8400.0,,1400000.0,1100000.0,300000.0,,10400.0,5900.0,1700.0,,2002788.0,1346966.0,424769.0,17–32
Nasty — Tinashe,Nasty,Tinashe,['R&B/Soul'],2.9337833333333334,2024-04-10,2024-06-15,90,61,16,2020000.0,975890055.0,939400.0,243.0,11600000.0,4543325.0,3665.0,209146.0,-6557.0,-23630.0,-10068.0,43600.0,13000.0,6200.0,3800.0,1000000.0,500000.0,300000.0,300000.0,60000.0,20000.0,10000.0,0.0,63501145.0,28967006.0,9883205.0,0.0,9–16
The Door — Teddy Swims,The Door,Teddy Swims,['Pop'],3.54415,2024-04-17,2024-06-15,94,24,25,3410000.0,1030664435.0,5900000.0,718.0,47300000.0,5038232.0,694.0,2805592.0,1853423.0,1418782.0,445987.0,2600000.0,1700000.0,1300000.0,300000.0,24400000.0,15700000.0,10700000.0,2600000.0,860000.0,640000.0,420000.0,160000.0,466340126.0,347893563.0,236829418.0,80658388.0,17–32
Let Your Boys Be Country — Jason Aldean,Let Your Boys Be Country,Jason Aldean,['Country'],3.2671166666666664,2023-07-14,2024-06-15,98,83,4,2480000.0,2225601163.0,608800.0,73.0,2200000.0,4096486.0,1317.0,193321.0,86244.0,27491.0,7544.0,,48800.0,30000.0,6900.0,,300000.0,300000.0,0.0,,70000.0,40000.0,20000.0,,132786744.0,46637040.0,31371739.0,3–8
Please Please Please — Sabrina Carpenter,Please Please Please,Sabrina Carpenter,['Pop'],3.1060833333333333,2024-06-07,2024-06-22,2,1,38,7600000.0,2031786182.0,16500000.0,183.0,252400000.0,35136860.0,265.0,5701786.0,3330455.0,2210287.0,978248.0,2600000.0,1600000.0,1100000.0,500000.0,69500000.0,36500000.0,21200000.0,7500000.0,1640000.0,1340000.0,1140000.0,590000.0,644382834.0,467755365.0,350678191.0,173683785.0,33–64
Close To You — Gracie Abrams,Close To You,Gracie Abrams,['Pop'],3.766,2024-06-20,2024-06-22,49,49,21,822000.0,174267168.0,1300000.0,181.0,27200000.0,2654818.0,1256.0,814605.0,362981.0,206294.0,58806.0,300000.0,100000.0,0.0,0.0,4100000.0,1500000.0,1100000.0,900000.0,148000.0,93000.0,61000.0,20000.0,59414587.0,36032696.0,20827748.0,8944245.0,17–32
The Man He Sees In Me — Luke Combs,The Man He Sees In Me,Luke Combs,[],,,2024-06-22,58,39,3,,,,,,,,,,,,,,,,,,,,,,,,,,,,3–8
360 — Charli XCX,360,Charli xcx,['Dance'],2.2300833333333334,2024-05-10,2024-06-22,73,44,8,2940000.0,1340011006.0,2000000.0,348.0,45800000.0,4606671.0,45.0,196193.0,8270.0,42427.0,21126.0,100000.0,100000.0,100000.0,0.0,12800000.0,8500000.0,7800000.0,1600000.0,80000.0,30000.0,20000.0,10000.0,114619598.0,52692067.0,26678911.0,13479381.0,3–8
Beautiful As You — Thomas Rhett,Beautiful As You,Thomas Rhett,[],,,2024-06-22,96,50,24,,,,,,,,,,,,,,,,,,,,,,,,,,,,17–32
Never Let Go — Jung Kook,Never Let Go,Jung Kook,"['K-Pop', 'Pop']",2.7802,2024-06-07,2024-06-22,97,97,1,,,18800000.0,19.0,169900000.0,,,,,,,,2200000.0,900000.0,300000.0,,28400000.0,10600000.0,4700000.0,,,,,,,,,1–2
Hang Tight Honey — Lainey Wilson,Hang Tight Honey,Lainey Wilson,['Country'],3.163116666666667,2024-05-13,2024-06-22,100,61,11,436000.0,296872564.0,2400000.0,874.0,23400000.0,2413587.0,3220.0,1216609.0,448793.0,229755.0,49393.0,700000.0,300000.0,100000.0,0.0,10100000.0,4600000.0,2500000.0,500000.0,215000.0,109000.0,60000.0,19000.0,171107116.0,90284659.0,46853143.0,15488892.0,9–16
I Am Not Okay — Jelly Roll,I Am Not Okay,Jelly Roll,['Country'],3.28555,2024-06-12,2024-06-29,30,14,32,3670000.0,2842586513.0,6600000.0,321.0,53100000.0,2923961.0,883.0,1543238.0,704580.0,227871.0,94961.0,2400000.0,1400000.0,700000.0,600000.0,23800000.0,13300000.0,6100000.0,4800000.0,760000.0,360000.0,190000.0,80000.0,726334097.0,354835408.0,168843864.0,57094366.0,17–32
Remember Him That Way — Luke Combs,Remember Him That Way,Luke Combs,['Country'],3.93425,2024-06-14,2024-06-29,35,35,3,3470000.0,4466400404.0,5500000.0,237.0,53600000.0,6589745.0,1432.0,1290586.0,661597.0,399842.0,146864.0,800000.0,400000.0,200000.0,100000.0,11100000.0,5900000.0,3900000.0,1800000.0,370000.0,200000.0,110000.0,40000.0,773391025.0,390824457.0,221039993.0,89275642.0,3–8
Devil Is A Lie — Tommy Richman,Devil Is A Lie,Tommy Richman,['Hip-Hop/Rap'],2.1824,2024-06-14,2024-06-29,47,32,13,248000.0,74866625.0,507400.0,79.0,16200000.0,220255.0,8.0,212150.0,200863.0,191275.0,71334.0,,,,223200.0,,,,6200000.0,246340.0,244620.0,243160.0,151200.0,74735083.0,74064517.0,73696927.0,46098553.0,9–16
The Thin Grey Line — $uicideboy$,The Thin Grey Line,$uicideboy$,"['Hip-Hop', 'Hip-Hop/Rap']",1.762066666666667,2024-06-14,2024-06-29,71,71,1,4100000.0,3088969048.0,1400000.0,42.0,8700000.0,3173816.0,,461592.0,155710.0,91302.0,12852.0,545100.0,100000.0,100000.0,0.0,3900000.0,1100000.0,1000000.0,500000.0,480000.0,210000.0,120000.0,40000.0,808097526.0,420694907.0,218779011.0,62901739.0,1–2
Tore Up — Don Toliver,Tore Up,Don Toliver,['Hip-Hop/Rap'],2.11645,2024-06-14,2024-06-29,78,78,1,1920000.0,1150273497.0,1200000.0,139.0,10400000.0,3333547.0,85.0,652721.0,410695.0,197461.0,67205.0,200000.0,100000.0,0.0,0.0,1600000.0,1000000.0,300000.0,200000.0,250000.0,160000.0,80000.0,30000.0,262867776.0,157462315.0,80733911.0,35257875.0,1–2
Burgundy — $uicideboy$,Burgundy,$uicideboy$,"['Hip-Hop', 'Hip-Hop/Rap']",4.474583333333333,2024-06-14,2024-06-29,86,86,1,4100000.0,3088969048.0,1400000.0,42.0,8700000.0,3173816.0,,461592.0,155710.0,91302.0,12852.0,545100.0,100000.0,100000.0,0.0,3900000.0,1100000.0,1000000.0,500000.0,480000.0,210000.0,120000.0,40000.0,808097526.0,420694907.0,218779011.0,62901739.0,1–2
Pink Pony Club — Chappell Roan,Pink Pony Club,Chappell Roan,['Pop'],4.300583333333333,2020-04-03,2024-06-29,90,4,61,,,,,,7900.0,94.0,-365.0,-82.0,17.0,112.0,,,,,,,,,,,,,,,,,33–64
Thorns — $uicideboy$,Thorns,$uicideboy$,"['Hip-Hop', 'Hip-Hop/Rap']",2.175,2024-06-14,2024-06-29,91,91,1,4100000.0,3088969048.0,1400000.0,42.0,8700000.0,3173816.0,,461592.0,155710.0,91302.0,12852.0,545100.0,100000.0,100000.0,0.0,3900000.0,1100000.0,1000000.0,500000.0,480000.0,210000.0,120000.0,40000.0,808097526.0,420694907.0,218779011.0,62901739.0,1–2
Front Door Famous — Luke Combs,Front Door Famous,Luke Combs,['Country'],3.306216666666667,2024-06-14,2024-06-29,95,95,1,3470000.0,4466400404.0,5500000.0,237.0,53600000.0,6589745.0,1432.0,1290586.0,661597.0,399842.0,146864.0,800000.0,400000.0,200000.0,100000.0,11100000.0,5900000.0,3900000.0,1800000.0,370000.0,200000.0,110000.0,40000.0,773391025.0,390824457.0,221039993.0,89275642.0,1–2
Kryptonite — Don Toliver,Kryptonite,Don Toliver,['Hip-Hop/Rap'],3.038666666666667,2024-06-14,2024-06-29,98,98,1,1920000.0,1150273497.0,1200000.0,139.0,10400000.0,3333547.0,85.0,652721.0,410695.0,197461.0,67205.0,200000.0,100000.0,0.0,0.0,1600000.0,1000000.0,300000.0,200000.0,250000.0,160000.0,80000.0,30000.0,262867776.0,157462315.0,80733911.0,35257875.0,1–2
Si Antes Te Hubiera Conocido — Karol G,Si Antes Te Hubiera Conocido,Karol G,['Latin'],3.263733333333333,2024-06-21,2024-07-06,34,32,20,36500000.0,24126232593.0,53000000.0,137.0,435600000.0,69470570.0,3326.0,5698904.0,2002428.0,884474.0,156948.0,5400000.0,2500000.0,1200000.0,500000.0,113800000.0,45400000.0,21000000.0,5600000.0,4600000.0,2700000.0,400000.0,100000.0,5706590890.0,2562818849.0,1189381518.0,487569217.0,17–32
TGIF — GloRilla,TGIF,GloRilla,['Hip-Hop/Rap'],2.74285,2024-06-11,2024-07-06,47,22,22,1120000.0,608734711.0,2000000.0,160.0,13200000.0,4784803.0,82.0,1167970.0,740175.0,668176.0,190507.0,500000.0,400000.0,300000.0,100000.0,4300000.0,2500000.0,1800000.0,600000.0,412000.0,286000.0,219000.0,70000.0,310981581.0,207412483.0,156982277.0,59065987.0,17–32
Kehlani — Jordan Adetunji,Kehlani,Jordan Adetunji,['Hip-Hop/Rap'],2.25,2024-06-24,2024-07-06,70,24,21,29700.0,3893658.0,244100.0,416.0,6400000.0,121278.0,86.0,67399.0,53055.0,42073.0,40876.0,161300.0,151900.0,149500.0,139200.0,5200000.0,4900000.0,4800000.0,4400000.0,23040.0,18400.0,17800.0,17600.0,3203604.0,2509160.0,2405747.0,2359942.0,17–32
Nights Like This — The Kid LAROI,Nights Like This,The Kid LAROI,['Pop'],2.7728166666666665,2024-08-08,2024-07-06,76,47,20,5640000.0,2431990293.0,4400000.0,81.0,67300000.0,4059617.0,32.0,100060.0,91012.0,110436.0,49959.0,800000.0,400000.0,300000.0,0.0,30200000.0,15300000.0,13000000.0,2400000.0,440000.0,150000.0,80000.0,20000.0,450885030.0,212530578.0,95656990.0,24143345.0,17–32
feelslikeimfallinginlove — Coldplay,feelslikeimfallinginlove,Coldplay,['Alternative'],3.9371833333333335,2024-06-20,2024-07-06,81,81,1,26400000.0,19257939940.0,6100000.0,298.0,67400000.0,26442566.0,2609.0,2826399.0,590729.0,139027.0,88849.0,500000.0,200000.0,0.0,0.0,9400000.0,3600000.0,1000000.0,800000.0,1200000.0,600000.0,300000.0,100000.0,2080659330.0,953689642.0,577372405.0,194045645.0,1–2
Casual — Chappell Roan,Casual,Chappell Roan,['Pop'],3.879933333333333,2022-10-28,2024-07-06,82,59,16,19100.0,3518136.0,,,,33366.0,310.0,19272.0,11729.0,4968.0,1636.0,,,,,,,,,,,,500.0,,,,127278.0,9–16
Risk — Gracie Abrams,Risk,Gracie Abrams,['Pop'],3.1927833333333333,2024-04-30,2024-07-06,94,94,1,773000.0,160022654.0,1300000.0,175.0,26100000.0,2528674.0,1235.0,794833.0,355680.0,184454.0,69275.0,314800.0,200000.0,100000.0,0.0,3500000.0,900000.0,200000.0,0.0,113000.0,56000.0,31000.0,9000.0,51184191.0,28822591.0,16037088.0,4911738.0,1–2
Girls — The Kid LAROI,Girls,The Kid LAROI,['Pop'],2.5496666666666665,2024-06-28,2024-07-13,51,51,7,5600000.0,2383906198.0,4300000.0,81.0,60500000.0,3979947.0,31.0,-1535.0,-14360.0,16995.0,28296.0,700000.0,300000.0,200000.0,200000.0,23600000.0,10800000.0,7700000.0,4200000.0,440000.0,150000.0,70000.0,20000.0,447878297.0,209851686.0,95067531.0,23656563.0,3–8
Otaku Hot Girl — Megan Thee Stallion,Otaku Hot Girl,Megan Thee Stallion,[],,,2024-07-13,67,67,1,,,,,,,,,,,,,,,,,,,,,,,,,,,,1–2
Rockstar — LISA,Rockstar,LISA,"['Pop', 'K-Pop']",2.30355,2024-06-27,2024-07-13,70,70,1,11700000.0,596014886.0,,,,,,,,,,,,,,,,,,500000.0,200000.0,100000.0,0.0,61825986.0,27726755.0,10315700.0,3230943.0,1–2
Where Them Girls At — Megan Thee Stallion,Where Them Girls At,Megan Thee Stallion,"['Hip-Hop/Rap', 'Rap']",3.1951833333333335,2024-06-28,2024-07-13,77,77,1,6170000.0,2836656299.0,13700000.0,134.0,139600000.0,31769764.0,369.0,758427.0,372176.0,-303602.0,-80741.0,1300000.0,700000.0,100000.0,100000.0,36500000.0,15100000.0,2300000.0,600000.0,470000.0,330000.0,110000.0,30000.0,373015566.0,222213436.0,85529537.0,28767441.0,1–2
New To Country — Bailey Zimmerman,New To Country,Bailey Zimmerman,['Country'],2.95205,2024-06-28,2024-07-13,94,94,1,558000.0,630775713.0,3000000.0,953.0,51400000.0,1626405.0,951.0,692849.0,153344.0,93675.0,35022.0,600000.0,200000.0,100000.0,100000.0,14500000.0,5900000.0,3300000.0,1000000.0,176000.0,78000.0,40000.0,13000.0,288539847.0,132282455.0,63077771.0,19484112.0,1–2
Lies Lies Lies — Morgan Wallen,Lies Lies Lies,Morgan Wallen,['Country'],3.30115,2024-07-05,2024-07-20,7,7,23,2970000.0,4875283310.0,5200000.0,52.0,26600000.0,7717117.0,,1693354.0,888933.0,494415.0,108132.0,700000.0,500000.0,300000.0,100000.0,6000000.0,5300000.0,2300000.0,300000.0,670000.0,360000.0,180000.0,60000.0,1442266643.0,751606868.0,391186911.0,152861698.0,17–32
28 — Zach Bryan,28,Zach Bryan,['Country'],3.888883333333333,2024-07-04,2024-07-20,14,14,20,1170000.0,1218849496.0,2900000.0,153.0,25000000.0,,,,,,,1000000.0,367567.5675675678,203603.60360360375,60000.0,6400000.0,2040540.5405405425,728828.8288288303,240000.0,455000.0,224000.0,120000.0,40000.0,665790849.0,331071048.0,179547486.0,61932333.0,17–32
American Nights — Zach Bryan,American Nights,Zach Bryan,['Country'],3.6488833333333335,2024-07-04,2024-07-20,21,21,9,1170000.0,1218849496.0,2900000.0,153.0,25000000.0,,,,,,,1000000.0,367567.5675675678,203603.60360360375,60000.0,6400000.0,2040540.5405405425,728828.8288288303,240000.0,455000.0,224000.0,120000.0,40000.0,665790849.0,331071048.0,179547486.0,61932333.0,9–16
Oak Island — Zach Bryan,Oak Island,Zach Bryan,['Country'],3.990166666666666,2024-07-04,2024-07-20,48,48,2,1170000.0,1218849496.0,2900000.0,153.0,25000000.0,,,,,,,1000000.0,367567.5675675678,203603.60360360375,60000.0,6400000.0,2040540.5405405425,728828.8288288303,240000.0,455000.0,224000.0,120000.0,40000.0,665790849.0,331071048.0,179547486.0,61932333.0,1–2
The Way Back — Zach Bryan,The Way Back,Zach Bryan,['Country'],3.092,2024-07-04,2024-07-20,57,57,1,1170000.0,1218849496.0,2900000.0,153.0,25000000.0,,,,,,,1000000.0,367567.5675675678,203603.60360360375,60000.0,6400000.0,2040540.5405405425,728828.8288288303,240000.0,455000.0,224000.0,120000.0,40000.0,665790849.0,331071048.0,179547486.0,61932333.0,1–2
The Great American Bar Scene — Zach Bryan,The Great American Bar Scene,Zach Bryan,['Country'],3.612,2024-07-04,2024-07-20,58,58,1,1170000.0,1218849496.0,2900000.0,153.0,25000000.0,,,,,,,1000000.0,367567.5675675678,203603.60360360375,60000.0,6400000.0,2040540.5405405425,728828.8288288303,240000.0,455000.0,224000.0,120000.0,40000.0,665790849.0,331071048.0,179547486.0,61932333.0,1–2
Bass Boat — Zach Bryan,Bass Boat,Zach Bryan,['Country'],3.6121333333333334,2024-07-04,2024-07-20,61,61,2,1170000.0,1218849496.0,2900000.0,153.0,25000000.0,,,,,,,1000000.0,367567.5675675678,203603.60360360375,60000.0,6400000.0,2040540.5405405425,728828.8288288303,240000.0,455000.0,224000.0,120000.0,40000.0,665790849.0,331071048.0,179547486.0,61932333.0,1–2
Mechanical Bull — Zach Bryan,Mechanical Bull,Zach Bryan,['Country'],3.48245,2024-07-04,2024-07-20,73,73,1,1170000.0,1218849496.0,2900000.0,153.0,25000000.0,,,,,,,1000000.0,367567.5675675678,203603.60360360375,60000.0,6400000.0,2040540.5405405425,728828.8288288303,240000.0,455000.0,224000.0,120000.0,40000.0,665790849.0,331071048.0,179547486.0,61932333.0,1–2
Boons — Zach Bryan,Boons,Zach Bryan,['Country'],3.0862166666666666,2024-07-04,2024-07-20,74,74,1,1170000.0,1218849496.0,2900000.0,153.0,25000000.0,,,,,,,1000000.0,367567.5675675678,203603.60360360375,60000.0,6400000.0,2040540.5405405425,728828.8288288303,240000.0,455000.0,224000.0,120000.0,40000.0,665790849.0,331071048.0,179547486.0,61932333.0,1–2
Like Ida — Zach Bryan,Like Ida,Zach Bryan,['Country'],3.584216666666667,2024-07-04,2024-07-20,91,91,1,1170000.0,1218849496.0,2900000.0,153.0,25000000.0,,,,,,,1000000.0,367567.5675675678,203603.60360360375,60000.0,6400000.0,2040540.5405405425,728828.8288288303,240000.0,455000.0,224000.0,120000.0,40000.0,665790849.0,331071048.0,179547486.0,61932333.0,1–2
Northern Thunder — Zach Bryan,Northern Thunder,Zach Bryan,['Country'],3.5113333333333334,2024-07-04,2024-07-20,93,93,1,1170000.0,1218849496.0,2900000.0,153.0,25000000.0,,,,,,,1000000.0,367567.5675675678,203603.60360360375,60000.0,6400000.0,2040540.5405405425,728828.8288288303,240000.0,455000.0,224000.0,120000.0,40000.0,665790849.0,331071048.0,179547486.0,61932333.0,1–2
Towers — Zach Bryan,Towers,Zach Bryan,['Country'],2.8356,2024-07-04,2024-07-20,94,94,1,1170000.0,1218849496.0,2900000.0,153.0,25000000.0,,,,,,,1000000.0,367567.5675675678,203603.60360360375,60000.0,6400000.0,2040540.5405405425,728828.8288288303,240000.0,455000.0,224000.0,120000.0,40000.0,665790849.0,331071048.0,179547486.0,61932333.0,1–2
Lithonia — Childish Gambino,Lithonia,Childish Gambino,['Pop'],2.9886666666666666,2024-07-02,2024-07-20,97,69,3,6650000.0,3398283048.0,,,,,,,,,,,,,,,,,,280000.0,170000.0,110000.0,30000.0,339090089.0,166309705.0,100555674.0,33862605.0,3–8
Funny Man — Zach Bryan,Funny Man,Zach Bryan,['Country'],3.279933333333333,2024-07-04,2024-07-20,99,99,1,1170000.0,1218849496.0,2900000.0,153.0,25000000.0,,,,,,,1000000.0,367567.5675675678,203603.60360360375,60000.0,6400000.0,2040540.5405405425,728828.8288288303,240000.0,455000.0,224000.0,120000.0,40000.0,665790849.0,331071048.0,179547486.0,61932333.0,1–2
Renaissance — Eminem,Renaissance,Eminem,['Hip-Hop/Rap'],1.6358833333333334,2024-07-12,2024-07-27,20,20,2,61000000.0,30345045009.0,,,,43271091.0,835.0,3980511.0,2229955.0,1262692.0,455541.0,,,,,,,,,4100000.0,2400000.0,1600000.0,600000.0,3253653920.0,1792554575.0,913500587.0,308514336.0,1–2
Brand New Dance — Eminem,Brand New Dance,Eminem,['Hip-Hop/Rap'],3.44415,2024-07-12,2024-07-27,25,25,2,61000000.0,30345045009.0,,,,43271091.0,835.0,3980511.0,2229955.0,1262692.0,455541.0,,,,,,,,,4100000.0,2400000.0,1600000.0,600000.0,3253653920.0,1792554575.0,913500587.0,308514336.0,1–2
Evil — Eminem,Evil,Eminem,['Hip-Hop/Rap'],3.8393,2024-07-12,2024-07-27,30,30,1,61000000.0,30345045009.0,,,,43271091.0,835.0,3980511.0,2229955.0,1262692.0,455541.0,,,,,,,,,4100000.0,2400000.0,1600000.0,600000.0,3253653920.0,1792554575.0,913500587.0,308514336.0,1–2
Trouble — Eminem,Trouble,Eminem,['Hip-Hop/Rap'],0.6914666666666667,2024-07-12,2024-07-27,31,31,1,61000000.0,30345045009.0,,,,43271091.0,835.0,3980511.0,2229955.0,1262692.0,455541.0,,,,,,,,,4100000.0,2400000.0,1600000.0,600000.0,3253653920.0,1792554575.0,913500587.0,308514336.0,1–2
Antichrist — Eminem,Antichrist,Eminem,['Hip-Hop/Rap'],5.2371,2024-07-12,2024-07-27,39,39,1,61000000.0,30345045009.0,,,,43271091.0,835.0,3980511.0,2229955.0,1262692.0,455541.0,,,,,,,,,4100000.0,2400000.0,1600000.0,600000.0,3253653920.0,1792554575.0,913500587.0,308514336.0,1–2
Guilty Conscience 2 — Eminem,Guilty Conscience 2,Eminem,['Hip-Hop/Rap'],5.425516666666667,2024-07-12,2024-07-27,45,45,1,61000000.0,30345045009.0,,,,43271091.0,835.0,3980511.0,2229955.0,1262692.0,455541.0,,,,,,,,,4100000.0,2400000.0,1600000.0,600000.0,3253653920.0,1792554575.0,913500587.0,308514336.0,1–2
Woman's World — Katy Perry,Woman's World,Katy Perry,[],,,2024-07-27,63,63,1,,,,,,,,,,,,,,,,,,,,,,,,,,,,1–2
Indifferent — Megan Moroney,Indifferent,Megan Moroney,['Country'],2.9337166666666668,2024-05-03,2024-07-27,91,91,2,111000.0,67063768.0,1100000.0,389.0,27600000.0,999579.0,561.0,591976.0,238417.0,112138.0,55147.0,456700.0,246700.0,134500.0,100000.0,16100000.0,10300000.0,5900000.0,2900000.0,67200.0,33300.0,16700.0,5000.0,54217306.0,27270542.0,14527745.0,4982319.0,1–2
Who — Jimin,Who,Jimin,"['K-Pop', 'Pop']",2.848133333333333,2024-07-19,2024-08-03,14,12,33,,,,,,53327554.0,94.0,2680347.0,126154.0,126144.0,71528.0,,,,,,,,,,,,,,,,,33–64
Chk Chk Boom — Stray Kids,Chk Chk Boom,Stray Kids,"['K-Pop', 'Pop']",2.4675166666666666,2024-07-19,2024-08-03,49,49,1,16900000.0,5239746858.0,25600000.0,437.0,892100000.0,30201541.0,4168.0,4068761.0,1673310.0,804274.0,267005.0,6100000.0,2800000.0,1400000.0,400000.0,402300000.0,214400000.0,139400000.0,38800000.0,3500000.0,1500000.0,800000.0,400000.0,1831281353.0,847115313.0,462174381.0,158917910.0,1–2
Apple — Charli XCX,Apple,Charli xcx,['Electronic'],2.529,2024-06-07,2024-08-03,81,66,2,3000000.0,1354252211.0,2100000.0,366.0,49300000.0,4670518.0,59.0,201765.0,72395.0,102690.0,68196.0,200000.0,200000.0,200000.0,100000.0,15900000.0,11800000.0,10400000.0,3800000.0,140000.0,90000.0,70000.0,60000.0,123046976.0,66933272.0,40920116.0,14241205.0,1–2
Help Me — Real Boston Richey,Help Me,Real Boston Richey,['Hip-Hop/Rap'],3.019433333333333,2024-05-31,2024-08-03,93,47,29,311000.0,302449965.0,149600.0,100.0,2600000.0,648589.0,27.0,115874.0,41131.0,19593.0,-282.0,,2600.0,300.0,200.0,,100000.0,100000.0,0.0,95000.0,41000.0,16000.0,5000.0,122655829.0,62998290.0,27234564.0,9498939.0,17–32
Femininomenon — Chappell Roan,Femininomenon,Chappell Roan,['Pop'],3.66185,2022-08-12,2024-08-03,96,66,9,,,,,,28900.0,265.0,,11732.0,5993.0,1026.0,,,,,,,,,,,,,,,,,9–16
Misses — Dominic Fike,Misses,Dominic Fike,['Alternative'],1.23965,2024-05-03,2024-08-03,100,99,2,577000.0,283046707.0,,,,3281927.0,35.0,92022.0,-17888.0,-34185.0,-8517.0,,,,,,,,,149000.0,71000.0,28000.0,13000.0,94907479.0,48833756.0,22559474.0,8533452.0,1–2
Lucky — Halsey,Lucky,Halsey,['Alternative'],3.3091166666666667,2024-06-26,2024-08-10,88,88,1,12000000.0,5412651135.0,5000000.0,7.0,21700000.0,31452176.0,810.0,-356851.0,-455491.0,-142511.0,57953.0,0.0,0.0,0.0,100000.0,300000.0,300000.0,300000.0,300000.0,100000.0,0.0,0.0,0.0,494606276.0,266602756.0,160960241.0,54320400.0,1–2
Nel — Fuerza Regida,Nel,Fuerza Regida,"['Dance', 'Latin', 'Música Mexicana']",2.484566666666667,2024-07-25,2024-08-10,91,70,14,3950000.0,5167947859.0,4500000.0,551.0,79500000.0,7515784.0,1682.0,3519200.0,1376595.0,485133.0,106027.0,1800000.0,1200000.0,600000.0,200000.0,40600000.0,30400000.0,17900000.0,3600000.0,1370000.0,640000.0,300000.0,90000.0,2569886858.0,1352677276.0,653672998.0,212249990.0,9–16
Linger — Royel Otis,Linger,Royel Otis,"['Indie Pop', 'Alternative']",3.1,2024-04-10,2024-08-10,94,94,1,16000.0,5088557.0,73300.0,158.0,1300000.0,96413.0,222.0,82064.0,73741.0,68756.0,4467.0,,,65492.0,2100.0,,,1225500.0,0.0,13260.0,11020.0,9140.0,2000.0,4344139.0,3593066.0,2781334.0,855447.0,1–2
Wanna Be Loved — The Red Clay Strays,Wanna Be Loved,The Red Clay Strays,"['Country', 'Alternative']",3.6218,2024-05-22,2024-08-10,100,100,1,64400.0,21319880.0,,,,476491.0,873.0,,334613.0,177231.0,115958.0,,,,,,,,,60140.0,49300.0,30700.0,8700.0,20767795.0,19187346.0,13924260.0,4150119.0,1–2
"I Love You, I'm Sorry — Gracie Abrams","I Love You, I'm Sorry",Gracie Abrams,['Pop'],2.6189833333333334,2024-06-21,2024-08-17,83,19,21,830000.0,174267168.0,1300000.0,181.0,27300000.0,2669705.0,1257.0,827368.0,376401.0,219966.0,72874.0,300000.0,100000.0,0.0,0.0,4000000.0,1600000.0,1200000.0,1000000.0,155000.0,101000.0,68000.0,28000.0,59169826.0,36032696.0,20827748.0,8944245.0,17–32
Am I Okay? — Megan Moroney,Am I Okay?,Megan Moroney,['Country'],3.916716666666667,2024-07-12,2024-08-17,86,34,40,124000.0,81095753.0,1200000.0,342.0,33600000.0,1138592.0,585.0,568671.0,282896.0,179759.0,55780.0,437100.0,278300.0,100000.0,100000.0,19000000.0,14300000.0,8100000.0,3300000.0,65400.0,37300.0,17000.0,6000.0,57544852.0,32297697.0,17646097.0,5857429.0,33–64
My Kink Is Karma — Chappell Roan,My Kink Is Karma,Chappell Roan,['Pop'],3.709633333333333,2022-05-06,2024-08-17,91,81,5,,,,,,22247.0,174.0,10146.0,8110.0,5373.0,1537.0,,,,,,,,,,,,,,,,,3–8
Liar — Jelly Roll,Liar,Jelly Roll,['Country'],3.41555,2024-08-02,2024-08-17,94,31,24,3780000.0,2930429444.0,7000000.0,302.0,57400000.0,3164778.0,907.0,1578822.0,654019.0,351018.0,165569.0,2300000.0,1300000.0,1000000.0,200000.0,24000000.0,12900000.0,9400000.0,1500000.0,760000.0,380000.0,200000.0,70000.0,701046222.0,338427884.0,172950602.0,58430693.0,17–32
"Love You, Miss You, Mean It — Luke Bryan","Love You, Miss You, Mean It",Luke Bryan,['Country'],3.36345,2024-04-05,2024-08-17,99,39,10,3190000.0,3086279315.0,4200000.0,222.0,25000000.0,6897766.0,2214.0,411873.0,142152.0,84869.0,15418.0,100000.0,0.0,0.0,0.0,2000000.0,800000.0,400000.0,100000.0,100000.0,40000.0,30000.0,10000.0,263852919.0,121347916.0,61506160.0,30777786.0,9–16
Blue Green Red — Drake,Blue Green Red,Drake,[],,,2024-08-24,63,63,1,,,,,,,,,,,,,,,,,,,,,,,,,,,,1–2
Evergreen — Richy Mitch And The Coal Miners,Evergreen,Richy Mitch And The Coal Miners,['Singer/Songwriter'],1.45,2017-05-17,2024-08-24,83,83,2,,,,,,,,,,,,,,,,,,,,,,,,,,,,1–2
Why Why Why — Shawn Mendes,Why Why Why,Shawn Mendes,[],,,2024-08-24,84,84,1,,,,,,,,,,,,,,,,,,,,,,,,,,,,1–2
Double Life — Pharrell Williams,Double Life,Pharrell Williams,"['Pop', 'Soundtrack']",3.1797,2024-06-14,2024-08-24,89,89,1,4240000.0,2418908942.0,1200000.0,34.0,9200000.0,15186134.0,9.0,567098.0,-26784.0,-67258.0,-22333.0,100000.0,0.0,0.0,0.0,1900000.0,500000.0,300000.0,300000.0,240000.0,120000.0,60000.0,20000.0,262088073.0,142241727.0,72131567.0,24429796.0,1–2
Big Mama — Latto,Big Mama,Latto,"['Rap', 'Hip-Hop/Rap']",2.9,2024-06-28,2024-08-24,92,92,1,2040000.0,969757455.0,7500000.0,479.0,170000000.0,12271750.0,91.0,1661952.0,843977.0,511279.0,109495.0,800000.0,300000.0,200000.0,100000.0,25900000.0,11600000.0,8000000.0,3900000.0,320000.0,160000.0,70000.0,30000.0,255514887.0,121757840.0,58118234.0,19607405.0,1–2
She's Somebody's Daughter (Reimagined) — Drew Baldridge,She's Somebody's Daughter (Reimagined),Drew Baldridge,['Country'],2.939333333333334,2019-07-19,2024-08-24,93,93,3,,,,,,34731.0,1823.0,,1264.0,984.0,412.0,,,,,,,,,,,,,,,,,3–8
Residuals — Chris Brown,Residuals,Chris Brown,['R&B/Soul'],3.5863,2024-04-11,2024-08-24,97,40,35,26400000.0,16857012571.0,8400000.0,49.0,25600000.0,145136660.0,7686.0,8023244.0,819278.0,158707.0,-213762.0,1100000.0,900000.0,600000.0,200000.0,6900000.0,6100000.0,3900000.0,1000000.0,1500000.0,800000.0,400000.0,200000.0,1784410891.0,996998582.0,503459249.0,170215116.0,33–64
What Don't Belong To Me — Post Malone,What Don't Belong To Me,Post Malone,['Country'],3.452933333333333,2024-08-16,2024-08-31,40,40,2,27300000.0,16805721497.0,17400000.0,287.0,167400000.0,26922765.0,1316.0,2719821.0,1711444.0,495357.0,125106.0,2200000.0,1200000.0,600000.0,100000.0,42100000.0,24900000.0,11600000.0,2100000.0,1600000.0,900000.0,300000.0,100000.0,2140535494.0,1148130072.0,660139408.0,167184579.0,1–2
Yours — Post Malone,Yours,Post Malone,['Country'],3.3239833333333335,2024-08-16,2024-08-31,54,54,1,27300000.0,16805721497.0,17400000.0,287.0,167400000.0,26922765.0,1316.0,2719821.0,1711444.0,495357.0,125106.0,2200000.0,1200000.0,600000.0,100000.0,42100000.0,24900000.0,11600000.0,2100000.0,1600000.0,900000.0,300000.0,100000.0,2140535494.0,1148130072.0,660139408.0,167184579.0,1–2
Right About You — Post Malone,Right About You,Post Malone,['Country'],3.050766666666666,2024-08-16,2024-08-31,88,88,1,27300000.0,16805721497.0,17400000.0,287.0,167400000.0,26922765.0,1316.0,2719821.0,1711444.0,495357.0,125106.0,2200000.0,1200000.0,600000.0,100000.0,42100000.0,24900000.0,11600000.0,2100000.0,1600000.0,900000.0,300000.0,100000.0,2140535494.0,1148130072.0,660139408.0,167184579.0,1–2
Pretty Slowly — Benson Boone,Pretty Slowly,Benson Boone,['Pop'],4.3570166666666665,2024-08-15,2024-08-31,91,86,3,3370000.0,1326660750.0,6600000.0,891.0,280900000.0,3250907.0,78.0,2692124.0,1623171.0,256142.0,33705.0,2700000.0,1600000.0,-400000.0,-600000.0,86400000.0,50900000.0,4000000.0,1100000.0,2807000.0,2478000.0,620000.0,160000.0,1089798136.0,950223377.0,265596761.0,98637083.0,3–8
Sailor Song — Gigi Perez,Sailor Song,Gigi Perez,['Pop'],3.532983333333333,2025-04-12,2024-08-31,98,22,39,206000.0,146284205.0,428300.0,,9300000.0,296595.0,332.0,284028.0,213774.0,75251.0,19081.0,335700.0,0.0,0.0,0.0,6400000.0,0.0,0.0,0.0,200700.0,159300.0,65000.0,22000.0,144180797.0,132766246.0,70516837.0,28000471.0,33–64
Taste — Sabrina Carpenter,Taste,Sabrina Carpenter,['Pop'],2.6213333333333333,2024-08-23,2024-09-07,2,2,38,8570000.0,2495194762.0,19700000.0,166.0,281800000.0,38757940.0,299.0,8630629.0,6086516.0,4168711.0,899017.0,5400000.0,4400000.0,3400000.0,1100000.0,90100000.0,55200000.0,31500000.0,15800000.0,2540000.0,2130000.0,1190000.0,370000.0,1048770237.0,831619164.0,532920790.0,138341171.0,33–64
Bed Chem — Sabrina Carpenter,Bed Chem,Sabrina Carpenter,['Pop'],2.8645,2024-08-23,2024-09-07,14,14,32,8570000.0,2495194762.0,19700000.0,166.0,281800000.0,38757940.0,299.0,8630629.0,6086516.0,4168711.0,899017.0,5400000.0,4400000.0,3400000.0,1100000.0,90100000.0,55200000.0,31500000.0,15800000.0,2540000.0,2130000.0,1190000.0,370000.0,1048770237.0,831619164.0,532920790.0,138341171.0,17–32
Good Graces — Sabrina Carpenter,Good Graces,Sabrina Carpenter,['Pop'],3.0877833333333333,2024-08-23,2024-09-07,15,15,13,8570000.0,2495194762.0,19700000.0,166.0,281800000.0,38757940.0,299.0,8630629.0,6086516.0,4168711.0,899017.0,5400000.0,4400000.0,3400000.0,1100000.0,90100000.0,55200000.0,31500000.0,15800000.0,2540000.0,2130000.0,1190000.0,370000.0,1048770237.0,831619164.0,532920790.0,138341171.0,9–16
Sharpest Tool — Sabrina Carpenter,Sharpest Tool,Sabrina Carpenter,['Pop'],3.6380666666666666,2024-08-23,2024-09-07,21,21,7,8570000.0,2495194762.0,19700000.0,166.0,281800000.0,38757940.0,299.0,8630629.0,6086516.0,4168711.0,899017.0,5400000.0,4400000.0,3400000.0,1100000.0,90100000.0,55200000.0,31500000.0,15800000.0,2540000.0,2130000.0,1190000.0,370000.0,1048770237.0,831619164.0,532920790.0,138341171.0,3–8
Juno — Sabrina Carpenter,Juno,Sabrina Carpenter,['Pop'],3.719866666666667,2024-08-23,2024-09-07,22,22,17,8570000.0,2495194762.0,19700000.0,166.0,281800000.0,38757940.0,299.0,8630629.0,6086516.0,4168711.0,899017.0,5400000.0,4400000.0,3400000.0,1100000.0,90100000.0,55200000.0,31500000.0,15800000.0,2540000.0,2130000.0,1190000.0,370000.0,1048770237.0,831619164.0,532920790.0,138341171.0,17–32
Coincidence — Sabrina Carpenter,Coincidence,Sabrina Carpenter,['Pop'],2.7367166666666667,2024-08-23,2024-09-07,26,26,7,8570000.0,2495194762.0,19700000.0,166.0,281800000.0,38757940.0,299.0,8630629.0,6086516.0,4168711.0,899017.0,5400000.0,4400000.0,3400000.0,1100000.0,90100000.0,55200000.0,31500000.0,15800000.0,2540000.0,2130000.0,1190000.0,370000.0,1048770237.0,831619164.0,532920790.0,138341171.0,3–8
Slim Pickins — Sabrina Carpenter,Slim Pickins,Sabrina Carpenter,['Pop'],2.536583333333333,2024-08-23,2024-09-07,27,27,5,8570000.0,2495194762.0,19700000.0,166.0,281800000.0,38757940.0,299.0,8630629.0,6086516.0,4168711.0,899017.0,5400000.0,4400000.0,3400000.0,1100000.0,90100000.0,55200000.0,31500000.0,15800000.0,2540000.0,2130000.0,1190000.0,370000.0,1048770237.0,831619164.0,532920790.0,138341171.0,3–8
Dumb & Poetic — Sabrina Carpenter,Dumb & Poetic,Sabrina Carpenter,[],,,2024-09-07,32,32,3,,,,,,,,,,,,,,,,,,,,,,,,,,,,3–8
Don't Smile — Sabrina Carpenter,Don't Smile,Sabrina Carpenter,['Pop'],3.438266666666667,2024-08-23,2024-09-07,35,35,3,8570000.0,2495194762.0,19700000.0,166.0,281800000.0,38757940.0,299.0,8630629.0,6086516.0,4168711.0,899017.0,5400000.0,4400000.0,3400000.0,1100000.0,90100000.0,55200000.0,31500000.0,15800000.0,2540000.0,2130000.0,1190000.0,370000.0,1048770237.0,831619164.0,532920790.0,138341171.0,3–8
Lie To Girls — Sabrina Carpenter,Lie To Girls,Sabrina Carpenter,['Pop'],3.3666833333333335,2024-08-23,2024-09-07,41,41,2,8570000.0,2495194762.0,19700000.0,166.0,281800000.0,38757940.0,299.0,8630629.0,6086516.0,4168711.0,899017.0,5400000.0,4400000.0,3400000.0,1100000.0,90100000.0,55200000.0,31500000.0,15800000.0,2540000.0,2130000.0,1190000.0,370000.0,1048770237.0,831619164.0,532920790.0,138341171.0,1–2
Drugs You Should Try It — Travis Scott,Drugs You Should Try It,Travis Scott,[],,,2024-09-07,66,66,1,,,,,,,,,,,,,,,,,,,,,,,,,,,,1–2
No Face — Drake,No Face,Drake,['Hip-Hop/Rap'],2.2857166666666666,2024-08-31,2024-09-14,60,60,3,30200000.0,18253754313.0,,,,145354791.0,506.0,3075489.0,-596801.0,-1141651.0,-318978.0,,,,,,,,,1900000.0,900000.0,300000.0,100000.0,2580693300.0,1088130063.0,540703945.0,181697000.0,3–8
Circadian Rhythm — Drake,Circadian Rhythm,Drake,['Hip-Hop/Rap'],2.105933333333333,2024-08-23,2024-09-14,69,59,4,30100000.0,18253754313.0,,,,145466264.0,505.0,3420701.0,-427746.0,-1126366.0,-381730.0,,,,,,,,,1800000.0,800000.0,200000.0,0.0,2639139688.0,1088130063.0,540703945.0,181697000.0,3–8
Crazy — LE SSERAFIM,Crazy,LE SSERAFIM,"['K-Pop', 'Pop']",3.4230833333333335,2024-09-02,2024-09-14,76,76,2,5440000.0,3201156647.0,10400000.0,589.0,574800000.0,8911169.0,1085.0,2608897.0,605217.0,31930.0,88318.0,2900000.0,1100000.0,200000.0,100000.0,275200000.0,118800000.0,43000000.0,28500000.0,1630000.0,640000.0,130000.0,70000.0,1581652537.0,736502284.0,194375465.0,66771200.0,1–2
Tailor Swif — A$AP Rocky,Tailor Swif,A$AP Rocky,"['Rap', 'Hip-Hop/Rap']",2.58985,2024-08-30,2024-09-14,84,84,1,5390000.0,3665429357.0,660000.0,10.0,2400000.0,19440522.0,35.0,1768261.0,1188361.0,787093.0,320551.0,310500.0,235000.0,203200.0,76000.0,1984900.0,1765100.0,1747900.0,1000000.0,300000.0,180000.0,110000.0,60000.0,440574752.0,250421929.0,109451988.0,36801822.0,1–2
Love You Again — Chase Matthew,Love You Again,Chase Matthew,['Country'],2.8939333333333335,2022-12-09,2024-09-14,91,91,1,202000.0,117277487.0,668100.0,,6900000.0,172717.0,737.0,75722.0,19472.0,2416.0,321.0,465800.0,150700.0,34050.0,21500.0,5800000.0,2500000.0,1200000.0,700000.0,,,8000.0,3000.0,,,16774114.0,4569800.0,1–2
Young Love & Saturday Nights — Chris Young,Young Love & Saturday Nights,Chris Young,['Country'],3.2559666666666667,2023-07-21,2024-09-14,94,94,1,1000000.0,958687122.0,610600.0,267.0,4900000.0,1574846.0,2870.0,-4614.0,-2413.0,-754.0,76.0,69900.0,31575.0,22300.0,16000.0,900000.0,400000.0,200000.0,100000.0,,16000.0,4000.0,0.0,,50146757.0,24578020.0,8336175.0,1–2
The Emptiness Machine — Linkin Park,The Emptiness Machine,Linkin Park,['Alternative'],3.0872333333333333,2024-09-05,2024-09-21,21,21,7,,,1400000.0,83.0,6700000.0,6963711.0,1786.0,562039.0,379745.0,254028.0,208890.0,300000.0,200000.0,100000.0,100000.0,1700000.0,900000.0,600000.0,400000.0,,,,,,,,,3–8
Diet Pepsi — Addison Rae,Diet Pepsi,Addison Rae,['Pop'],2.8283,2024-08-09,2024-09-21,86,54,20,4200000.0,40029838.0,88800000.0,1777.0,5800000000.0,34858827.0,20.0,-2680112.0,-1370997.0,-637098.0,-204339.0,400000.0,200000.0,0.0,0.0,0.0,0.0,0.0,0.0,-130000.0,-50000.0,-30000.0,-10000.0,-110416016.0,1347887.0,398358.0,398358.0,17–32
Disco — Surf Curse,Disco,Surf Curse,['Alternative'],2.5460166666666666,2019-06-12,2024-09-21,91,91,1,,,,,,,,,,,,,,,,,,,,,,,,,,,,1–2
Shake Dat Ass (Twerk Song) — BossMan DLow,Shake Dat Ass (Twerk Song),BossMan Dlow,"['Rap', 'Hip-Hop/Rap']",3.283333333333333,2023-01-01,2024-09-21,93,82,2,,,,,,,,,,,,,,,,,,,,,,,,,,,,1–2
Baby I'm Back — The Kid LAROI,Baby I'm Back,The Kid LAROI,['Pop'],2.8540666666666668,2024-08-08,2024-09-21,95,89,2,5640000.0,2431990293.0,4400000.0,81.0,67300000.0,4059617.0,32.0,100060.0,91012.0,110436.0,49959.0,800000.0,400000.0,300000.0,0.0,30200000.0,15300000.0,13000000.0,2400000.0,440000.0,150000.0,80000.0,20000.0,450885030.0,212530578.0,95656990.0,24143345.0,1–2
Dancing In The Flames — The Weeknd,Dancing In The Flames,The Weeknd,[],,,2024-09-28,14,14,18,,,,,,,,,,,,,,,,,,,,,,,,,,,,17–32
All Red — Playboi Carti,All Red,Playboi Carti,['Hip-Hop/Rap'],2.46755,2024-09-13,2024-09-28,15,15,4,3870000.0,1733090892.0,,,,12363574.0,2.0,1569304.0,510880.0,331823.0,209662.0,,,,,,,,,920000.0,300000.0,170000.0,100000.0,344636877.0,156890232.0,74977855.0,17603643.0,3–8
It's Ok I'm Ok — Tate McRae,It's Ok I'm Ok,Tate McRae,['Pop'],2.3983166666666667,2024-10-11,2024-09-28,20,20,20,5590000.0,1883290174.0,7800000.0,830.0,347300000.0,4723720.0,292.0,2292720.0,885426.0,625917.0,397817.0,2700000.0,1100000.0,700000.0,400000.0,128500000.0,65500000.0,41900000.0,19100000.0,1350000.0,240000.0,150000.0,110000.0,774973413.0,286827782.0,149398093.0,58064976.0,17–32
Passport Junkie — Rod Wave,Passport Junkie,Rod Wave,"['Rap', 'Hip-Hop/Rap']",2.4625,2024-09-13,2024-09-28,61,51,6,6020000.0,5718473402.0,5200000.0,77.0,44700000.0,7756633.0,52.0,629905.0,102311.0,59207.0,37658.0,1100000.0,200000.0,200000.0,100000.0,10900000.0,3400000.0,2900000.0,1800000.0,780000.0,270000.0,130000.0,50000.0,1155442084.0,447865620.0,228047168.0,59257684.0,3–8
Bad Dreams — Teddy Swims,Bad Dreams,Teddy Swims,['Pop'],3.0763,2024-09-13,2024-09-28,75,30,24,4170000.0,1517973132.0,7400000.0,689.0,58100000.0,6797799.0,739.0,,2277517.0,733201.0,361573.0,3300000.0,1800000.0,900000.0,500000.0,28100000.0,13700000.0,6700000.0,4700000.0,1450000.0,940000.0,460000.0,190000.0,869234280.0,577483587.0,326654180.0,115327402.0,17–32
I Never Lie — Zach Top,I Never Lie,Zach Top,"['Traditional Country', 'Country']",3.74845,2024-04-05,2024-09-28,95,24,34,20400.0,4075872.0,,,,215064.0,329.0,180106.0,96826.0,59413.0,14687.0,,,,,,,,,,9700.0,6200.0,1700.0,,2886959.0,1914452.0,618950.0,33–64
Worst Way — Riley Green,Worst Way,Riley Green,['Country'],3.6759666666666666,2024-03-29,2024-09-28,100,20,31,312000.0,342393144.0,729000.0,217.0,8100000.0,1379074.0,907.0,369023.0,80687.5,41416.0,22379.0,181400.0,64100.0,19500.0,5600.0,2900000.0,1300000.0,300000.0,100000.0,35000.0,17000.0,8000.0,3000.0,75241388.0,39567216.0,20330407.0,6883228.0,17–32
Teflon Don — Future,Teflon Don,Future,['Hip-Hop/Rap'],2.6649,2024-09-20,2024-10-05,21,21,3,13800000.0,11823737500.0,,,,,,,,,,,,,,,,,,1000000.0,700000.0,200000.0,100000.0,1684511933.0,1139016740.0,466263748.0,119863742.0,3–8
Too Fast — Future,Too Fast,Future,['Hip-Hop/Rap'],3.42885,2024-09-20,2024-10-05,23,23,3,13800000.0,11823737500.0,,,,,,,,,,,,,,,,,,1000000.0,700000.0,200000.0,100000.0,1684511933.0,1139016740.0,466263748.0,119863742.0,3–8
Lil Demon — Future,Lil Demon,Future,['Hip-Hop/Rap'],2.31995,2024-09-20,2024-10-05,25,25,5,13800000.0,11823737500.0,,,,,,,,,,,,,,,,,,1000000.0,700000.0,200000.0,100000.0,1684511933.0,1139016740.0,466263748.0,119863742.0,3–8
Ski — Future,Ski,Future,['Hip-Hop/Rap'],2.4598833333333334,2024-09-20,2024-10-05,26,26,3,13800000.0,11823737500.0,,,,,,,,,,,,,,,,,,1000000.0,700000.0,200000.0,100000.0,1684511933.0,1139016740.0,466263748.0,119863742.0,3–8
Plutoski — Future,Plutoski,Future,['Hip-Hop/Rap'],2.9837166666666666,2024-09-20,2024-10-05,29,29,3,13800000.0,11823737500.0,,,,,,,,,,,,,,,,,,1000000.0,700000.0,200000.0,100000.0,1684511933.0,1139016740.0,466263748.0,119863742.0,3–8
Ready To Cook Up — Future,Ready To Cook Up,Future,[],,,2024-10-05,42,42,1,,,,,,,,,,,,,,,,,,,,,,,,,,,,1–2
Ocean — Future,Ocean,Future,['Hip-Hop/Rap'],3.38495,2024-09-20,2024-10-05,46,46,1,13800000.0,11823737500.0,,,,,,,,,,,,,,,,,,1000000.0,700000.0,200000.0,100000.0,1684511933.0,1139016740.0,466263748.0,119863742.0,1–2
South Of France — Future,South Of France,Future,['Hip-Hop/Rap'],3.0653166666666665,2024-11-01,2024-10-05,57,57,2,13900000.0,12066909053.0,,,,,,,,,,,,,,,,,,1000000.0,500000.0,200000.0,100000.0,1823997307.0,938304513.0,479445680.0,123120478.0,1–2
Brazzier — Future,Brazzier,Future,['Hip-Hop/Rap'],3.1427666666666667,2024-09-20,2024-10-05,59,59,1,13800000.0,11823737500.0,,,,,,,,,,,,,,,,,,1000000.0,700000.0,200000.0,100000.0,1684511933.0,1139016740.0,466263748.0,119863742.0,1–2
Press The Button — Future,Press The Button,Future,['Hip-Hop/Rap'],2.8376166666666665,2024-09-20,2024-10-05,61,61,1,13800000.0,11823737500.0,,,,,,,,,,,,,,,,,,1000000.0,700000.0,200000.0,100000.0,1684511933.0,1139016740.0,466263748.0,119863742.0,1–2
Surfing A Tsunami — Future,Surfing A Tsunami,Future,['Hip-Hop/Rap'],3.56165,2024-09-20,2024-10-05,63,63,1,13800000.0,11823737500.0,,,,,,,,,,,,,,,,,,1000000.0,700000.0,200000.0,100000.0,1684511933.0,1139016740.0,466263748.0,119863742.0,1–2
MJ — Future,MJ,Future,['Hip-Hop/Rap'],1.915266666666667,2024-09-20,2024-10-05,68,68,1,13800000.0,11823737500.0,,,,,,,,,,,,,,,,,,1000000.0,700000.0,200000.0,100000.0,1684511933.0,1139016740.0,466263748.0,119863742.0,1–2
Oath — Future,Oath,Future,['Hip-Hop/Rap'],1.579616666666667,2024-09-20,2024-10-05,70,70,1,13800000.0,11823737500.0,,,,,,,,,,,,,,,,,,1000000.0,700000.0,200000.0,100000.0,1684511933.0,1139016740.0,466263748.0,119863742.0,1–2
Burning Down — Alex Warren,Burning Down,Alex Warren,['Pop'],2.9906166666666665,2024-09-16,2024-10-05,76,69,14,2720000.0,676589561.0,16300000.0,1781.0,1000000000.0,2551130.0,628.0,393110.0,334462.0,281362.0,2408.0,500000.0,600000.0,600000.0,0.0,47600000.0,33700000.0,29000000.0,0.0,90000.0,110000.0,60000.0,10000.0,123895003.0,112489567.0,54747129.0,13601985.0,9–16
Una Velita — Bad Bunny,Una Velita,Bad Bunny,"['Urbano latino', 'Latin']",3.9997666666666665,2024-09-19,2024-10-05,79,79,1,48200000.0,36087876429.0,31000000.0,0.0,347900000.0,45797690.0,7.0,-344475.0,-709501.0,-477804.0,-142346.0,-500000.0,-800000.0,-400000.0,-200000.0,18600000.0,0.0,0.0,0.0,1800000.0,600000.0,300000.0,100000.0,4504649878.0,2110233825.0,725461574.0,0.0,1–2
Aye Say Gang — Future,Aye Say Gang,Future,[],,,2024-10-05,80,80,1,,,,,,,,,,,,,,,,,,,,,,,,,,,,1–2
Told My — Future,Told My,Future,['Hip-Hop/Rap'],1.6901333333333333,2024-09-20,2024-10-05,81,81,1,13800000.0,11823737500.0,,,,,,,,,,,,,,,,,,1000000.0,700000.0,200000.0,100000.0,1684511933.0,1139016740.0,466263748.0,119863742.0,1–2
Lost My Dog — Future,Lost My Dog,Future,['Hip-Hop/Rap'],2.8956166666666667,2024-09-20,2024-10-05,83,83,1,13800000.0,11823737500.0,,,,,,,,,,,,,,,,,,1000000.0,700000.0,200000.0,100000.0,1684511933.0,1139016740.0,466263748.0,119863742.0,1–2
Made My Hoe Faint — Future,Made My Hoe Faint,Future,[],,,2024-10-05,85,85,1,,,,,,,,,,,,,,,,,,,,,,,,,,,,1–2
Hollon — GloRilla,Hollon,GloRilla,['Hip-Hop/Rap'],2.14765,2024-09-19,2024-10-05,86,48,7,1360000.0,823524122.0,2400000.0,156.0,16700000.0,5199570.0,149.0,1276857.0,1052735.0,388326.0,63574.0,800000.0,700000.0,400000.0,300000.0,7100000.0,5300000.0,3500000.0,3000000.0,569000.0,444000.0,230000.0,50000.0,461849042.0,362371529.0,201064542.0,62006459.0,3–8
Fall Fast In Love — Rod Wave,Fall Fast In Love,Rod Wave,[],,,2024-10-12,68,49,4,,,,,,,,,,,,,,,,,,,,,,,,,,,,3–8
Heavy Is The Crown — Linkin Park,Heavy Is The Crown,Linkin Park,['Alternative'],2.3043833333333335,2024-09-24,2024-10-12,79,79,1,,,2100000.0,83.0,14000000.0,8671407.0,1821.0,2230825.0,2062848.0,1948801.0,1889093.0,1000000.0,900000.0,800000.0,800000.0,8900000.0,8100000.0,7800000.0,7600000.0,,,,,,,,,1–2
No One Noticed — The Marias,No One Noticed,The Marias,['Alternative'],3.94845,2024-05-03,2024-10-12,90,22,41,712000.0,175666011.0,295100.0,78.0,4400000.0,678921.0,284.0,57630.0,42332.0,37095.0,24978.0,35200.0,30400.0,21100.0,10300.0,1200000.0,1100000.0,900000.0,500000.0,68000.0,37000.0,22000.0,9000.0,8314585.0,22087840.0,12322051.0,5462238.0,33–64
El Lokeron — Tito Double P,El Lokeron,Tito Double P,"['Música Mexicana', 'Latin']",2.4245666666666668,2024-08-22,2024-10-12,92,73,8,213000.0,172833012.0,971100.0,0.0,3600000.0,1145546.0,14.0,,,,,447300.0,341000.0,207100.0,74700.0,3127200.0,3164300.0,1800000.0,400000.0,208290.0,139200.0,109000.0,45000.0,169824654.0,114754441.0,90494154.0,38789301.0,3–8
Keep Up — Odetari,Keep Up,Odetari,['Dance'],2.22045,2024-07-17,2024-10-12,96,96,1,2660000.0,805442959.0,2200000.0,84.0,27500000.0,553362.0,,483861.0,86017.0,31078.0,8993.0,1729700.0,200000.0,100000.0,0.0,19100000.0,4700000.0,2800000.0,1000000.0,2386000.0,500000.0,210000.0,70000.0,698944873.0,398170111.0,183050330.0,69850121.0,1–2
This Is My Dirt — Justin Moore,This Is My Dirt,Justin Moore,['Country'],3.61765,2023-11-17,2024-10-12,98,96,2,563000.0,524440212.0,71900.0,37.0,260600.0,772859.0,615.0,26958.0,23666.0,7227.0,690.0,,,,1500.0,,,,8500.0,27000.0,14000.0,6000.0,2000.0,70768741.0,38220773.0,17368903.0,5197334.0,1–2
Fix What You Didn't Break — Nate Smith,Fix What You Didn't Break,Nate Smith,['Country'],3.35925,2024-08-23,2024-10-19,88,52,20,161000.0,172648854.0,2000000.0,2042.0,23800000.0,396758.0,1090.0,180111.0,89558.0,35372.0,14758.0,400000.0,200000.0,200000.0,100000.0,4000000.0,2400000.0,1800000.0,800000.0,50000.0,29000.0,16000.0,6000.0,92211123.0,59359857.0,32477039.0,10896769.0,17–32
New Drop — Don Toliver,New Drop,Don Toliver,['Hip-Hop/Rap'],3.622216666666666,2024-06-14,2024-10-19,95,81,6,1920000.0,1150273497.0,1200000.0,139.0,10400000.0,3333547.0,85.0,652721.0,410695.0,197461.0,67205.0,200000.0,100000.0,0.0,0.0,1600000.0,1000000.0,300000.0,200000.0,250000.0,160000.0,80000.0,30000.0,262867776.0,157462315.0,80733911.0,35257875.0,3–8
25 — Rod Wave,25,Rod Wave,"['Rap', 'Hip-Hop/Rap']",3.0,2024-10-11,2024-10-26,16,16,14,6120000.0,5778858621.0,5200000.0,77.0,47000000.0,7865496.0,58.0,541932.0,182494.0,128128.0,117838.0,700000.0,200000.0,100000.0,0.0,10000000.0,5700000.0,4500000.0,2600000.0,750000.0,330000.0,190000.0,100000.0,1083502485.0,398036895.0,233293166.0,60385219.0,9–16
Last Lap — Rod Wave,Last Lap,Rod Wave,"['Rap', 'Hip-Hop/Rap']",4.1386666666666665,2024-10-11,2024-10-26,35,35,2,6120000.0,5778858621.0,5200000.0,77.0,47000000.0,7865496.0,58.0,541932.0,182494.0,128128.0,117838.0,700000.0,200000.0,100000.0,0.0,10000000.0,5700000.0,4500000.0,2600000.0,750000.0,330000.0,190000.0,100000.0,1083502485.0,398036895.0,233293166.0,60385219.0,1–2
Federal Nightmares — Rod Wave,Federal Nightmares,Rod Wave,"['Rap', 'Hip-Hop/Rap']",3.1431666666666667,2024-10-11,2024-10-26,44,44,2,6120000.0,5778858621.0,5200000.0,77.0,47000000.0,7865496.0,58.0,541932.0,182494.0,128128.0,117838.0,700000.0,200000.0,100000.0,0.0,10000000.0,5700000.0,4500000.0,2600000.0,750000.0,330000.0,190000.0,100000.0,1083502485.0,398036895.0,233293166.0,60385219.0,1–2
Angel With An Attitude — Rod Wave,Angel With An Attitude,Rod Wave,"['Rap', 'Hip-Hop/Rap']",3.26115,2024-10-11,2024-10-26,46,46,2,6120000.0,5778858621.0,5200000.0,77.0,47000000.0,7865496.0,58.0,541932.0,182494.0,128128.0,117838.0,700000.0,200000.0,100000.0,0.0,10000000.0,5700000.0,4500000.0,2600000.0,750000.0,330000.0,190000.0,100000.0,1083502485.0,398036895.0,233293166.0,60385219.0,1–2
Never Mind — Rod Wave,Never Mind,Rod Wave,"['Rap', 'Hip-Hop/Rap']",2.8387166666666666,2024-10-11,2024-10-26,54,54,1,6120000.0,5778858621.0,5200000.0,77.0,47000000.0,7865496.0,58.0,541932.0,182494.0,128128.0,117838.0,700000.0,200000.0,100000.0,0.0,10000000.0,5700000.0,4500000.0,2600000.0,750000.0,330000.0,190000.0,100000.0,1083502485.0,398036895.0,233293166.0,60385219.0,1–2
Turtle Race — Rod Wave,Turtle Race,Rod Wave,"['Rap', 'Hip-Hop/Rap']",3.1094333333333335,2024-10-11,2024-10-26,57,57,1,6120000.0,5778858621.0,5200000.0,77.0,47000000.0,7865496.0,58.0,541932.0,182494.0,128128.0,117838.0,700000.0,200000.0,100000.0,0.0,10000000.0,5700000.0,4500000.0,2600000.0,750000.0,330000.0,190000.0,100000.0,1083502485.0,398036895.0,233293166.0,60385219.0,1–2
Apply Pressure — Rod Wave,Apply Pressure,Rod Wave,"['Rap', 'Hip-Hop/Rap']",2.926833333333333,2024-10-11,2024-10-26,63,63,1,6120000.0,5778858621.0,5200000.0,77.0,47000000.0,7865496.0,58.0,541932.0,182494.0,128128.0,117838.0,700000.0,200000.0,100000.0,0.0,10000000.0,5700000.0,4500000.0,2600000.0,750000.0,330000.0,190000.0,100000.0,1083502485.0,398036895.0,233293166.0,60385219.0,1–2
The Best — Rod Wave,The Best,Rod Wave,"['Rap', 'Hip-Hop/Rap']",2.59655,2024-10-11,2024-10-26,75,75,1,6120000.0,5778858621.0,5200000.0,77.0,47000000.0,7865496.0,58.0,541932.0,182494.0,128128.0,117838.0,700000.0,200000.0,100000.0,0.0,10000000.0,5700000.0,4500000.0,2600000.0,750000.0,330000.0,190000.0,100000.0,1083502485.0,398036895.0,233293166.0,60385219.0,1–2
Even Love — Rod Wave,Even Love,Rod Wave,"['Rap', 'Hip-Hop/Rap']",2.58065,2024-10-11,2024-10-26,82,82,1,6120000.0,5778858621.0,5200000.0,77.0,47000000.0,7865496.0,58.0,541932.0,182494.0,128128.0,117838.0,700000.0,200000.0,100000.0,0.0,10000000.0,5700000.0,4500000.0,2600000.0,750000.0,330000.0,190000.0,100000.0,1083502485.0,398036895.0,233293166.0,60385219.0,1–2
Change Me — BigXthaPlug,Change Me,BigXthaPlug,['Hip-Hop/Rap'],2.2811166666666667,2024-09-27,2024-10-26,89,79,4,598000.0,308466704.0,219400.0,14.0,920100.0,970341.0,103.0,629367.0,298213.0,194567.0,74895.0,133900.0,55900.0,27900.0,17500.0,413800.0,316300.0,94700.0,62900.0,343000.0,163000.0,78000.0,36000.0,149892038.0,-19015862.0,-107975449.0,27396039.0,3–8
Waited 2 Late — Rod Wave,Waited 2 Late,Rod Wave,[],,,2024-10-26,93,93,1,,,,,,,,,,,,,,,,,,,,,,,,,,,,1–2
Mike — Rod Wave,Mike,Rod Wave,"['Rap', 'Hip-Hop/Rap']",2.58385,2024-10-11,2024-10-26,94,94,1,6120000.0,5778858621.0,5200000.0,77.0,47000000.0,7865496.0,58.0,541932.0,182494.0,128128.0,117838.0,700000.0,200000.0,100000.0,0.0,10000000.0,5700000.0,4500000.0,2600000.0,750000.0,330000.0,190000.0,100000.0,1083502485.0,398036895.0,233293166.0,60385219.0,1–2
D.A.R.E. — Rod Wave,D.A.R.E.,Rod Wave,"['Rap', 'Hip-Hop/Rap']",2.5212166666666667,2024-10-11,2024-10-26,95,95,1,6120000.0,5778858621.0,5200000.0,77.0,47000000.0,7865496.0,58.0,541932.0,182494.0,128128.0,117838.0,700000.0,200000.0,100000.0,0.0,10000000.0,5700000.0,4500000.0,2600000.0,750000.0,330000.0,190000.0,100000.0,1083502485.0,398036895.0,233293166.0,60385219.0,1–2
Scared Love — Rod Wave,Scared Love,Rod Wave,"['Rap', 'Hip-Hop/Rap']",3.0980666666666665,2024-10-11,2024-10-26,96,96,1,6120000.0,5778858621.0,5200000.0,77.0,47000000.0,7865496.0,58.0,541932.0,182494.0,128128.0,117838.0,700000.0,200000.0,100000.0,0.0,10000000.0,5700000.0,4500000.0,2600000.0,750000.0,330000.0,190000.0,100000.0,1083502485.0,398036895.0,233293166.0,60385219.0,1–2
Mantra — Jennie,Mantra,JENNIE,"['Pop', 'K-Pop']",2.2771166666666667,2024-10-11,2024-10-26,98,98,2,11500000.0,443560474.0,10400000.0,17.0,64700000.0,85440090.0,1157.0,,1165437.0,288657.0,169107.0,,,,600000.0,,,,19500000.0,1500000.0,1100000.0,1000000.0,1000000.0,290134581.0,265731848.0,256673064.0,254232214.0,1–2
Leave Me Alone — BigXthaPlug,Leave Me Alone,BigXthaPlug,['Hip-Hop/Rap'],2.387783333333333,2024-10-11,2024-10-26,99,96,2,626000.0,328094387.0,231900.0,14.0,968400.0,990350.0,110.0,626685.0,306757.0,187445.0,61524.0,143600.0,56900.0,39400.0,26700.0,459600.0,204400.0,140300.0,102300.0,360000.0,171000.0,96000.0,52000.0,158751276.0,-14673539.0,-102417427.0,33179204.0,1–2
Karma — Rod Wave,Karma,Rod Wave,"['Rap', 'Hip-Hop/Rap']",2.912333333333333,2024-10-11,2024-10-26,100,100,1,6120000.0,5778858621.0,5200000.0,77.0,47000000.0,7865496.0,58.0,541932.0,182494.0,128128.0,117838.0,700000.0,200000.0,100000.0,0.0,10000000.0,5700000.0,4500000.0,2600000.0,750000.0,330000.0,190000.0,100000.0,1083502485.0,398036895.0,233293166.0,60385219.0,1–2
Love Somebody — Morgan Wallen,Love Somebody,Morgan Wallen,['Country'],3.4138166666666665,2024-10-18,2024-11-02,1,1,43,3170000.0,4783465805.0,5500000.0,52.0,32400000.0,8037079.0,816.0,1492597.0,750052.0,333415.0,78591.0,900000.0,600000.0,300000.0,100000.0,11300000.0,8000000.0,5500000.0,1700000.0,670000.0,350000.0,170000.0,60000.0,949344995.0,252145433.0,333202166.0,100014532.0,33–64
"Noid — Tyler, The Creator",Noid,"Tyler, The Creator","['Hip-Hop/Rap', 'Rock']",4.7394,2024-10-21,2024-11-02,43,10,5,5730000.0,2366623787.0,,,,14999767.0,503.0,611094.0,523190.0,498473.0,488617.0,,,,,,,,,760000.0,520000.0,390000.0,300000.0,436251448.0,229750059.0,118710297.0,47644293.0,3–8
That's So True — Gracie Abrams,That's So True,Gracie Abrams,['Pop'],2.7716666666666665,2024-10-18,2024-11-02,44,6,38,1030000.0,252360722.0,2000000.0,174.0,35700000.0,3502805.0,1298.0,1342148.0,995147.0,486250.0,241454.0,900000.0,700000.0,500000.0,200000.0,10500000.0,9600000.0,5300000.0,2300000.0,316000.0,260000.0,143000.0,61000.0,122534936.0,94007968.0,60979345.0,24802215.0,33–64
Him All Along — Gunna,Him All Along,Gunna,['Hip-Hop/Rap'],2.64445,2024-10-18,2024-11-02,58,58,5,2850000.0,2172054449.0,2100000.0,10.0,23800000.0,4985757.0,86.0,350309.0,319375.0,34759.0,4864.0,300000.0,200000.0,100000.0,100000.0,2500000.0,1900000.0,1100000.0,800000.0,400000.0,220000.0,90000.0,30000.0,581440728.0,333547539.0,151732021.0,43850590.0,3–8
2AM — BigXthaPlug,2AM,BigXthaPlug,['Hip-Hop/Rap'],3.0688833333333334,2024-10-11,2024-11-02,64,64,3,626000.0,328094387.0,231900.0,14.0,968400.0,990350.0,110.0,626685.0,306757.0,187445.0,61524.0,143600.0,56900.0,39400.0,26700.0,459600.0,204400.0,140300.0,102300.0,360000.0,171000.0,96000.0,52000.0,158751276.0,-14673539.0,-102417427.0,33179204.0,3–8
Back On My BS — BigXthaPlug,Back On My BS,BigXthaPlug,['Hip-Hop/Rap'],1.5737666666666668,2023-12-01,2024-11-02,95,95,1,309000.0,206866556.0,103400.0,14.0,527100.0,467195.0,220.0,354499.0,235294.0,141689.0,71127.0,,39000.0,20500.0,12000.0,,54800.0,24600.0,14800.0,260000.0,152000.0,73000.0,26000.0,190472720.0,119796741.0,63128953.0,23592936.0,1–2
"Rah Tah Tah — Tyler, The Creator",Rah Tah Tah,"Tyler, The Creator",['Hip-Hop/Rap'],5.5727166666666665,2015-04-13,2024-11-09,16,16,4,,,,,,,,,,,,,,,,,,,,,,,,,,,,3–8
Disease — Lady Gaga,Disease,Lady Gaga,['Pop'],3.833283333333333,2024-10-25,2024-11-09,27,27,9,25000000.0,18347404895.0,10500000.0,36.0,52300000.0,57541689.0,3736.0,1154375.0,961206.0,1136600.0,264897.0,1400000.0,1300000.0,1100000.0,300000.0,18900000.0,16600000.0,13700000.0,3000000.0,1500000.0,1000000.0,800000.0,300000.0,2098546468.0,1256239361.0,904459609.0,371491265.0,9–16
"Hey Jane — Tyler, The Creator",Hey Jane,"Tyler, The Creator",['Hip-Hop/Rap'],4.012366666666667,2024-10-28,2024-11-09,33,33,2,6010000.0,2422012348.0,,,,15483670.0,509.0,1099157.0,988723.0,979235.0,975207.0,,,,,,,,,1040000.0,790000.0,660000.0,570000.0,472163736.0,285138620.0,174098858.0,78839979.0,1–2
"Judge Judy — Tyler, The Creator",Judge Judy,"Tyler, The Creator",['Hip-Hop/Rap'],4.4937,2024-10-28,2024-11-09,40,40,3,6010000.0,2422012348.0,,,,15483670.0,509.0,1099157.0,988723.0,979235.0,975207.0,,,,,,,,,1040000.0,790000.0,660000.0,570000.0,472163736.0,285138620.0,174098858.0,78839979.0,3–8
"I Killed You — Tyler, The Creator",I Killed You,"Tyler, The Creator",['Hip-Hop/Rap'],2.8070166666666667,2024-10-28,2024-11-09,46,46,2,6010000.0,2422012348.0,,,,15483670.0,509.0,1099157.0,988723.0,979235.0,975207.0,,,,,,,,,1040000.0,790000.0,660000.0,570000.0,472163736.0,285138620.0,174098858.0,78839979.0,1–2
"Tomorrow — Tyler, The Creator",Tomorrow,"Tyler, The Creator",['Hip-Hop/Rap'],3.0387666666666666,2024-10-28,2024-11-09,53,53,2,6010000.0,2422012348.0,,,,15483670.0,509.0,1099157.0,988723.0,979235.0,975207.0,,,,,,,,,1040000.0,790000.0,660000.0,570000.0,472163736.0,285138620.0,174098858.0,78839979.0,1–2
Heart Of A Woman — Summer Walker,Heart Of A Woman,Summer Walker,['R&B/Soul'],2.85,2024-10-25,2024-11-09,57,57,24,2550000.0,2463969686.0,2400000.0,62.0,20100000.0,6283609.0,14.0,166414.0,-31708.0,3599.0,49913.0,100000.0,0.0,0.0,0.0,2100000.0,200000.0,500000.0,300000.0,220000.0,80000.0,50000.0,20000.0,391573325.0,192091882.0,98722177.0,49967338.0,17–32
"I Hope You Find Your Way Home — Tyler, The Creator",I Hope You Find Your Way Home,"Tyler, The Creator",['Hip-Hop/Rap'],4.495066666666666,2024-10-28,2024-11-09,65,65,2,6010000.0,2422012348.0,,,,15483670.0,509.0,1099157.0,988723.0,979235.0,975207.0,,,,,,,,,1040000.0,790000.0,660000.0,570000.0,472163736.0,285138620.0,174098858.0,78839979.0,1–2
Bigger In Texas — Megan Thee Stallion,Bigger In Texas,Megan Thee Stallion,"['Hip-Hop/Rap', 'Rap']",2.54285,2024-10-25,2024-11-09,84,84,1,6880000.0,3185885743.0,15500000.0,134.0,173200000.0,32671482.0,494.0,1230745.0,784947.0,390920.0,53787.0,2600000.0,1900000.0,700000.0,100000.0,56400000.0,35400000.0,12600000.0,1500000.0,1130000.0,800000.0,510000.0,70000.0,625306828.0,406294039.0,256363414.0,65712098.0,1–2
No Pole — Don Toliver,No Pole,Don Toliver,['Hip-Hop/Rap'],3.1268833333333332,2023-02-28,2024-11-09,99,66,26,1580000.0,797003531.0,956300.0,116.0,7700000.0,2450663.0,24.0,446833.0,247170.0,149449.0,84416.0,350800.0,264566.6666666666,153100.0,51800.0,5600000.0,4400000.0,2800000.0,800000.0,,,60000.0,30000.0,,,51109533.0,21764265.0,17–32
Chill Bae — Lil Uzi Vert,Chill Bae,Lil Uzi Vert,['Hip-Hop/Rap'],2.3054,2024-10-31,2024-11-16,48,48,1,9800000.0,5168439853.0,2400000.0,,20200000.0,17245571.0,3.0,,,,,0.0,0.0,0.0,0.0,100000.0,0.0,0.0,0.0,280000.0,120000.0,70000.0,30000.0,377511967.0,254144729.0,103236862.0,52061830.0,1–2
Light Year (Practice) — Lil Uzi Vert,Light Year (Practice),Lil Uzi Vert,[],,,2024-11-16,54,54,1,,,,,,,,,,,,,,,,,,,,,,,,,,,,1–2
We Good — Lil Uzi Vert,We Good,Lil Uzi Vert,['Hip-Hop/Rap'],2.0833333333333335,2024-10-31,2024-11-16,82,82,1,9800000.0,5168439853.0,2400000.0,,20200000.0,17245571.0,3.0,,,,,0.0,0.0,0.0,0.0,100000.0,0.0,0.0,0.0,280000.0,120000.0,70000.0,30000.0,377511967.0,254144729.0,103236862.0,52061830.0,1–2
Brokey — Latto,Brokey,Latto,"['Rap', 'Hip-Hop/Rap']",3.626883333333333,2024-08-09,2024-11-16,100,84,4,2080000.0,1002123454.0,7800000.0,479.0,177000000.0,12558343.0,115.0,1573395.0,1115722.0,470752.0,221982.0,800000.0,600000.0,400000.0,200000.0,25300000.0,17500000.0,13800000.0,4900000.0,300000.0,170000.0,80000.0,30000.0,244960188.0,136366824.0,61661347.0,12477866.0,3–8
High Road — Zach Bryan,High Road,Zach Bryan,['Country'],3.33155,2024-11-07,2024-11-23,29,29,5,1330000.0,1508315068.0,2900000.0,,25000000.0,,,,,,,,100000.0,0.0,0.0,,600000.0,0.0,0.0,444000.0,230000.0,110000.0,30000.0,720358698.0,399023663.0,195391031.0,61933183.0,3–8
This World's A Giant — Zach Bryan,This World's A Giant,Zach Bryan,[],,,2024-11-23,49,49,1,,,,,,,,,,,,,,,,,,,,,,,,,,,,1–2
Hard Fought Hallelujah — Brandon Lake,Hard Fought Hallelujah,Brandon Lake,['Christian'],5.266666666666667,2024-11-08,2024-11-23,51,51,9,646000.0,212029479.0,1100000.0,,18900000.0,2148557.0,4049.0,1245358.0,540188.0,382710.0,150273.0,931900.0,623500.0,409800.0,155500.0,17300000.0,12300000.0,8500000.0,4100000.0,349000.0,225000.0,154000.0,60000.0,137191597.0,82550455.0,54697227.0,20975354.0,9–16
4x4xU — Lainey Wilson,4x4xU,Lainey Wilson,['Country'],3.990883333333333,2024-07-06,2024-11-23,97,45,20,476000.0,330515488.0,2400000.0,831.0,24400000.0,2539865.0,3270.0,1110377.0,441051.0,207481.0,64510.0,500000.0,200000.0,0.0,0.0,8900000.0,4100000.0,1900000.0,700000.0,220000.0,120000.0,64000.0,23000.0,181624638.0,96061248.0,52025306.0,17169000.0,17–32
I Ain't Sayin' — Jordan Davis,I Ain't Sayin',Jordan Davis,['Country'],2.901,2024-07-26,2024-11-23,98,58,14,360000.0,599333133.0,376400.0,293.0,2800000.0,513170.0,1533.0,95943.0,48951.0,29133.0,9802.0,33600.0,15400.0,4500.0,1700.0,400000.0,200000.0,100000.0,100000.0,53000.0,24000.0,12000.0,4000.0,144564719.0,75145869.0,41785328.0,11987115.0,9–16
The Largest — BigXthaPlug,The Largest,BigXthaPlug,['Hip-Hop/Rap'],2.2026666666666666,2024-08-09,2024-11-23,99,71,19,548000.0,264952529.0,195800.0,14.0,835500.0,826657.0,87.0,521898.0,241948.0,100462.0,26171.0,117100.0,58500.0,14300.0,3400.0,338900.0,273500.0,52900.0,7800.0,334000.0,160000.0,70000.0,19000.0,136158671.0,-16347085.0,-106351989.0,-165559285.0,17–32
Criminals — Meghan Trainor,Criminals,Meghan Trainor,['Pop'],2.575083333333333,2024-08-15,2024-11-23,100,100,1,15100000.0,9297172970.0,18700000.0,557.0,479700000.0,18345954.0,1718.0,415896.0,268771.0,107833.0,-1636.0,800000.0,700000.0,200000.0,0.0,77100000.0,60000000.0,23000000.0,4500000.0,300000.0,300000.0,100000.0,0.0,593949430.0,367518663.0,184442718.0,92421733.0,1–2
2 Hands — Tate McRae,2 Hands,Tate McRae,['Pop'],3.0456666666666665,2024-11-14,2024-11-30,41,41,3,5640000.0,1941248020.0,7900000.0,,362900000.0,4893343.0,301.0,2268816.0,921529.0,692863.0,152941.0,2300000.0,1000000.0,700000.0,100000.0,122700000.0,69100000.0,48500000.0,13700000.0,1290000.0,250000.0,180000.0,50000.0,759484558.0,277763829.0,152488472.0,38733943.0,3–8
Running Wild — JIN,Running Wild,Jin,"['K-Pop', 'Pop']",2.52745,2024-11-15,2024-11-30,53,53,1,,,,,,49531775.0,140.0,2604287.0,1209845.0,363445.0,194770.0,,,,,,,,,,,,,,,,,1–2
Insecurities — Lil Baby,Insecurities,Lil Baby,['Hip-Hop/Rap'],2.1192333333333333,2024-11-15,2024-11-30,56,56,2,9500000.0,9517973608.0,4900000.0,,23100000.0,23237561.0,61.0,8581.0,-62085.0,-297117.6666666679,-61323.0,500000.0,400000.0,0.0,0.0,2400000.0,900000.0,200000.0,100000.0,560000.0,290000.0,140000.0,60000.0,1005533726.0,470957407.0,192272207.0,96488505.0,1–2
Tu Con El — Rauw Alejandro,Tu Con El,Rauw Alejandro,[],,,2024-11-30,69,69,1,,,,,,,,,,,,,,,,,,,,,,,,,,,,1–2
Good News — Shaboozey,Good News,Shaboozey,['Country'],3.3201666666666667,2024-11-15,2024-11-30,71,13,38,565000.0,364330711.0,763600.0,,4400000.0,1075787.0,35.0,956337.0,453003.0,106291.0,37746.0,668200.0,258200.0,46600.0,27000.0,3786300.0,1600000.0,400000.0,300000.0,519400.0,396000.0,150000.0,41000.0,347143163.0,306487701.0,135967768.0,38385643.0,33–64
Dejame Entrar — Rauw Alejandro,Dejame Entrar,Rauw Alejandro,"['Urbano latino', 'Latin', 'African', 'Afro-Beat']",4.2451,2024-07-18,2024-11-30,96,96,1,13700000.0,13505388349.0,16000000.0,55.0,131800000.0,19314865.0,7.0,1627838.0,184030.0,210202.0,59573.0,1400000.0,700000.0,500000.0,0.0,26800000.0,15300000.0,9900000.0,1400000.0,800000.0,300000.0,200000.0,100000.0,1949628680.0,930534712.0,406609563.0,138284671.0,1–2
Squabble Up — Kendrick Lamar,Squabble Up,Kendrick Lamar,['Hip-Hop/Rap'],2.6332,2024-11-21,2024-12-07,1,1,30,16500000.0,7974022345.0,,,,,,,,,,,,,,,,,,4100000.0,2100000.0,500000.0,100000.0,1822131287.0,1145970138.0,471863330.0,157843945.0,17–32
Wacced Out Murals — Kendrick Lamar,Wacced Out Murals,Kendrick Lamar,[],,,2024-12-07,4,4,7,,,,,,,,,,,,,,,,,,,,,,,,,,,,3–8
Reincarnated — Kendrick Lamar,Reincarnated,Kendrick Lamar,['Hip-Hop/Rap'],4.595666666666666,2024-11-22,2024-12-07,8,8,4,16500000.0,7974022345.0,,,,,,,,,,,,,,,,,,4100000.0,2100000.0,500000.0,100000.0,1822131287.0,1145970138.0,471863330.0,157843945.0,3–8
Man At The Garden — Kendrick Lamar,Man At The Garden,Kendrick Lamar,[],,,2024-12-07,9,9,4,,,,,,,,,,,,,,,,,,,,,,,,,,,,3–8
Heart Pt. 6 — Kendrick Lamar,Heart Pt. 6,Kendrick Lamar,['Hip-Hop/Rap'],4.87435,2024-11-22,2024-12-07,14,14,4,16500000.0,7974022345.0,,,,,,,,,,,,,,,,,,4100000.0,2100000.0,500000.0,100000.0,1822131287.0,1145970138.0,471863330.0,157843945.0,3–8
Popular — Ariana Grande,Popular,Ariana Grande,['Soundtrack'],4.025033333333333,2024-11-22,2024-12-07,53,53,9,54900000.0,27294001619.0,36200000.0,,271700000.0,376432916.0,297.0,-4511267.0,-2753169.0,-969192.0,-108068.0,3000000.0,1100000.0,700000.0,300000.0,95400000.0,35500000.0,15900000.0,5900000.0,1800000.0,700000.0,400000.0,200000.0,2620620065.0,1347068586.0,545081090.0,0.0,9–16
Hello Miss Johnson — Jack Harlow,Hello Miss Johnson,Jack Harlow,['Hip-Hop/Rap'],2.7457833333333332,2024-11-21,2024-12-07,85,85,1,2940000.0,1847692539.0,5900000.0,65.0,90400000.0,6442160.0,582.0,-376865.0,-302170.0,-188269.0,-56350.0,100000.0,-100000.0,-100000.0,0.0,7400000.0,1500000.0,1400000.0,900000.0,390000.0,80000.0,30000.0,10000.0,437669196.0,162382147.0,73759865.0,18382252.0,1–2
I'm Not That Girl — Cynthia Erivo,I'm Not That Girl,Cynthia Erivo,['Soundtrack'],3.9507333333333334,2024-11-22,2024-12-07,94,94,2,155000.0,62985630.0,376100.0,,2100000.0,1544985.0,1100.0,608729.0,406235.0,364142.0,259088.0,202100.0,162500.0,137000.0,110200.0,1266000.0,1100000.0,900000.0,700000.0,21000.0,10000.0,8000.0,5000.0,12744804.0,6126023.0,3156549.0,1276536.0,1–2
Gang Baby — NLE Choppa,Gang Baby,NLE Choppa,['Hip-Hop/Rap'],2.303,2023-12-07,2024-12-07,98,82,5,7320000.0,2880027026.0,16800000.0,799.0,330700000.0,6774440.0,296.0,1539834.0,823124.0,463222.0,181676.0,,2200000.0,600000.0,100000.0,,63900000.0,18400000.0,4200000.0,1570000.0,880000.0,380000.0,130000.0,888615685.0,525288342.0,221247950.0,89517617.0,3–8
Empty Out Your Pockets — Juice WRLD,Empty Out Your Pockets,Juice WRLD,['Hip-Hop/Rap'],2.2609,2024-11-29,2024-12-14,56,56,5,12100000.0,6945220523.0,5200000.0,1.0,1300000.0,11782686.0,181.0,-141290.0,-15481.0,124402.0,139738.0,500000.0,300000.0,200000.0,200000.0,424900.0,200000.0,100000.0,100000.0,800000.0,500000.0,300000.0,200000.0,857273189.0,409743224.0,206580509.0,68801453.0,3–8
Misfit — Juice WRLD,Misfit,Juice WRLD,['Hip-Hop/Rap'],2.6504833333333333,2024-11-29,2024-12-14,65,65,1,12100000.0,6945220523.0,5200000.0,1.0,1300000.0,11782686.0,181.0,-141290.0,-15481.0,124402.0,139738.0,500000.0,300000.0,200000.0,200000.0,424900.0,200000.0,100000.0,100000.0,800000.0,500000.0,300000.0,200000.0,857273189.0,409743224.0,206580509.0,68801453.0,1–2
The Party Never Ends — Juice WRLD,The Party Never Ends,Juice WRLD,['Hip-Hop/Rap'],2.33795,2024-11-29,2024-12-14,80,80,1,12100000.0,6945220523.0,5200000.0,1.0,1300000.0,11782686.0,181.0,-141290.0,-15481.0,124402.0,139738.0,500000.0,300000.0,200000.0,200000.0,424900.0,200000.0,100000.0,100000.0,800000.0,500000.0,300000.0,200000.0,857273189.0,409743224.0,206580509.0,68801453.0,1–2
Christmas Magic — Laufey,Christmas Magic,Laufey,[],,,2024-12-14,84,56,4,,,,,,,,,,,,,,,,,,,,,,,,,,,,3–8
Messy — Lola Young,Messy,Lola Young,['Alternative'],4.73445,2024-05-29,2024-12-14,90,14,32,78200.0,17520322.0,514000.0,112.0,8400000.0,475370.0,121.0,321461.0,42610.0,24685.0,3696.0,24800.0,-5800.0,-3300.0,-700.0,1100000.0,200000.0,100000.0,100000.0,48500.0,25000.0,9100.0,3400.0,9769132.0,5994283.0,2420546.0,731692.0,17–32
KTM Drip — Juice WRLD,KTM Drip,Juice WRLD,['Hip-Hop/Rap'],4.000016666666666,2024-11-29,2024-12-14,91,91,1,12100000.0,6945220523.0,5200000.0,1.0,1300000.0,11782686.0,181.0,-141290.0,-15481.0,124402.0,139738.0,500000.0,300000.0,200000.0,200000.0,424900.0,200000.0,100000.0,100000.0,800000.0,500000.0,300000.0,200000.0,857273189.0,409743224.0,206580509.0,68801453.0,1–2
Cuffed — Juice WRLD,Cuffed,Juice WRLD,['Hip-Hop/Rap'],4.068233333333334,2024-11-29,2024-12-14,95,95,1,12100000.0,6945220523.0,5200000.0,1.0,1300000.0,11782686.0,181.0,-141290.0,-15481.0,124402.0,139738.0,500000.0,300000.0,200000.0,200000.0,424900.0,200000.0,100000.0,100000.0,800000.0,500000.0,300000.0,200000.0,857273189.0,409743224.0,206580509.0,68801453.0,1–2
El Club — Bad Bunny,El Club,Bad Bunny,"['Urbano latino', 'Latin']",3.7094833333333335,2024-12-05,2024-12-21,66,27,8,48400000.0,37198349778.0,30800000.0,0.0,347900000.0,45678881.0,10.0,-1098651.0,-631910.0,-194364.0,-71000.0,-1300000.0,-700000.0,-300000.0,-100000.0,0.0,0.0,0.0,0.0,1200000.0,500000.0,300000.0,100000.0,4248101148.0,2187457195.0,1110473349.0,373921486.0,3–8
Rosones — Tito Double P,Rosones,Tito Double P,"['Música Mexicana', 'Latin']",2.9598333333333335,2024-12-05,2024-12-21,87,76,8,904000.0,1183965876.0,2200000.0,34.0,13000000.0,3282364.0,8.0,,,1856566.0,593841.0,1606100.0,1413500.0,1200000.0,500000.0,12729500.0,10900000.0,9200000.0,3700000.0,857800.0,792000.0,630000.0,261000.0,1147543532.0,1096450153.0,954280401.0,382741788.0,3–8
Toxic Till The End — ROSE,Toxic Till The End,ROSE,['Pop'],2.6114333333333333,2024-11-27,2024-12-21,90,90,1,13000000.0,1365394128.0,47000000.0,83.0,561300000.0,81238784.0,1073.0,6680336.0,3190048.0,1864455.0,610083.0,6300000.0,4300000.0,2500000.0,1000000.0,143400000.0,100300000.0,79100000.0,28000000.0,6380000.0,5990000.0,5910000.0,2800000.0,1269559628.0,1254885863.0,1250040629.0,715082964.0,1–2
Holly Jolly Christmas — Michael Buble,Holly Jolly Christmas,Michael Buble,"['Holiday', 'Christmas']",2.02545,2011-10-14,2025-01-04,37,37,1,,,,,,,,,,,,,,,,,,,,,,,,,,,,1–2
Snowman — Sia,Snowman,Sia,['Holiday'],2.765,2017-11-09,2025-01-04,43,43,1,,,,,,,,,,,,,,,,,,,,,,,,,,,,1–2
Winter Wonderland — Darlene Love,Winter Wonderland,Darlene Love,"['Christmas: Classic', 'Holiday', 'Pop', 'Oldies']",2.4346666666666668,1963-11-22,2025-01-04,48,48,1,,,,,,,,,,,,,,,,,,,,,,,,,,,,1–2
BMF — SZA,BMF,SZA,['R&B/Soul'],3.01245,2024-12-20,2025-01-04,55,29,20,5600000.0,3917523993.0,,,,,,,,,,,,,,,,,,1080000.0,460000.0,260000.0,130000.0,1045496454.0,488053521.0,232776143.0,78826200.0,17–32
Drive — SZA,Drive,SZA,['R&B/Soul'],3.08555,2024-12-20,2025-01-04,59,51,4,5600000.0,3917523993.0,,,,,,,,,,,,,,,,,,1080000.0,460000.0,260000.0,130000.0,1045496454.0,488053521.0,232776143.0,78826200.0,3–8
Diamond Boy (DTM) — SZA,Diamond Boy (DTM),SZA,['R&B/Soul'],3.625383333333333,2024-12-20,2025-01-04,62,60,2,5600000.0,3917523993.0,,,,,,,,,,,,,,,,,,1080000.0,460000.0,260000.0,130000.0,1045496454.0,488053521.0,232776143.0,78826200.0,1–2
Scorsese Baby Daddy — SZA,Scorsese Baby Daddy,SZA,[],,,2025-01-04,63,41,5,,,,,,,,,,,,,,,,,,,,,,,,,,,,3–8
What Do I Do — SZA,What Do I Do,SZA,['R&B/Soul'],2.7908,2024-12-20,2025-01-04,64,62,2,5600000.0,3917523993.0,,,,,,,,,,,,,,,,,,1080000.0,460000.0,260000.0,130000.0,1045496454.0,488053521.0,232776143.0,78826200.0,1–2
No More Hiding — SZA,No More Hiding,SZA,['R&B/Soul'],2.71105,2024-12-20,2025-01-04,69,69,1,5600000.0,3917523993.0,,,,,,,,,,,,,,,,,,1080000.0,460000.0,260000.0,130000.0,1045496454.0,488053521.0,232776143.0,78826200.0,1–2
Crybaby — SZA,Crybaby,SZA,['R&B/Soul'],4.032466666666667,2024-12-20,2025-01-04,70,70,2,5600000.0,3917523993.0,,,,,,,,,,,,,,,,,,1080000.0,460000.0,260000.0,130000.0,1045496454.0,488053521.0,232776143.0,78826200.0,1–2
Kitchen — SZA,Kitchen,SZA,['R&B/Soul'],2.8695166666666667,2024-12-20,2025-01-04,71,71,2,5600000.0,3917523993.0,,,,,,,,,,,,,,,,,,1080000.0,460000.0,260000.0,130000.0,1045496454.0,488053521.0,232776143.0,78826200.0,1–2
Another Life — SZA,Another Life,SZA,['R&B/Soul'],3.42025,2024-12-20,2025-01-04,73,64,2,5600000.0,3917523993.0,,,,,,,,,,,,,,,,,,1080000.0,460000.0,260000.0,130000.0,1045496454.0,488053521.0,232776143.0,78826200.0,1–2
Run Rudolph Run — Mark Ambor,Run Rudolph Run,Mark Ambor,[],,,2025-01-04,78,78,1,,,,,,,,,,,,,,,,,,,,,,,,,,,,1–2
Love Me 4 Me — SZA,Love Me 4 Me,SZA,[],,,2025-01-04,79,79,1,,,,,,,,,,,,,,,,,,,,,,,,,,,,1–2
Chill Baby — SZA,Chill Baby,SZA,['R&B/Soul'],2.34395,2024-12-20,2025-01-04,80,80,2,5600000.0,3917523993.0,,,,,,,,,,,,,,,,,,1080000.0,460000.0,260000.0,130000.0,1045496454.0,488053521.0,232776143.0,78826200.0,1–2
My Turn — SZA,My Turn,SZA,['R&B/Soul'],2.9540333333333333,2024-12-20,2025-01-04,81,81,1,5600000.0,3917523993.0,,,,,,,,,,,,,,,,,,1080000.0,460000.0,260000.0,130000.0,1045496454.0,488053521.0,232776143.0,78826200.0,1–2
Holiday Road — Kesha,Holiday Road,Kesha,[],,,2025-01-04,88,88,1,,,,,,,,,,,,,,,,,,,,,,,,,,,,1–2
Santa Baby — Laufey,Santa Baby,Laufey,['Jazz'],3.034,2024-11-01,2025-01-04,89,89,1,1860000.0,443802186.0,6700000.0,1321.0,265600000.0,4991239.0,838.0,3133858.0,1783489.0,893191.0,226225.0,3600000.0,1900000.0,700000.0,200000.0,145700000.0,70800000.0,27300000.0,7900000.0,950000.0,490000.0,200000.0,70000.0,286573751.0,163192571.0,71803899.0,23053076.0,1–2
Smile — Morgan Wallen,Smile,Morgan Wallen,['Country'],3.73545,2024-12-31,2025-01-11,27,4,21,3290000.0,5035933042.0,5500000.0,69.0,33200000.0,8097785.0,,1281737.0,390044.04347826075,98241.0,13461.0,800000.0,300000.0,0.0,0.0,12000000.0,6600000.0,1800000.0,400000.0,680000.0,330000.0,150000.0,50000.0,912256600.0,209955187.0,302494173.0,102571818.0,17–32
Loco — Neton Vega,Loco,Neton Vega,"['Urbano latino', 'Latin']",3.1087,2024-12-20,2025-01-11,50,43,20,143000.0,84730925.0,,,,,,,,,,,,,,,,,,,117200.0,70500.0,19000.0,,73845732.0,53079496.0,17255836.0,17–32
Nadie — Tito Double P,Nadie,Tito Double P,"['Música Mexicana', 'Latin']",3.28385,2024-11-21,2025-01-11,87,78,6,770000.0,998427370.0,1900000.0,0.0,10900000.0,3011579.0,41.0,,,1866033.0,510595.0,1318300.0,1136000.0,928900.0,300000.0,10629500.0,9100000.0,7300000.0,2600000.0,727300.0,666000.0,557000.0,231000.0,964233978.0,916088512.0,825594358.0,364482958.0,3–8
Pitorro de Coco — Bad Bunny,Pitorro de Coco,Bad Bunny,[],,,2025-01-11,91,50,5,,,,,,,,,,,,,,,,,,,,,,,,,,,,3–8
Ends Of The Earth — Ty Myers,Ends Of The Earth,Ty Myers,['Country'],4.497166666666667,2024-12-06,2025-01-11,94,94,1,14200.0,9490828.0,97000.0,,1000000.0,182336.0,219.0,,,,37375.0,,32300.0,0.0,0.0,,522600.0,0.0,0.0,,12480.0,7350.0,2800.0,,9170634.0,6941292.0,2849848.0,1–2
Cowboy Songs — George Birge,Cowboy Songs,George Birge,['Country'],3.119783333333334,2024-02-23,2025-01-11,100,100,1,17900.0,9969708.0,336700.0,361.0,2700000.0,124336.0,770.0,41230.0,21909.0,13145.0,3622.0,40600.0,25100.0,19900.0,2500.0,400000.0,300000.0,300000.0,100000.0,10000.0,7800.0,4800.0,1200.0,7948927.0,6885495.0,4746577.0,1830769.0,1–2
Nuevayol — Bad Bunny,Nuevayol,Bad Bunny,['Latin'],3.0614166666666667,2025-01-05,2025-01-18,27,8,20,48600000.0,37580927541.0,30900000.0,2.0,351000000.0,45684052.0,12.0,-986611.0,-542998.0,-62393.0,-458.0,-1200000.0,-400000.0,-100000.0,100000.0,3100000.0,3100000.0,3100000.0,3100000.0,1200000.0,600000.0,400000.0,200000.0,4289771289.0,2218512686.0,1124403136.0,382577763.0,17–32
Baile Inolvidable — Bad Bunny,Baile Inolvidable,Bad Bunny,['Latin'],6.12875,2025-01-05,2025-01-18,28,3,20,48600000.0,37580927541.0,30900000.0,2.0,351000000.0,45684052.0,12.0,-986611.0,-542998.0,-62393.0,-458.0,-1200000.0,-400000.0,-100000.0,100000.0,3100000.0,3100000.0,3100000.0,3100000.0,1200000.0,600000.0,400000.0,200000.0,4289771289.0,2218512686.0,1124403136.0,382577763.0,17–32
Tweaker — Gelo,Tweaker,Gelo,['Hip-Hop/Rap'],3.1590666666666665,2025-05-30,2025-01-18,29,29,1,267000.0,48033402.0,,,,3370360.0,244.0,455181.0,527573.0,1194.0,-28026.0,,,,,,,,,,,83000.0,5000.0,,,25559322.0,3749086.0,1–2
Voy A Llevarte Pa PR — Bad Bunny,Voy A Llevarte Pa PR,Bad Bunny,[],,,2025-01-18,36,17,11,,,,,,,,,,,,,,,,,,,,,,,,,,,,9–16
DTMF — Bad Bunny,DTMF,Bad Bunny,['Latin'],3.95195,2025-01-05,2025-01-18,38,2,20,48600000.0,37580927541.0,30900000.0,2.0,351000000.0,45684052.0,12.0,-986611.0,-542998.0,-62393.0,-458.0,-1200000.0,-400000.0,-100000.0,100000.0,3100000.0,3100000.0,3100000.0,3100000.0,1200000.0,600000.0,400000.0,200000.0,4289771289.0,2218512686.0,1124403136.0,382577763.0,17–32
EOO — Bad Bunny,EOO,Bad Bunny,['Latin'],3.4128,2025-01-05,2025-01-18,54,24,30,48600000.0,37580927541.0,30900000.0,2.0,351000000.0,45684052.0,12.0,-986611.0,-542998.0,-62393.0,-458.0,-1200000.0,-400000.0,-100000.0,100000.0,3100000.0,3100000.0,3100000.0,3100000.0,1200000.0,600000.0,400000.0,200000.0,4289771289.0,2218512686.0,1124403136.0,382577763.0,17–32
F U 2x — Lil Baby,F U 2x,Lil Baby,[],,,2025-01-18,57,57,2,,,,,,,,,,,,,,,,,,,,,,,,,,,,1–2
Ketu Tecre — Bad Bunny,Ketu Tecre,Bad Bunny,['Latin'],4.1798166666666665,2025-01-05,2025-01-18,59,38,4,48600000.0,37580927541.0,30900000.0,2.0,351000000.0,45684052.0,12.0,-986611.0,-542998.0,-62393.0,-458.0,-1200000.0,-400000.0,-100000.0,100000.0,3100000.0,3100000.0,3100000.0,3100000.0,1200000.0,600000.0,400000.0,200000.0,4289771289.0,2218512686.0,1124403136.0,382577763.0,3–8
Listen Up — Lil Baby,Listen Up,Lil Baby,['Hip-Hop/Rap'],2.5833333333333335,2025-01-03,2025-01-18,65,65,1,9600000.0,9615447468.0,4900000.0,28.0,23400000.0,23184954.0,7.0,-360573.0,-278791.0,-133681.0,-9209.0,400000.0,100000.0,0.0,0.0,2600000.0,900000.0,400000.0,300000.0,580000.0,300000.0,180000.0,70000.0,1017085302.0,475839583.0,193962365.0,0.0,1–2
Kloufrens — Bad Bunny,Kloufrens,Bad Bunny,['Latin'],3.318583333333333,2025-01-05,2025-01-18,66,40,5,48600000.0,37580927541.0,30900000.0,2.0,351000000.0,45684052.0,12.0,-986611.0,-542998.0,-62393.0,-458.0,-1200000.0,-400000.0,-100000.0,100000.0,3100000.0,3100000.0,3100000.0,3100000.0,1200000.0,600000.0,400000.0,200000.0,4289771289.0,2218512686.0,1124403136.0,382577763.0,3–8
Bokete — Bad Bunny,Bokete,Bad Bunny,['Latin'],3.5997333333333335,2025-01-05,2025-01-18,69,42,4,48600000.0,37580927541.0,30900000.0,2.0,351000000.0,45684052.0,12.0,-986611.0,-542998.0,-62393.0,-458.0,-1200000.0,-400000.0,-100000.0,100000.0,3100000.0,3100000.0,3100000.0,3100000.0,1200000.0,600000.0,400000.0,200000.0,4289771289.0,2218512686.0,1124403136.0,382577763.0,3–8
I Promise — Lil Baby,I Promise,Lil Baby,['Hip-Hop/Rap'],4.5157,2007-04-13,2025-01-18,71,71,1,,,,,,,,,,,,,,,,,,,,,,,,,,,,1–2
Due 4A Win — Lil Baby,Due 4A Win,Lil Baby,['Hip-Hop/Rap'],2.1011166666666665,2025-01-03,2025-01-18,73,73,1,9600000.0,9615447468.0,4900000.0,28.0,23400000.0,23184954.0,7.0,-360573.0,-278791.0,-133681.0,-9209.0,400000.0,100000.0,0.0,0.0,2600000.0,900000.0,400000.0,300000.0,580000.0,300000.0,180000.0,70000.0,1017085302.0,475839583.0,193962365.0,0.0,1–2
So Sorry — Lil Baby,So Sorry,Lil Baby,['Hip-Hop/Rap'],3.3333333333333335,2025-01-03,2025-01-18,74,74,1,9600000.0,9615447468.0,4900000.0,28.0,23400000.0,23184954.0,7.0,-360573.0,-278791.0,-133681.0,-9209.0,400000.0,100000.0,0.0,0.0,2600000.0,900000.0,400000.0,300000.0,580000.0,300000.0,180000.0,70000.0,1017085302.0,475839583.0,193962365.0,0.0,1–2
Denial Is A River — Doechii,Denial Is A River,Doechii,['Hip-Hop/Rap'],2.6597666666666666,2024-08-30,2025-01-18,76,21,19,1380000.0,567860451.0,1200000.0,313.0,16600000.0,685887.0,16.0,169838.0,105756.0,80872.0,52521.0,0.0,0.0,0.0,0.0,1600000.0,1400000.0,1300000.0,700000.0,973000.0,916000.0,20000.0,10000.0,423338159.0,353262425.0,28433276.0,5930646.0,17–32
Turista — Bad Bunny,Turista,Bad Bunny,['Latin'],3.167133333333333,2025-01-05,2025-01-18,77,45,4,48600000.0,37580927541.0,30900000.0,2.0,351000000.0,45684052.0,12.0,-986611.0,-542998.0,-62393.0,-458.0,-1200000.0,-400000.0,-100000.0,100000.0,3100000.0,3100000.0,3100000.0,3100000.0,1200000.0,600000.0,400000.0,200000.0,4289771289.0,2218512686.0,1124403136.0,382577763.0,3–8
Stiff Gang — Lil Baby,Stiff Gang,Lil Baby,['Hip-Hop/Rap'],2.8577833333333333,2025-01-03,2025-01-18,86,86,1,9600000.0,9615447468.0,4900000.0,28.0,23400000.0,23184954.0,7.0,-360573.0,-278791.0,-133681.0,-9209.0,400000.0,100000.0,0.0,0.0,2600000.0,900000.0,400000.0,300000.0,580000.0,300000.0,180000.0,70000.0,1017085302.0,475839583.0,193962365.0,0.0,1–2
Lo Que Le Paso A Hawaii — Bad Bunny,Lo Que Le Paso A Hawaii,Bad Bunny,['Latin'],3.8230333333333335,2025-01-05,2025-01-18,94,62,3,48600000.0,37580927541.0,30900000.0,2.0,351000000.0,45684052.0,12.0,-986611.0,-542998.0,-62393.0,-458.0,-1200000.0,-400000.0,-100000.0,100000.0,3100000.0,3100000.0,3100000.0,3100000.0,1200000.0,600000.0,400000.0,200000.0,4289771289.0,2218512686.0,1124403136.0,382577763.0,3–8
La Mudanza — Bad Bunny,La Mudanza,Bad Bunny,['Latin'],3.5501833333333335,2025-01-05,2025-01-18,95,51,4,48600000.0,37580927541.0,30900000.0,2.0,351000000.0,45684052.0,12.0,-986611.0,-542998.0,-62393.0,-458.0,-1200000.0,-400000.0,-100000.0,100000.0,3100000.0,3100000.0,3100000.0,3100000.0,1200000.0,600000.0,400000.0,200000.0,4289771289.0,2218512686.0,1124403136.0,382577763.0,3–8
Free Promo — Lil Baby,Free Promo,Lil Baby,['Hip-Hop/Rap'],3.0033333333333334,2025-01-03,2025-01-18,99,99,1,9600000.0,9615447468.0,4900000.0,28.0,23400000.0,23184954.0,7.0,-360573.0,-278791.0,-133681.0,-9209.0,400000.0,100000.0,0.0,0.0,2600000.0,900000.0,400000.0,300000.0,580000.0,300000.0,180000.0,70000.0,1017085302.0,475839583.0,193962365.0,0.0,1–2
Bigger Houses — Dan + Shay,Bigger Houses,Dan + Shay,['Country'],3.28445,2023-07-14,2025-01-25,91,91,1,1700000.0,1370598233.0,1200000.0,212.0,7700000.0,1142462.0,2595.0,-28784.0,-11595.0,-5659.0,233.5,,0.0,0.0,0.0,,200000.0,100000.0,100000.0,,20000.0,10000.0,0.0,,64844823.0,31864175.0,9831137.0,1–2
The Days — CHRYSTAL,The Days,CHRYSTAL,['Dance'],2.82355,2024-10-01,2025-01-25,97,83,6,3020.0,5192290.0,,,,,,,,,,,,,,,,,,,1160.0,1010.0,740.0,,2388672.0,1640503.0,1004015.0,3–8
Headlock — Imogen Heap,Headlock,Imogen Heap,['Pop'],3.588983333333333,2005-07-18,2025-01-25,100,82,12,,,,,,,,,,,,,,,,,,,,,,,,,,,,9–16
Funny Papers — Mac Miller,Funny Papers,Mac Miller,['Hip-Hop/Rap'],4.399016666666666,2025-01-17,2025-02-01,77,77,1,4660000.0,4217669764.0,,,,12938901.0,23.0,-184536.0,-99474.0,-11486.0,1763.0,,,,,,,,,250000.0,130000.0,80000.0,30000.0,443597607.0,208381115.0,84318367.0,41835212.0,1–2
5 Dollar Pony Rides — Mac Miller,5 Dollar Pony Rides,Mac Miller,['Hip-Hop/Rap'],3.701983333333333,2025-01-09,2025-02-01,85,85,1,4650000.0,4217669764.0,,,,12931593.0,23.0,-187408.0,-113387.0,-25021.0,-5735.0,,,,,,,,,240000.0,130000.0,70000.0,20000.0,443597607.0,208381115.0,125677676.0,41835212.0,1–2
Push 2 Start — Tyla,Push 2 Start,Tyla,"['Pop', 'R&B/Soul']",2.613766666666667,2024-10-09,2025-02-01,88,88,7,4160000.0,1365486331.0,11700000.0,829.0,179800000.0,9102984.0,206.0,7518350.0,4079776.0,1194176.0,326505.0,7600000.0,3800000.0,600000.0,100000.0,109900000.0,48900000.0,14500000.0,2800000.0,3869000.0,1100000.0,210000.0,50000.0,1312655676.0,476728650.0,137812803.0,28236406.0,3–8
Stoned — Mac Miller,Stoned,Mac Miller,['Hip-Hop/Rap'],4.0587,2025-01-17,2025-02-01,97,97,1,4660000.0,4217669764.0,,,,12938901.0,23.0,-184536.0,-99474.0,-11486.0,1763.0,,,,,,,,,250000.0,130000.0,80000.0,30000.0,443597607.0,208381115.0,84318367.0,41835212.0,1–2
4X4 — Travis Scott,4X4,Travis Scott,['Hip-Hop/Rap'],3.1763666666666666,2025-01-24,2025-02-08,1,1,4,19400000.0,10269153748.0,2100000.0,3.0,1900000.0,58803726.0,3281.0,4567518.0,2198444.0,393294.0,4957.0,1251600.0,600000.0,200000.0,0.0,900600.0,400000.0,200000.0,100000.0,1800000.0,900000.0,400000.0,100000.0,1540693917.0,802880890.0,310754514.0,103381965.0,3–8
Sports Car — Tate McRae,Sports Car,Tate McRae,['Pop'],2.75075,2025-01-24,2025-02-08,21,16,23,5760000.0,2067991628.0,8300000.0,1054.0,391100000.0,5342439.0,312.0,1984196.0,1202735.0,564176.0,177151.0,2000000.0,1200000.0,400000.0,100000.0,129300000.0,81900000.0,35100000.0,8900000.0,550000.0,310000.0,150000.0,50000.0,578288673.0,315849869.0,146381398.0,42714471.0,17–32
Blue Jean Baby — Zach Bryan,Blue Jean Baby,Zach Bryan,['Country'],2.2011333333333334,2025-01-27,2025-02-08,73,73,2,1390000.0,1642253270.0,3200000.0,184.0,28400000.0,,,,,,,,300000.0,136875.0,22500.0,,3400000.0,1714375.0,532500.0,417000.0,190000.0,70000.0,20000.0,729998274.0,356084218.0,166146607.0,50170037.0,1–2
Backseat Driver — Kane Brown,Backseat Driver,Kane Brown,['Country'],3.8011166666666663,2024-10-11,2025-02-08,79,60,16,3730000.0,2931700410.0,5400000.0,113.0,36500000.0,3731879.0,333.0,136960.0,97839.0,35581.0,9144.0,100000.0,0.0,0.0,0.0,3900000.0,1600000.0,500000.0,200000.0,140000.0,70000.0,20000.0,0.0,255895921.0,116904633.0,29408512.0,0.0,9–16
Weren't For The Wind — Ella Langley,Weren't For The Wind,Ella Langley,['Country'],3.2277833333333334,2024-10-04,2025-02-08,85,18,24,121000.0,53433695.0,912600.0,150.0,13700000.0,642022.0,689.0,,486016.0,364159.0,68212.0,566700.0,536100.0,268600.0,63700.0,11600000.0,11200000.0,6100000.0,1800000.0,92900.0,84000.0,75600.0,18000.0,43551886.0,36733061.0,32167094.0,10011720.0,17–32
Mutt — Leon Thomas,Mutt,Leon Thomas,['R&B/Soul'],3.2222166666666667,2024-08-08,2025-02-08,100,12,28,121000.0,11055185.0,950000.0,41.0,7700000.0,1557299.0,118.0,51114.0,3135.0,-11075.0,-7.0,114700.0,37000.0,-2400.0,-1800.0,300000.0,0.0,0.0,0.0,20000.0,7000.0,3000.0,1000.0,5296585.0,2127650.0,1004570.0,344117.0,17–32
I'm The Problem — Morgan Wallen,I'm The Problem,Morgan Wallen,[],,,2025-02-15,2,2,28,,,,,,,,,,,,,,,,,,,,,,,,,,,,17–32
Cry For Me — The Weeknd,Cry For Me,The Weeknd,[],,,2025-02-15,12,12,21,,,,,,,,,,,,,,,,,,,,,,,,,,,,17–32
Abracadabra — Lady Gaga,Abracadabra,Lady Gaga,['Pop'],3.7233,2025-02-03,2025-02-15,29,13,20,26200000.0,19502476646.0,11300000.0,84.0,64400000.0,57733535.0,3763.0,1318598.0,1058479.5,139830.0,50516.0,2200000.0,1800000.0,700000.0,100000.0,30800000.0,24900000.0,9900000.0,2000000.0,2400000.0,2000000.0,1100000.0,500000.0,2924262793.0,1884806136.0,1155071751.0,394802744.0,17–32
Baptized In Fear — The Weeknd,Baptized In Fear,The Weeknd,['R&B/Soul'],3.8696,2025-01-31,2025-02-15,46,46,2,37000000.0,30363469676.0,10200000.0,149.0,59100000.0,76082052.0,981.0,4972353.0,560831.0,842409.0,135545.0,900000.0,600000.0,400000.0,100000.0,12200000.0,10300000.0,5800000.0,1800000.0,2800000.0,1500000.0,600000.0,200000.0,4565020751.0,2374155230.0,1210525905.0,620322440.0,1–2
Open Hearts — The Weeknd,Open Hearts,The Weeknd,['R&B/Soul'],3.9154,2025-01-31,2025-02-15,48,48,2,37000000.0,30363469676.0,10200000.0,149.0,59100000.0,76082052.0,981.0,4972353.0,560831.0,842409.0,135545.0,900000.0,600000.0,400000.0,100000.0,12200000.0,10300000.0,5800000.0,1800000.0,2800000.0,1500000.0,600000.0,200000.0,4565020751.0,2374155230.0,1210525905.0,620322440.0,1–2
Niagara Falls — The Weeknd,Niagara Falls,The Weeknd,['R&B/Soul'],4.62125,2025-01-31,2025-02-15,65,65,1,37000000.0,30363469676.0,10200000.0,149.0,59100000.0,76082052.0,981.0,4972353.0,560831.0,842409.0,135545.0,900000.0,600000.0,400000.0,100000.0,12200000.0,10300000.0,5800000.0,1800000.0,2800000.0,1500000.0,600000.0,200000.0,4565020751.0,2374155230.0,1210525905.0,620322440.0,1–2
Take Me Back To LA — The Weeknd,Take Me Back To LA,The Weeknd,['R&B/Soul'],4.228916666666667,2025-01-31,2025-02-15,69,69,1,37000000.0,30363469676.0,10200000.0,149.0,59100000.0,76082052.0,981.0,4972353.0,560831.0,842409.0,135545.0,900000.0,600000.0,400000.0,100000.0,12200000.0,10300000.0,5800000.0,1800000.0,2800000.0,1500000.0,600000.0,200000.0,4565020751.0,2374155230.0,1210525905.0,620322440.0,1–2
Given Up On Me — The Weeknd,Given Up On Me,The Weeknd,[],,,2025-02-15,71,71,1,,,,,,,,,,,,,,,,,,,,,,,,,,,,1–2
Opening Night — The Weeknd,Opening Night,The Weeknd,['R&B/Soul'],1.6004,2025-01-31,2025-02-15,74,74,1,37000000.0,30363469676.0,10200000.0,149.0,59100000.0,76082052.0,981.0,4972353.0,560831.0,842409.0,135545.0,900000.0,600000.0,400000.0,100000.0,12200000.0,10300000.0,5800000.0,1800000.0,2800000.0,1500000.0,600000.0,200000.0,4565020751.0,2374155230.0,1210525905.0,620322440.0,1–2
I Can't Wait To Get There — The Weeknd,I Can't Wait To Get There,The Weeknd,['R&B/Soul'],3.1487,2025-01-31,2025-02-15,82,82,1,37000000.0,30363469676.0,10200000.0,149.0,59100000.0,76082052.0,981.0,4972353.0,560831.0,842409.0,135545.0,900000.0,600000.0,400000.0,100000.0,12200000.0,10300000.0,5800000.0,1800000.0,2800000.0,1500000.0,600000.0,200000.0,4565020751.0,2374155230.0,1210525905.0,620322440.0,1–2
Nissan Altima — Doechii,Nissan Altima,Doechii,['Hip-Hop/Rap'],2.1355333333333335,2024-08-30,2025-02-15,92,73,2,1380000.0,567860451.0,1200000.0,313.0,16600000.0,685887.0,16.0,169838.0,105756.0,80872.0,52521.0,0.0,0.0,0.0,0.0,1600000.0,1400000.0,1300000.0,700000.0,973000.0,916000.0,20000.0,10000.0,423338159.0,353262425.0,28433276.0,5930646.0,1–2
Twenties — Giveon,Twenties,Giveon,['R&B/Soul'],2.8659333333333334,2025-02-07,2025-02-22,55,55,3,3140000.0,1840421129.0,4100000.0,6.0,20600000.0,2973740.0,8.0,9357.0,52921.0,87399.0,95314.0,300000.0,200000.0,300000.0,200000.0,-11100000.0,-11700000.0,-11800000.0,-12200000.0,190000.0,90000.0,50000.0,20000.0,260377317.0,126270007.0,55396671.0,18792915.0,3–8
Ordinary — Alex Warren,Ordinary,Alex Warren,['Pop'],3.1160666666666668,2024-09-26,2025-02-22,61,1,27,2720000.0,594217976.0,16300000.0,1781.0,1000000000.0,2568602.0,632.0,411463.0,344648.0,61412.0,21744.0,500000.0,600000.0,0.0,0.0,43700000.0,33500000.0,0.0,0.0,90000.0,110000.0,50000.0,10000.0,41435813.0,30117982.0,-34471159.0,-75516486.0,17–32
Gimme A Hug — Drake,Gimme A Hug,Drake,['R&B/Soul'],3.2175666666666665,2025-02-14,2025-03-01,6,6,11,30600000.0,19196162115.0,,,,143459329.0,536.0,-2300306.0,-1985026.0,-812306.0,-183391.0,,,,,,,,,1300000.0,500000.0,300000.0,100000.0,2205448281.0,942407802.0,569673857.0,192327569.0,9–16
Nokia — Drake,Nokia,Drake,['R&B/Soul'],4.01705,2025-02-14,2025-03-01,10,2,26,30600000.0,19196162115.0,,,,143459329.0,536.0,-2300306.0,-1985026.0,-812306.0,-183391.0,,,,,,,,,1300000.0,500000.0,300000.0,100000.0,2205448281.0,942407802.0,569673857.0,192327569.0,17–32
Busy Woman — Sabrina Carpenter,Busy Woman,Sabrina Carpenter,['Pop'],3.110216666666666,2024-08-23,2025-03-01,27,27,16,8570000.0,2495194762.0,19700000.0,166.0,281800000.0,38757940.0,299.0,8630629.0,6086516.0,4168711.0,899017.0,5400000.0,4400000.0,3400000.0,1100000.0,90100000.0,55200000.0,31500000.0,15800000.0,2540000.0,2130000.0,1190000.0,370000.0,1048770237.0,831619164.0,532920790.0,138341171.0,9–16
Deeper — PARTYNEXTDOOR,Deeper,PARTYNEXTDOOR,['R&B/Soul'],2.8723,2025-02-14,2025-03-01,31,31,3,1890000.0,1343566514.0,1500000.0,100.0,18600000.0,5799709.0,76.0,950805.0,457469.0,337968.0,229001.0,1030300.0,758600.0,541070.0,100000.0,16300000.0,12100000.0,9230000.0,2800000.0,350000.0,210000.0,120000.0,40000.0,391024528.0,243474361.0,134385402.0,40716603.0,3–8
Crying In Chanel — Drake,Crying In Chanel,Drake,['R&B/Soul'],3.3267166666666665,2025-02-14,2025-03-01,37,37,1,30600000.0,19196162115.0,,,,143459329.0,536.0,-2300306.0,-1985026.0,-812306.0,-183391.0,,,,,,,,,1300000.0,500000.0,300000.0,100000.0,2205448281.0,942407802.0,569673857.0,192327569.0,1–2
Small Town Fame — Drake,Small Town Fame,Drake,['R&B/Soul'],2.4751666666666665,2025-02-14,2025-03-01,40,40,2,30600000.0,19196162115.0,,,,143459329.0,536.0,-2300306.0,-1985026.0,-812306.0,-183391.0,,,,,,,,,1300000.0,500000.0,300000.0,100000.0,2205448281.0,942407802.0,569673857.0,192327569.0,1–2
Raining In Houston — Drake,Raining In Houston,Drake,['R&B/Soul'],4.082183333333333,2025-02-14,2025-03-01,43,43,2,30600000.0,19196162115.0,,,,143459329.0,536.0,-2300306.0,-1985026.0,-812306.0,-183391.0,,,,,,,,,1300000.0,500000.0,300000.0,100000.0,2205448281.0,942407802.0,569673857.0,192327569.0,1–2
Brian Steel — Drake,Brian Steel,Drake,['R&B/Soul'],1.8567833333333332,2025-02-14,2025-03-01,47,47,1,30600000.0,19196162115.0,,,,143459329.0,536.0,-2300306.0,-1985026.0,-812306.0,-183391.0,,,,,,,,,1300000.0,500000.0,300000.0,100000.0,2205448281.0,942407802.0,569673857.0,192327569.0,1–2
15 Minutes — Sabrina Carpenter,15 Minutes,Sabrina Carpenter,['Pop'],3.1919833333333334,2024-08-23,2025-03-01,67,67,1,8570000.0,2495194762.0,19700000.0,166.0,281800000.0,38757940.0,299.0,8630629.0,6086516.0,4168711.0,899017.0,5400000.0,4400000.0,3400000.0,1100000.0,90100000.0,55200000.0,31500000.0,15800000.0,2540000.0,2130000.0,1190000.0,370000.0,1048770237.0,831619164.0,532920790.0,138341171.0,1–2
Couldn't Make It Any Harder — Sabrina Carpenter,Couldn't Make It Any Harder,Sabrina Carpenter,[],,,2025-03-01,84,84,1,,,,,,,,,,,,,,,,,,,,,,,,,,,,1–2
Por Esos Ojos — Fuerza Regida,Por Esos Ojos,Fuerza Regida,"['Música Mexicana', 'Latin']",3.134416666666666,2025-02-11,2025-03-01,85,64,15,4670000.0,6710298769.0,6100000.0,795.0,130600000.0,8538715.0,2092.0,2204545.0,968471.0,387494.0,109620.0,2700000.0,1500000.0,530232.5581395347,100000.0,80300000.0,48300000.0,19611627.906976745,5600000.0,1300000.0,640000.0,320000.0,110000.0,2773711871.0,1374189697.0,720448457.0,268974242.0,9–16
Bad Reviews — Sabrina Carpenter,Bad Reviews,Sabrina Carpenter,['Pop'],2.35655,2024-08-23,2025-03-01,87,87,1,8570000.0,2495194762.0,19700000.0,166.0,281800000.0,38757940.0,299.0,8630629.0,6086516.0,4168711.0,899017.0,5400000.0,4400000.0,3400000.0,1100000.0,90100000.0,55200000.0,31500000.0,15800000.0,2540000.0,2130000.0,1190000.0,370000.0,1048770237.0,831619164.0,532920790.0,138341171.0,1–2
Revolving Door — Tate McRae,Revolving Door,Tate McRae,['Pop'],3.00055,2025-02-21,2025-03-08,22,22,18,5820000.0,2110359810.0,11400000.0,1080.0,409000000.0,5652433.0,327.0,1988313.0,1421374.0,624826.0,325944.0,4900000.0,4100000.0,3350000.0,3100000.0,137500000.0,91700000.0,36600000.0,18800000.0,550000.0,360000.0,150000.0,80000.0,554408941.0,321600262.0,146981412.0,42368182.0,17–32
Dear God — Tate McRae,Dear God,Tate McRae,['Pop'],2.85025,2025-02-21,2025-03-08,44,44,2,5820000.0,2110359810.0,11400000.0,1080.0,409000000.0,5652433.0,327.0,1988313.0,1421374.0,624826.0,325944.0,4900000.0,4100000.0,3350000.0,3100000.0,137500000.0,91700000.0,36600000.0,18800000.0,550000.0,360000.0,150000.0,80000.0,554408941.0,321600262.0,146981412.0,42368182.0,1–2
Purple Lace Bra — Tate McRae,Purple Lace Bra,Tate McRae,['Pop'],3.1855333333333333,2025-02-21,2025-03-08,53,53,2,5820000.0,2110359810.0,11400000.0,1080.0,409000000.0,5652433.0,327.0,1988313.0,1421374.0,624826.0,325944.0,4900000.0,4100000.0,3350000.0,3100000.0,137500000.0,91700000.0,36600000.0,18800000.0,550000.0,360000.0,150000.0,80000.0,554408941.0,321600262.0,146981412.0,42368182.0,1–2
Miss Possessive — Tate McRae,Miss Possessive,Tate McRae,['Pop'],2.3183166666666666,2025-02-21,2025-03-08,54,54,2,5820000.0,2110359810.0,11400000.0,1080.0,409000000.0,5652433.0,327.0,1988313.0,1421374.0,624826.0,325944.0,4900000.0,4100000.0,3350000.0,3100000.0,137500000.0,91700000.0,36600000.0,18800000.0,550000.0,360000.0,150000.0,80000.0,554408941.0,321600262.0,146981412.0,42368182.0,1–2
cLOUDs — J. Cole,cLOUDs,J. Cole,['Hip-Hop/Rap'],4.034783333333333,2025-02-21,2025-03-08,69,69,2,7940000.0,4347270123.0,,,,8591543.0,9.0,-52389.0,-49888.0,5378.0,-9871.0,,,,,,,,,660000.0,380000.0,100000.0,30000.0,734130668.0,382492782.0,215965794.0,87343245.0,1–2
Signs — Tate McRae,Signs,Tate McRae,['Pop'],2.8960833333333333,2025-02-21,2025-03-08,74,74,1,5820000.0,2110359810.0,11400000.0,1080.0,409000000.0,5652433.0,327.0,1988313.0,1421374.0,624826.0,325944.0,4900000.0,4100000.0,3350000.0,3100000.0,137500000.0,91700000.0,36600000.0,18800000.0,550000.0,360000.0,150000.0,80000.0,554408941.0,321600262.0,146981412.0,42368182.0,1–2
Little Things — Ella Mai,Little Things,Ella Mai,['R&B/Soul'],2.8820666666666668,2024-11-03,2025-03-08,89,81,7,3940000.0,2398192920.0,595700.0,71.0,3900000.0,4445305.0,38.0,18389.0,19185.0,-8625.0,-6091.0,38700.0,25300.0,12000.0,3200.0,100000.0,100000.0,100000.0,0.0,110000.0,60000.0,30000.0,10000.0,251966525.0,117786086.0,48084367.0,23806814.0,3–8
Like I Do — Tate McRae,Like I Do,Tate McRae,[],,,2025-03-08,90,90,1,,,,,,,,,,,,,,,,,,,,,,,,,,,,1–2
Greenlight — Tate McRae,Greenlight,Tate McRae,['Pop'],2.7515833333333335,2025-02-21,2025-03-08,99,99,1,5820000.0,2110359810.0,11400000.0,1080.0,409000000.0,5652433.0,327.0,1988313.0,1421374.0,624826.0,325944.0,4900000.0,4100000.0,3350000.0,3100000.0,137500000.0,91700000.0,36600000.0,18800000.0,550000.0,360000.0,150000.0,80000.0,554408941.0,321600262.0,146981412.0,42368182.0,1–2
Sorry I'm Here For Someone Else — Benson Boone,Sorry I'm Here For Someone Else,Benson Boone,['Pop'],2.6097,2025-02-27,2025-03-15,44,19,24,4200000.0,1974834520.0,7700000.0,128.0,286100000.0,4706907.0,106.0,2801881.0,1440425.0,1165369.0,1119295.0,2400000.0,500000.0,500000.0,500000.0,45900000.0,4900000.0,4000000.0,3700000.0,3140000.0,740000.0,430000.0,240000.0,1535585956.0,605106142.0,302277208.0,111032787.0,17–32
Ms. Whitman — Bhad Bhabie,Ms. Whitman,Bhad Bhabie,['Hip-Hop/Rap'],2.1006,2025-02-25,2025-03-15,56,56,3,7580000.0,1424564223.0,8000000.0,27.0,13200000.0,15993170.0,27.0,-186828.0,9863.0,107199.0,8602.0,1200000.0,1200000.0,1000000.0,700000.0,12325200.0,12100000.0,11100000.0,10500000.0,30000.0,40000.0,40000.0,30000.0,42092463.0,28168910.0,14150664.0,14150664.0,3–8
Tattoo — Tito Double P,Tattoo,Tito Double P,"['Música Mexicana', 'Latin']",2.7992666666666666,2025-02-27,2025-03-15,85,72,8,1670000.0,2306492576.0,3400000.0,42.0,22200000.0,4794494.0,44.0,,3504785.0,1626524.0,405934.0,2765500.0,2405200.0,1400000.0,300000.0,21737600.0,18500000.0,10600000.0,2600000.0,1594100.0,1420000.0,827000.0,240000.0,2247128558.0,2109261766.0,1229824738.0,371225063.0,3–8
Anxiety — Doechii,Anxiety,Doechii,['Hip-Hop/Rap'],4.155033333333333,2025-03-05,2025-03-22,13,9,20,2180000.0,741929190.0,4600000.0,418.0,70600000.0,4346584.0,95.0,3766722.0,3643226.0,3217382.0,1745831.0,3400000.0,3400000.0,3000000.0,1700000.0,55400000.0,53900000.0,48700000.0,29500000.0,1716000.0,800000.0,750000.0,370000.0,527331164.0,167840187.0,137585937.0,75570670.0,17–32
Garden Of Eden — Lady Gaga,Garden Of Eden,Lady Gaga,['Pop'],3.99535,2025-03-07,2025-03-22,52,52,1,27100000.0,19899129607.0,13800000.0,99.0,96900000.0,58791117.0,3785.0,2311345.0,1765553.0,1109543.0,989940.0,4600000.0,3900000.0,2800000.0,2200000.0,62900000.0,49800000.0,36200000.0,29500000.0,3300000.0,2600000.0,1700000.0,800000.0,3151353588.0,2103870683.0,1170644103.0,396652961.0,1–2
Vanish Into You — Lady Gaga,Vanish Into You,Lady Gaga,['Pop'],4.081916666666666,2025-09-01,2025-03-22,61,61,1,29200000.0,22263135994.0,17000000.0,117.0,124700000.0,61048075.0,3801.0,4075229.0,2316755.0,283716.0,45287.0,7100000.0,3300000.0,100000.0,100000.0,78300000.0,28900000.0,3000000.0,800000.0,4800000.0,2200000.0,600000.0,200000.0,4467877070.0,2364006387.0,880073008.0,223395291.0,1–2
How Bad Do U Want Me — Lady Gaga,How Bad Do U Want Me,Lady Gaga,['Pop'],3.98145,2025-09-01,2025-03-22,69,69,1,29200000.0,22263135994.0,17000000.0,117.0,124700000.0,61048075.0,3801.0,4075229.0,2316755.0,283716.0,45287.0,7100000.0,3300000.0,100000.0,100000.0,78300000.0,28900000.0,3000000.0,800000.0,4800000.0,2200000.0,600000.0,200000.0,4467877070.0,2364006387.0,880073008.0,223395291.0,1–2
Perfect Celebrity — Lady Gaga,Perfect Celebrity,Lady Gaga,['Pop'],3.820866666666667,2025-03-07,2025-03-22,81,81,1,27100000.0,19899129607.0,13800000.0,99.0,96900000.0,58791117.0,3785.0,2311345.0,1765553.0,1109543.0,989940.0,4600000.0,3900000.0,2800000.0,2200000.0,62900000.0,49800000.0,36200000.0,29500000.0,3300000.0,2600000.0,1700000.0,800000.0,3151353588.0,2103870683.0,1170644103.0,396652961.0,1–2
like JENNIE — JENNIE,like JENNIE,JENNIE,"['Pop', 'K-Pop']",2.0586333333333333,2025-03-03,2025-03-22,83,83,3,13500000.0,949455985.0,13900000.0,53.0,169200000.0,86327963.0,1223.0,2725123.0,1051161.0,478247.0,161761.0,,,2200000.0,1300000.0,,,61500000.0,35500000.0,3100000.0,3000000.0,1100000.0,500000.0,775137395.0,760421372.0,275319905.0,151306989.0,3–8
Zombieboy — Lady Gaga,Zombieboy,Lady Gaga,['Pop'],3.555616666666667,2025-03-07,2025-03-22,85,85,1,27100000.0,19899129607.0,13800000.0,99.0,96900000.0,58791117.0,3785.0,2311345.0,1765553.0,1109543.0,989940.0,4600000.0,3900000.0,2800000.0,2200000.0,62900000.0,49800000.0,36200000.0,29500000.0,3300000.0,2600000.0,1700000.0,800000.0,3151353588.0,2103870683.0,1170644103.0,396652961.0,1–2
LoveDrug — Lady Gaga,LoveDrug,Lady Gaga,['Pop'],3.22055,2025-03-07,2025-03-22,95,95,1,27100000.0,19899129607.0,13800000.0,99.0,96900000.0,58791117.0,3785.0,2311345.0,1765553.0,1109543.0,989940.0,4600000.0,3900000.0,2800000.0,2200000.0,62900000.0,49800000.0,36200000.0,29500000.0,3300000.0,2600000.0,1700000.0,800000.0,3151353588.0,2103870683.0,1170644103.0,396652961.0,1–2
Texas — Blake Shelton,Texas,Blake Shelton,['Country'],2.8351166666666665,2024-11-15,2025-03-22,97,61,9,3300000.0,2488499173.0,2800000.0,,16400000.0,6876142.0,1262.0,163969.0,92181.0,39280.0,-3179.0,300000.0,200000.0,100000.0,0.0,2900000.0,1900000.0,1000000.0,100000.0,120000.0,60000.0,30000.0,10000.0,215619324.0,98712100.0,49540862.0,24763280.0,9–16
Evil J0rdan — Playboi Carti,Evil J0rdan,Playboi Carti,['Hip-Hop/Rap'],3.0654833333333333,2025-03-14,2025-03-29,2,2,5,4290000.0,1920441129.0,2200000.0,2.0,3500000.0,13355057.0,0.0,1504900.0,991483.0,469568.0,405709.0,,,,0.0,,,,100000.0,720000.0,420000.0,250000.0,130000.0,344240469.0,187350237.0,75971084.0,38368932.0,3–8
The Giver — Chappell Roan,The Giver,Chappell Roan,['Country'],3.3794666666666666,2025-03-13,2025-03-29,5,5,8,1840000.0,748883485.0,4700000.0,496.0,50500000.0,6960630.0,654.0,6589697.0,2359318.0,1211898.0,459066.0,4467300.0,1300000.0,600000.0,300000.0,44000000.0,14800000.0,7100000.0,4400000.0,1775900.0,810000.0,360000.0,140000.0,735522772.0,448708287.0,215041115.0,82006721.0,3–8
Mojo Jojo — Playboi Carti,Mojo Jojo,Playboi Carti,['Hip-Hop/Rap'],2.6048833333333334,2025-03-14,2025-03-29,27,27,1,4290000.0,1920441129.0,2200000.0,2.0,3500000.0,13355057.0,0.0,1504900.0,991483.0,469568.0,405709.0,,,,0.0,,,,100000.0,720000.0,420000.0,250000.0,130000.0,344240469.0,187350237.0,75971084.0,38368932.0,1–2
Fine Shit — Playboi Carti,Fine Shit,Playboi Carti,['Hip-Hop/Rap'],1.779216666666667,2025-03-14,2025-03-29,33,33,2,4290000.0,1920441129.0,2200000.0,2.0,3500000.0,13355057.0,0.0,1504900.0,991483.0,469568.0,405709.0,,,,0.0,,,,100000.0,720000.0,420000.0,250000.0,130000.0,344240469.0,187350237.0,75971084.0,38368932.0,1–2
K Pop — Playboi Carti,K Pop,Playboi Carti,[],,,2025-03-29,38,38,1,,,,,,,,,,,,,,,,,,,,,,,,,,,,1–2
Pop Out — Playboi Carti,Pop Out,Playboi Carti,[],,,2025-03-29,41,41,1,,,,,,,,,,,,,,,,,,,,,,,,,,,,1–2
Radar — Playboi Carti,Radar,Playboi Carti,['Hip-Hop/Rap'],1.7988833333333334,2025-03-14,2025-03-29,43,43,1,4290000.0,1920441129.0,2200000.0,2.0,3500000.0,13355057.0,0.0,1504900.0,991483.0,469568.0,405709.0,,,,0.0,,,,100000.0,720000.0,420000.0,250000.0,130000.0,344240469.0,187350237.0,75971084.0,38368932.0,1–2
Dark Thoughts — Lil Tecca,Dark Thoughts,Lil Tecca,['Hip-Hop/Rap'],2.283183333333333,2025-03-14,2025-03-29,45,28,17,2810000.0,1024383286.0,2900000.0,5.0,40100000.0,5378552.0,18.0,181122.0,64352.0,-13075.0,1523.0,100000.0,0.0,0.0,0.0,300000.0,100000.0,0.0,0.0,340000.0,220000.0,110000.0,30000.0,234371526.0,140953899.0,74984789.0,23892368.0,17–32
HBA — Playboi Carti,HBA,Playboi Carti,['Hip-Hop/Rap'],3.5433,2025-03-14,2025-03-29,48,48,1,4290000.0,1920441129.0,2200000.0,2.0,3500000.0,13355057.0,0.0,1504900.0,991483.0,469568.0,405709.0,,,,0.0,,,,100000.0,720000.0,420000.0,250000.0,130000.0,344240469.0,187350237.0,75971084.0,38368932.0,1–2
I Seeeeee You Baby Boi — Playboi Carti,I Seeeeee You Baby Boi,Playboi Carti,[],,,2025-03-29,54,54,1,,,,,,,,,,,,,,,,,,,,,,,,,,,,1–2
Crank — Playboi Carti,Crank,Playboi Carti,['Hip-Hop/Rap'],2.461533333333333,2025-03-14,2025-03-29,55,55,1,4290000.0,1920441129.0,2200000.0,2.0,3500000.0,13355057.0,0.0,1504900.0,991483.0,469568.0,405709.0,,,,0.0,,,,100000.0,720000.0,420000.0,250000.0,130000.0,344240469.0,187350237.0,75971084.0,38368932.0,1–2
Like Weezy — Playboi Carti,Like Weezy,Playboi Carti,['Hip-Hop/Rap'],1.9266666666666667,2025-03-14,2025-03-29,56,56,2,4290000.0,1920441129.0,2200000.0,2.0,3500000.0,13355057.0,0.0,1504900.0,991483.0,469568.0,405709.0,,,,0.0,,,,100000.0,720000.0,420000.0,250000.0,130000.0,344240469.0,187350237.0,75971084.0,38368932.0,1–2
Emergence — Sleep Token,Emergence,Sleep Token,"['Metal', 'Rock']",6.43755,2025-03-13,2025-03-29,57,57,4,741000.0,429384651.0,,,,1010159.0,0.0,375263.0,193339.0,93685.0,59565.0,,,,,,,,,287000.0,145000.0,76000.0,37000.0,229145056.0,115205820.0,55059516.0,17664153.0,3–8
Olympian — Playboi Carti,Olympian,Playboi Carti,['Hip-Hop/Rap'],2.9122166666666667,2025-03-14,2025-03-29,65,65,1,4290000.0,1920441129.0,2200000.0,2.0,3500000.0,13355057.0,0.0,1504900.0,991483.0,469568.0,405709.0,,,,0.0,,,,100000.0,720000.0,420000.0,250000.0,130000.0,344240469.0,187350237.0,75971084.0,38368932.0,1–2
Munyun — Playboi Carti,Munyun,Playboi Carti,['Hip-Hop/Rap'],2.5714166666666665,2025-03-14,2025-03-29,69,69,1,4290000.0,1920441129.0,2200000.0,2.0,3500000.0,13355057.0,0.0,1504900.0,991483.0,469568.0,405709.0,,,,0.0,,,,100000.0,720000.0,420000.0,250000.0,130000.0,344240469.0,187350237.0,75971084.0,38368932.0,1–2
OPM Babi — Playboi Carti,OPM Babi,Playboi Carti,['Hip-Hop/Rap'],2.8846166666666666,2025-03-14,2025-03-29,75,75,1,4290000.0,1920441129.0,2200000.0,2.0,3500000.0,13355057.0,0.0,1504900.0,991483.0,469568.0,405709.0,,,,0.0,,,,100000.0,720000.0,420000.0,250000.0,130000.0,344240469.0,187350237.0,75971084.0,38368932.0,1–2
Cocaine Nose — Playboi Carti,Cocaine Nose,Playboi Carti,['Hip-Hop/Rap'],2.5193333333333334,2025-03-14,2025-03-29,80,80,1,4290000.0,1920441129.0,2200000.0,2.0,3500000.0,13355057.0,0.0,1504900.0,991483.0,469568.0,405709.0,,,,0.0,,,,100000.0,720000.0,420000.0,250000.0,130000.0,344240469.0,187350237.0,75971084.0,38368932.0,1–2
Dis 1 Got It — Playboi Carti,Dis 1 Got It,Playboi Carti,[],,,2025-03-29,85,85,1,,,,,,,,,,,,,,,,,,,,,,,,,,,,1–2
Overly — Playboi Carti,Overly,Playboi Carti,['Hip-Hop/Rap'],2.770566666666667,2020-12-25,2025-03-29,86,86,1,,,,,,5876697.0,25.0,,,,,,,,,,,,,,,,,,,,,1–2
South Atlanta Baby — Playboi Carti,South Atlanta Baby,Playboi Carti,['Hip-Hop/Rap'],2.2209833333333333,2025-03-14,2025-03-29,88,88,1,4290000.0,1920441129.0,2200000.0,2.0,3500000.0,13355057.0,0.0,1504900.0,991483.0,469568.0,405709.0,,,,0.0,,,,100000.0,720000.0,420000.0,250000.0,130000.0,344240469.0,187350237.0,75971084.0,38368932.0,1–2
Walk — Playboi Carti,Walk,Playboi Carti,['Hip-Hop/Rap'],1.5735333333333332,2025-03-14,2025-03-29,96,96,1,4290000.0,1920441129.0,2200000.0,2.0,3500000.0,13355057.0,0.0,1504900.0,991483.0,469568.0,405709.0,,,,0.0,,,,100000.0,720000.0,420000.0,250000.0,130000.0,344240469.0,187350237.0,75971084.0,38368932.0,1–2
Just In Case — Morgan Wallen,Just In Case,Morgan Wallen,['Country'],2.7701,2025-03-21,2025-04-05,4,2,21,3300000.0,5306090815.0,5800000.0,76.0,37200000.0,8320086.0,705.0,1188746.0,355495.0,233478.0,54112.0,900000.0,400000.0,300000.0,100000.0,13000000.0,6400000.0,4400000.0,1300000.0,540000.0,180000.0,30000.0,50000.0,870554341.0,622639542.0,322396431.0,4543817416.0,17–32
I'm A Little Crazy — Morgan Wallen,I'm A Little Crazy,Morgan Wallen,['Country'],3.3176666666666668,2025-03-21,2025-04-05,17,17,16,3300000.0,5306090815.0,5800000.0,76.0,37200000.0,8320086.0,705.0,1188746.0,355495.0,233478.0,54112.0,900000.0,400000.0,300000.0,100000.0,13000000.0,6400000.0,4400000.0,1300000.0,540000.0,180000.0,30000.0,50000.0,870554341.0,622639542.0,322396431.0,4543817416.0,9–16
Mona Lisa — j-hope,Mona Lisa,j-hope,"['K-Pop', 'Pop']",2.2865333333333333,2025-03-21,2025-04-05,65,65,1,,,10400000.0,22.0,103900000.0,50459144.0,260.0,1356862.0,860807.0,352222.0,88631.0,,,,1200000.0,,,,39100000.0,,,,,,,,,1–2
This Town's Been Too Good To Us — Dylan Scott,This Town's Been Too Good To Us,Dylan Scott,['Country'],3.193783333333333,2025-03-28,2025-04-05,70,70,2,,,1800000.0,607.0,28200000.0,781193.0,1266.0,104657.0,42015.0,32828.0,10324.0,100000.0,0.0,0.0,0.0,2800000.0,800000.0,300000.0,200000.0,,,,,,,,,1–2
Twilight Zone — Ariana Grande,Twilight Zone,Ariana Grande,['Pop'],3.3053333333333335,2025-03-27,2025-04-12,18,18,18,55700000.0,28454805809.0,38200000.0,308.0,310400000.0,376201039.0,359.0,-4120468.0,-519828.0,-573497.0,-101724.0,3700000.0,2500000.0,800000.0,200000.0,99100000.0,51900000.0,15800000.0,10100000.0,1900000.0,1100000.0,400000.0,100000.0,2765219981.0,1435264028.0,596903429.0,312268531.0,17–32
Dandelion — Ariana Grande,Dandelion,Ariana Grande,['Pop'],3.4135833333333334,2025-03-27,2025-04-12,38,38,3,55700000.0,28454805809.0,38200000.0,308.0,310400000.0,376201039.0,359.0,-4120468.0,-519828.0,-573497.0,-101724.0,3700000.0,2500000.0,800000.0,200000.0,99100000.0,51900000.0,15800000.0,10100000.0,1900000.0,1100000.0,400000.0,100000.0,2765219981.0,1435264028.0,596903429.0,312268531.0,3–8
Past Life — Ariana Grande,Past Life,Ariana Grande,['Pop'],3.5972333333333335,2025-03-27,2025-04-12,53,53,1,55700000.0,28454805809.0,38200000.0,308.0,310400000.0,376201039.0,359.0,-4120468.0,-519828.0,-573497.0,-101724.0,3700000.0,2500000.0,800000.0,200000.0,99100000.0,51900000.0,15800000.0,10100000.0,1900000.0,1100000.0,400000.0,100000.0,2765219981.0,1435264028.0,596903429.0,312268531.0,1–2
Warm — Ariana Grande,Warm,Ariana Grande,['Pop'],3.365083333333333,2025-03-27,2025-04-12,54,54,1,55700000.0,28454805809.0,38200000.0,308.0,310400000.0,376201039.0,359.0,-4120468.0,-519828.0,-573497.0,-101724.0,3700000.0,2500000.0,800000.0,200000.0,99100000.0,51900000.0,15800000.0,10100000.0,1900000.0,1100000.0,400000.0,100000.0,2765219981.0,1435264028.0,596903429.0,312268531.0,1–2
Hampstead — Ariana Grande,Hampstead,Ariana Grande,['Pop'],3.604416666666667,2025-03-27,2025-04-12,59,59,1,55700000.0,28454805809.0,38200000.0,308.0,310400000.0,376201039.0,359.0,-4120468.0,-519828.0,-573497.0,-101724.0,3700000.0,2500000.0,800000.0,200000.0,99100000.0,51900000.0,15800000.0,10100000.0,1900000.0,1100000.0,400000.0,100000.0,2765219981.0,1435264028.0,596903429.0,312268531.0,1–2
Vanish Mode — Lil Durk,Vanish Mode,Lil Durk,"['Rap', 'Hip-Hop/Rap']",2.052583333333333,2024-10-18,2025-04-12,63,63,1,6550000.0,5754620562.0,3000000.0,59.0,14100000.0,15695963.0,39.0,249887.0,-71293.0,-92338.0,32924.0,300000.0,200000.0,0.0,0.0,4400000.0,2200000.0,1000000.0,600000.0,700000.0,310000.0,160000.0,70000.0,963324692.0,396788451.0,173215892.0,58478467.0,1–2
Love Me Not — Ravyn Lenae,Love Me Not,Ravyn Lenae,['R&B/Soul'],3.5577833333333335,2024-05-03,2025-04-12,81,5,20,83200.0,26846292.0,,,,168900.0,45.0,3829.0,2073.0,2036.0,1384.0,,,,,,,,,6200.0,2700.0,1400.0,500.0,4749401.0,2335206.0,1322261.0,542065.0,17–32
Back To Friends — sombr,Back To Friends,sombr,"['Indie Rock', 'Alternative']",3.3172,2024-12-27,2025-04-12,90,30,20,37400.0,23637283.0,523600.0,375.0,30800000.0,147886.0,16.0,44306.0,19605.0,13183.0,4383.0,184900.0,94400.0,53800.0,23400.0,17700000.0,11200000.0,5900000.0,2300000.0,24100.0,14300.0,9400.0,3500.0,20229417.0,13863573.0,9382098.0,3066904.0,17–32
Hometown Home — LOCASH,Hometown Home,LOCASH,['Country'],3.4718333333333335,2024-04-19,2025-04-12,91,91,2,85100.0,56774462.0,67900.0,214.0,255400.0,260629.0,3568.0,,-3861.0,-1645.0,746.0,2300.0,500.0,400.0,100.0,10500.0,1300.0,900.0,800.0,1900.0,600.0,400.0,100.0,-4072517.0,2781422.0,1670567.0,562146.0,1–2
Shaking When I Pray — Lil Durk,Shaking When I Pray,Lil Durk,[],,,2025-04-12,94,94,1,,,,,,,,,,,,,,,,,,,,,,,,,,,,1–2
Keep On Sippin' — Lil Durk,Keep On Sippin',Lil Durk,[],,,2025-04-12,96,96,1,,,,,,,,,,,,,,,,,,,,,,,,,,,,1–2
Azizam — Ed Sheeran,Azizam,Ed Sheeran,"['Pop', 'Singer/Songwriter']",2.700483333333333,2025-04-04,2025-04-19,28,28,14,56100000.0,34229800273.0,17200000.0,259.0,236400000.0,48635045.0,2466.0,1040316.0,414101.0,142012.0,31555.0,2000000.0,900000.0,300000.0,200000.0,61300000.0,25600000.0,15400000.0,10500000.0,1700000.0,900000.0,400000.0,100000.0,2118394187.0,1137526739.0,466824500.0,128837179.0,9–16
Caramel — Sleep Token,Caramel,Sleep Token,"['Metal', 'Rock']",4.835166666666667,2025-04-04,2025-04-19,34,34,5,823000.0,459565180.0,,,,1083368.0,74.0,433978.0,246636.0,152910.0,110386.0,,,,,,,,,355000.0,210000.0,143000.0,102000.0,247873279.0,130757762.0,73402939.0,34498583.0,3–8
End Of The World — Miley Cyrus,End Of The World,Miley Cyrus,[],,,2025-04-19,52,52,4,,,,,,,,,,,,,,,,,,,,,,,,,,,,3–8
Chest Pain (I Love) — Malcolm Todd,Chest Pain (I Love),Malcolm Todd,['Alternative'],3.3471166666666665,2024-12-04,2025-04-19,68,68,3,58900.0,19499727.0,334700.0,331.0,15500000.0,113261.0,1.0,69079.0,31622.0,21631.0,7824.0,76400.0,40400.0,37300.0,27400.0,4700000.0,2000000.0,1500000.0,1000000.0,44200.0,12900.0,7700.0,2900.0,18874698.0,8650950.0,4669751.0,1718392.0,3–8
Back To Me — The Marias,Back To Me,The Marias,[],,,2025-04-19,86,86,1,,,,,,,,,,,,,,,,,,,,,,,,,,,,1–2
Undressed — sombr,Undressed,sombr,"['Indie Rock', 'Alternative']",3.0348166666666665,2025-03-21,2025-04-19,96,25,19,50200.0,34007926.0,684500.0,423.0,46200000.0,188736.0,20.0,61851.0,56040.0,41674.0,28979.0,288000.0,220900.0,165300.0,133100.0,29500000.0,22100000.0,16200000.0,11100000.0,32600.0,22900.0,13600.0,7000.0,28698226.0,20285038.0,10666648.0,4352332.0,17–32
Blue Strips — Jessie Murph,Blue Strips,Jessie Murph,['Pop'],2.4534833333333332,2025-06-06,2025-04-26,81,15,14,967000.0,513948588.0,11100000.0,1978.0,295400000.0,1579717.0,37.0,260958.0,163268.0,128952.0,65418.0,900000.0,600000.0,600000.0,300000.0,48100000.0,28100000.0,25400000.0,11700000.0,213000.0,99000.0,61000.0,27000.0,228880524.0,116525961.0,67453927.0,26088173.0,9–16
"Henry, Come On — Lana Del Rey","Henry, Come On",Lana Del Rey,['Alternative'],5.1878166666666665,2025-04-11,2025-04-26,90,90,1,17100000.0,9509556646.0,5800000.0,2.0,2700000.0,,,,,,,1100000.0,500000.0,200000.0,100000.0,1500000.0,600000.0,200000.0,100000.0,1700000.0,800000.0,400000.0,200000.0,1512374417.0,744720638.0,380429192.0,97187845.0,1–2
Hands Of Time — Eric Church,Hands Of Time,Eric Church,['Country'],3.5495833333333335,2025-05-02,2025-04-26,94,70,4,890000.0,1288631766.0,242600.0,145.0,1300000.0,1435184.0,730.0,83255.0,25296.0,14833.0,7790.0,,32900.0,18800.0,6700.0,,333000.0,200000.0,100000.0,37000.0,18000.0,10000.0,3000.0,114228444.0,53286025.0,28196971.0,0.0,3–8
Not At This Party — Dasha,Not At This Party,Dasha,['Country'],3.01515,2025-04-11,2025-04-26,97,97,1,157000.0,168135374.0,,,,335748.0,318.0,203240.0,56438.0,21117.0,8788.0,,,,,,,,,129400.0,42000.0,21000.0,7000.0,157639636.0,66545359.0,33128287.0,13343890.0,1–2
Whiskey Drink — Jason Aldean,Whiskey Drink,Jason Aldean,['Country'],3.1733333333333333,2023-11-03,2025-04-26,98,77,8,2800000.0,2400861499.0,890700.0,100.0,3400000.0,4428019.0,1353.0,435835.0,368189.0,106975.0,10709.0,,300900.0,52900.0,18200.0,,1300000.0,400000.0,300000.0,410000.0,350000.0,70000.0,10000.0,371743657.0,199984745.0,115138360.0,48589706.0,3–8
Happen To Me — Russell Dickerson,Happen To Me,Russell Dickerson,['Country'],3.06025,2025-02-21,2025-05-03,71,39,17,239000.0,284806587.0,317600.0,740.0,4100000.0,483539.0,3861.0,17801.0,9493.0,7991.0,9056.0,50000.0,42700.0,36533.333333333314,36100.0,900000.0,700000.0,500000.0,500000.0,11000.0,5000.0,2000.0,1000.0,32649795.0,13998905.0,5653639.0,2821989.0,17–32
Your Way's Better — Forrest Frank,Your Way's Better,Forrest Frank,['Christian'],3.3013666666666666,2024-10-24,2025-05-03,72,61,17,845000.0,202380413.0,791600.0,138.0,14600000.0,3219566.0,182.0,2550148.0,733034.0,522264.0,111352.0,502600.0,280000.0,172600.0,55100.0,6600000.0,4200000.0,2400000.0,800000.0,686000.0,309000.0,144000.0,33000.0,171832214.0,106820745.0,54469690.0,15411229.0,17–32
Steve's Lava Chicken — Jack Black,Steve's Lava Chicken,Jack Black,"['Soundtrack', 'Pop']",0.5733333333333334,2025-03-28,2025-05-03,78,78,3,,,18600000.0,70.0,113600000.0,14205814.0,736.0,378220.0,-184710.0,-27381.0,32408.0,0.0,-100000.0,0.0,0.0,2300000.0,400000.0,300000.0,100000.0,,,,,,,,,3–8
Headphones On — Addison Rae,Headphones On,Addison Rae,['Pop'],4.005133333333333,2025-04-18,2025-05-03,87,87,1,4270000.0,109847750.0,88400000.0,330.0,5200000000.0,34061946.0,157.0,-1660587.0,-476279.0,-196788.0,-84826.0,-300000.0,-300000.0,-100000.0,0.0,-600000000.0,-400000000.0,0.0,0.0,40000.0,60000.0,30000.0,10000.0,70615259.0,53960699.0,23731863.0,6117147.0,1–2
Forever To Me — Cole Swindell,Forever To Me,Cole Swindell,['Country'],2.99445,2024-04-12,2025-05-03,91,91,1,769000.0,751277991.0,682000.0,183.0,3000000.0,1589814.0,1847.0,60164.0,4060.0,2922.0,2668.0,25400.0,6700.0,1400.0,600.0,100000.0,0.0,0.0,0.0,39000.0,16000.0,8000.0,3000.0,96849656.0,44341314.0,22589054.0,7575306.0,1–2
Party 4 U — Charli xcx,Party 4 U,Charli xcx,['Pop'],4.944216666666667,2020-05-15,2025-05-03,95,55,17,,,,,,3644674.0,74.0,472948.0,68632.0,43062.0,30458.0,,,,,,,,,,,,,,,,,17–32
Actin Up — Tommy Richman,Actin Up,Tommy Richman,['Hip-Hop/Rap'],2.2294833333333335,2025-02-07,2025-05-03,96,96,1,552000.0,365281981.0,646400.0,170.0,22700000.0,325793.0,8.0,300481.0,43189.0,40319.0,45627.0,,19100.0,10600.0,16300.0,,1900000.0,1300000.0,900000.0,547920.0,128000.0,40000.0,13000.0,364328614.0,169456495.0,65217143.0,21911197.0,1–2
House Again — Hudson Westbrook,House Again,Hudson Westbrook,['Country'],3.3715166666666665,2024-10-18,2025-05-03,98,64,17,4950.0,2490291.0,242700.0,,5300000.0,99618.0,89.0,,,31752.0,14341.0,,201700.0,85100.0,48900.0,,4889600.0,2700000.0,1400000.0,,,2680.0,1420.0,,,1575874.0,747668.0,17–32
What Was That — Lorde,What Was That,Lorde,['Pop'],3.4881,2025-04-24,2025-05-10,36,36,4,5060000.0,2560698856.0,448600.0,5.0,5100000.0,,,,,,,,,,,,,,,50000.0,40000.0,30000.0,20000.0,147324986.0,73363179.0,48283282.0,22870355.0,3–8
Mystical Magical — Benson Boone,Mystical Magical,Benson Boone,['Pop'],2.76245,2025-04-24,2025-05-10,40,17,16,4640000.0,2239223916.0,8600000.0,107.0,302900000.0,5749921.0,118.0,2894503.0,2286917.0,2167351.0,732925.0,1700000.0,1400000.0,1400000.0,800000.0,28100000.0,20900000.0,20500000.0,14700000.0,2270000.0,980000.0,690000.0,210000.0,1338088711.0,670671884.0,397149780.0,123274317.0,9–16
Damocles — Sleep Token,Damocles,Sleep Token,"['Metal', 'Rock']",4.41395,2025-04-25,2025-05-10,47,47,2,885000.0,485274518.0,426000.0,14.0,1500000.0,1119742.0,78.0,447743.0,267600.0,178817.0,59906.0,,,,,,,,,403000.0,257000.0,192000.0,94000.0,261011702.0,142290331.0,86413650.0,38760602.0,1–2
After All The Bars Are Closed — Thomas Rhett,After All The Bars Are Closed,Thomas Rhett,[],,,2025-05-10,63,35,16,,,,,,,,,,,,,,,,,,,,,,,,,,,,9–16
My World — Chuckyy,My World,Chuckyy,['Hip-Hop/Rap'],2.6329833333333332,2025-04-24,2025-05-10,79,79,2,227000.0,104377651.0,,,,497486.0,19.0,,149637.0,96862.0,35791.0,,,,,,,,,211200.0,121000.0,67000.0,23000.0,101288397.0,63015854.0,33634355.0,10349133.0,1–2
"3,2,1 — Tucker Wetmore","3,2,1",Tucker Wetmore,['Country'],2.6388833333333332,2025-02-21,2025-05-10,97,97,1,90700.0,75481586.0,1300000.0,231.0,22500000.0,560248.0,207.0,471219.0,132921.0,61674.0,27041.0,706600.0,100000.0,100000.0,0.0,15900000.0,2400000.0,950000.0,400000.0,83410.0,30900.0,14400.0,4800.0,75368491.0,42683834.0,21401233.0,7927750.0,1–2
Ribs — Lorde,Ribs,Lorde,['Alternative'],4.31615,2013-09-27,2025-05-10,99,99,2,,,,,,,,,,,,,,,,,,,,,,,,,,,,1–2
Burning Blue — Mariah The Scientist,Burning Blue,Mariah the Scientist,['R&B/Soul'],3.4338,2025-04-25,2025-05-17,25,25,11,345000.0,283158755.0,446000.0,12.0,1800000.0,2903301.0,90.0,778923.0,529339.0,44986.0,27054.0,176900.0,135900.0,75200.0,54700.0,700000.0,600000.0,500000.0,500000.0,113000.0,78000.0,37000.0,12000.0,130146241.0,78133867.0,39658711.0,13019680.0,9–16
Thought It Was Love — Ty Myers,Thought It Was Love,Ty Myers,['Country'],4.102366666666667,2025-01-24,2025-05-17,79,79,8,21300.0,15017199.0,97000.0,,1000000.0,261237.0,262.0,,,128158.0,52563.0,,8900.0,0.0,0.0,,148300.0,0.0,0.0,,16310.0,10900.0,5200.0,,14342833.0,9438434.0,3633166.0,3–8
Old Phone — Ed Sheeran,Old Phone,Ed Sheeran,"['Pop', 'Singer/Songwriter']",3.6972,2025-05-03,2025-05-17,89,89,1,56300000.0,34229800273.0,17300000.0,267.0,240300000.0,48756391.0,2486.0,1111133.0,330991.0,309568.0,124333.0,2000000.0,1000000.0,400000.0,100000.0,64400000.0,27900000.0,18200000.0,4100000.0,1800000.0,1000000.0,500000.0,200000.0,2118394187.0,1137526739.0,466824500.0,0.0,1–2
Gnarly — KATSEYE,Gnarly,KATSEYE,['Pop'],2.2886,2025-04-30,2025-05-17,92,90,5,1400000.0,560979718.0,4200000.0,725.0,247400000.0,2696157.0,701.0,2473800.0,917681.0,207241.0,58158.0,3764200.0,1200000.0,350000.0,100000.0,232400000.0,109300000.0,27850000.0,5300000.0,1287000.0,557000.0,170000.0,50000.0,539444152.0,282079043.0,103315290.0,35794698.0,3–8
Me Prometi — Ivan Cornejo,Me Prometi,Ivan Cornejo,['Latin'],2.86315,2025-05-03,2025-05-17,95,95,1,1070000.0,763666757.0,3400000.0,129.0,46300000.0,2946705.0,37.0,1017378.0,348470.0,262945.0,227263.0,1100000.0,200000.0,100000.0,100000.0,19800000.0,3700000.0,2000000.0,800000.0,497000.0,221000.0,130000.0,70000.0,396884010.0,212257962.0,115737650.0,40659637.0,1–2
Superman — Morgan Wallen,Superman,Morgan Wallen,['Country'],3.1366833333333335,2025-05-16,2025-05-24,16,8,14,3450000.0,5601195693.0,5900000.0,85.0,39300000.0,8493660.0,717.0,1021633.0,417615.0,225462.0,103859.0,900000.0,400000.0,200000.0,100000.0,14800000.0,6530000.0,3500000.0,1600000.0,580000.0,230000.0,210000.0,80000.0,925580509.0,717914943.0,4841304552.0,168823153.0,9–16
Dangerous — Sleep Token,Dangerous,Sleep Token,"['Metal', 'Rock']",4.18955,2025-05-09,2025-05-24,56,56,1,919000.0,511116934.0,463500.0,16.0,1800000.0,1147682.0,81.0,452285.0,283945.0,199316.0,47894.0,,,,,,,,,425000.0,281000.0,217000.0,78000.0,279125958.0,160411031.0,103525120.0,45959557.0,1–2
Even In Arcadia — Sleep Token,Even In Arcadia,Sleep Token,"['Metal', 'Rock']",4.472816666666667,2025-05-09,2025-05-24,61,61,1,919000.0,511116934.0,463500.0,16.0,1800000.0,1147682.0,81.0,452285.0,283945.0,199316.0,47894.0,,,,,,,,,425000.0,281000.0,217000.0,78000.0,279125958.0,160411031.0,103525120.0,45959557.0,1–2
Look To Windward — Sleep Token,Look To Windward,Sleep Token,"['Metal', 'Rock']",7.7744,2025-05-09,2025-05-24,66,66,1,919000.0,511116934.0,463500.0,16.0,1800000.0,1147682.0,81.0,452285.0,283945.0,199316.0,47894.0,,,,,,,,,425000.0,281000.0,217000.0,78000.0,279125958.0,160411031.0,103525120.0,45959557.0,1–2
Past Self — Sleep Token,Past Self,Sleep Token,"['Metal', 'Rock']",3.5774833333333333,2025-05-09,2025-05-24,70,70,1,919000.0,511116934.0,463500.0,16.0,1800000.0,1147682.0,81.0,452285.0,283945.0,199316.0,47894.0,,,,,,,,,425000.0,281000.0,217000.0,78000.0,279125958.0,160411031.0,103525120.0,45959557.0,1–2
Marlboro Rojo — Fuerza Regida,Marlboro Rojo,Fuerza Regida,"['Música Mexicana', 'Latin']",3.0695666666666668,2025-05-02,2025-05-24,74,64,13,5030000.0,7272193320.0,6200000.0,24.0,135900000.0,8814608.0,40.0,1746031.0,778468.0,312120.0,78421.0,2200000.0,732558.1395348841,200000.0,0.0,71800000.0,27827906.97674419,8500000.0,1600000.0,1350000.0,730000.0,400000.0,150000.0,2711160578.0,1343377119.0,631376440.0,220109806.0,9–16
Gethsemane — Sleep Token,Gethsemane,Sleep Token,"['Metal', 'Rock']",6.39,2025-05-09,2025-05-24,75,75,1,919000.0,511116934.0,463500.0,16.0,1800000.0,1147682.0,81.0,452285.0,283945.0,199316.0,47894.0,,,,,,,,,425000.0,281000.0,217000.0,78000.0,279125958.0,160411031.0,103525120.0,45959557.0,1–2
Provider — Sleep Token,Provider,Sleep Token,"['Metal', 'Rock']",6.0984,2025-05-09,2025-05-24,77,77,1,919000.0,511116934.0,463500.0,16.0,1800000.0,1147682.0,81.0,452285.0,283945.0,199316.0,47894.0,,,,,,,,,425000.0,281000.0,217000.0,78000.0,279125958.0,160411031.0,103525120.0,45959557.0,1–2
Infinite Baths — Sleep Token,Infinite Baths,Sleep Token,"['Metal', 'Rock']",8.38765,2025-05-09,2025-05-24,100,100,1,919000.0,511116934.0,463500.0,16.0,1800000.0,1147682.0,81.0,452285.0,283945.0,199316.0,47894.0,,,,,,,,,425000.0,281000.0,217000.0,78000.0,279125958.0,160411031.0,103525120.0,45959557.0,1–2
I Got Better — Morgan Wallen,I Got Better,Morgan Wallen,['Country'],3.4160666666666666,2025-05-16,2025-05-31,7,7,13,3450000.0,5601195693.0,5900000.0,85.0,39300000.0,8493660.0,717.0,1021633.0,417615.0,225462.0,103859.0,900000.0,400000.0,200000.0,100000.0,14800000.0,6530000.0,3500000.0,1600000.0,580000.0,230000.0,210000.0,80000.0,925580509.0,717914943.0,4841304552.0,168823153.0,9–16
20 Cigarettes — Morgan Wallen,20 Cigarettes,Morgan Wallen,['Country'],2.6817,2025-05-16,2025-05-31,20,20,13,3450000.0,5601195693.0,5900000.0,85.0,39300000.0,8493660.0,717.0,1021633.0,417615.0,225462.0,103859.0,900000.0,400000.0,200000.0,100000.0,14800000.0,6530000.0,3500000.0,1600000.0,580000.0,230000.0,210000.0,80000.0,925580509.0,717914943.0,4841304552.0,168823153.0,9–16
Kick Myself — Morgan Wallen,Kick Myself,Morgan Wallen,['Country'],2.65495,2025-05-16,2025-05-31,21,21,6,3450000.0,5601195693.0,5900000.0,85.0,39300000.0,8493660.0,717.0,1021633.0,417615.0,225462.0,103859.0,900000.0,400000.0,200000.0,100000.0,14800000.0,6530000.0,3500000.0,1600000.0,580000.0,230000.0,210000.0,80000.0,925580509.0,717914943.0,4841304552.0,168823153.0,3–8
Eyes Are Closed — Morgan Wallen,Eyes Are Closed,Morgan Wallen,['Country'],3.2864833333333334,2025-05-16,2025-05-31,22,22,7,3450000.0,5601195693.0,5900000.0,85.0,39300000.0,8493660.0,717.0,1021633.0,417615.0,225462.0,103859.0,900000.0,400000.0,200000.0,100000.0,14800000.0,6530000.0,3500000.0,1600000.0,580000.0,230000.0,210000.0,80000.0,925580509.0,717914943.0,4841304552.0,168823153.0,3–8
Falling Apart — Morgan Wallen,Falling Apart,Morgan Wallen,['Country'],3.3153333333333332,2025-05-16,2025-05-31,25,25,5,3450000.0,5601195693.0,5900000.0,85.0,39300000.0,8493660.0,717.0,1021633.0,417615.0,225462.0,103859.0,900000.0,400000.0,200000.0,100000.0,14800000.0,6530000.0,3500000.0,1600000.0,580000.0,230000.0,210000.0,80000.0,925580509.0,717914943.0,4841304552.0,168823153.0,3–8
"Skoal, Chevy, And Browning — Morgan Wallen","Skoal, Chevy, And Browning",Morgan Wallen,[],,,2025-05-31,29,29,5,,,,,,,,,,,,,,,,,,,,,,,,,,,,3–8
TN — Morgan Wallen,TN,Morgan Wallen,['Country'],3.0856333333333335,2025-05-16,2025-05-31,31,31,13,3450000.0,5601195693.0,5900000.0,85.0,39300000.0,8493660.0,717.0,1021633.0,417615.0,225462.0,103859.0,900000.0,400000.0,200000.0,100000.0,14800000.0,6530000.0,3500000.0,1600000.0,580000.0,230000.0,210000.0,80000.0,925580509.0,717914943.0,4841304552.0,168823153.0,9–16
Where'd That Girl Go — Morgan Wallen,Where'd That Girl Go,Morgan Wallen,['Country'],2.5204833333333334,2025-05-16,2025-05-31,32,32,6,3450000.0,5601195693.0,5900000.0,85.0,39300000.0,8493660.0,717.0,1021633.0,417615.0,225462.0,103859.0,900000.0,400000.0,200000.0,100000.0,14800000.0,6530000.0,3500000.0,1600000.0,580000.0,230000.0,210000.0,80000.0,925580509.0,717914943.0,4841304552.0,168823153.0,3–8
Kiss Her In Front Of You — Morgan Wallen,Kiss Her In Front Of You,Morgan Wallen,[],,,2025-05-31,34,34,6,,,,,,,,,,,,,,,,,,,,,,,,,,,,3–8
If You Were Mine — Morgan Wallen,If You Were Mine,Morgan Wallen,[],,,2025-05-31,41,41,5,,,,,,,,,,,,,,,,,,,,,,,,,,,,3–8
Missing — Morgan Wallen,Missing,Morgan Wallen,['Country'],3.0418666666666665,2025-05-16,2025-05-31,42,42,4,3450000.0,5601195693.0,5900000.0,85.0,39300000.0,8493660.0,717.0,1021633.0,417615.0,225462.0,103859.0,900000.0,400000.0,200000.0,100000.0,14800000.0,6530000.0,3500000.0,1600000.0,580000.0,230000.0,210000.0,80000.0,925580509.0,717914943.0,4841304552.0,168823153.0,3–8
Genesis — Morgan Wallen,Genesis,Morgan Wallen,['Country'],3.25815,2025-05-16,2025-05-31,46,46,3,3450000.0,5601195693.0,5900000.0,85.0,39300000.0,8493660.0,717.0,1021633.0,417615.0,225462.0,103859.0,900000.0,400000.0,200000.0,100000.0,14800000.0,6530000.0,3500000.0,1600000.0,580000.0,230000.0,210000.0,80000.0,925580509.0,717914943.0,4841304552.0,168823153.0,3–8
Don't We — Morgan Wallen,Don't We,Morgan Wallen,['Country'],3.1907,2025-05-16,2025-05-31,48,48,5,3450000.0,5601195693.0,5900000.0,85.0,39300000.0,8493660.0,717.0,1021633.0,417615.0,225462.0,103859.0,900000.0,400000.0,200000.0,100000.0,14800000.0,6530000.0,3500000.0,1600000.0,580000.0,230000.0,210000.0,80000.0,925580509.0,717914943.0,4841304552.0,168823153.0,3–8
Dark Til Daylight — Morgan Wallen,Dark Til Daylight,Morgan Wallen,[],,,2025-05-31,50,49,8,,,,,,,,,,,,,,,,,,,,,,,,,,,,3–8
Interlude — Morgan Wallen,Interlude,Morgan Wallen,['Country'],0.73335,2025-05-16,2025-05-31,51,51,3,3450000.0,5601195693.0,5900000.0,85.0,39300000.0,8493660.0,717.0,1021633.0,417615.0,225462.0,103859.0,900000.0,400000.0,200000.0,100000.0,14800000.0,6530000.0,3500000.0,1600000.0,580000.0,230000.0,210000.0,80000.0,925580509.0,717914943.0,4841304552.0,168823153.0,3–8
Revelation — Morgan Wallen,Revelation,Morgan Wallen,['Country'],3.492,2025-05-16,2025-05-31,54,54,3,3450000.0,5601195693.0,5900000.0,85.0,39300000.0,8493660.0,717.0,1021633.0,417615.0,225462.0,103859.0,900000.0,400000.0,200000.0,100000.0,14800000.0,6530000.0,3500000.0,1600000.0,580000.0,230000.0,210000.0,80000.0,925580509.0,717914943.0,4841304552.0,168823153.0,3–8
Jack And Jill — Morgan Wallen,Jack And Jill,Morgan Wallen,['Country'],3.669333333333334,2025-05-16,2025-05-31,60,60,3,3450000.0,5601195693.0,5900000.0,85.0,39300000.0,8493660.0,717.0,1021633.0,417615.0,225462.0,103859.0,900000.0,400000.0,200000.0,100000.0,14800000.0,6530000.0,3500000.0,1600000.0,580000.0,230000.0,210000.0,80000.0,925580509.0,717914943.0,4841304552.0,168823153.0,3–8
Miami — Morgan Wallen,Miami,Morgan Wallen,['Country'],3.6272,2025-07-25,2025-05-31,65,65,3,3630000.0,4194628396.0,6100000.0,93.0,41900000.0,8857865.0,732.0,1132571.0,680214.0,447176.0,168848.0,900000.0,500000.0,300000.0,100000.0,14900000.0,8000000.0,3800000.0,1100000.0,620000.0,290000.0,240000.0,70000.0,-300997391.0,-948348630.0,-1292525354.0,173248410.0,3–8
Leavin's The Least I Could Do — Morgan Wallen,Leavin's The Least I Could Do,Morgan Wallen,[],,,2025-05-31,70,70,2,,,,,,,,,,,,,,,,,,,,,,,,,,,,1–2
Drinking Til It Does — Morgan Wallen,Drinking Til It Does,Morgan Wallen,[],,,2025-05-31,72,72,2,,,,,,,,,,,,,,,,,,,,,,,,,,,,1–2
Nothin' Left — Morgan Wallen,Nothin' Left,Morgan Wallen,[],,,2025-05-31,73,73,1,,,,,,,,,,,,,,,,,,,,,,,,,,,,1–2
LA Night — Morgan Wallen,LA Night,Morgan Wallen,['Country'],2.730916666666667,2023-02-02,2025-05-31,79,79,2,1880000.0,2640455552.0,3500000.0,42.0,15000000.0,4718230.0,725.0,1452543.0,846670.0,515297.0,152992.0,900000.0,500000.0,200000.0,80000.0,5100000.0,3300000.0,1800000.0,880000.0,,,150000.0,50000.0,,,247924217.0,79935247.0,1–2
Whiskey In Reverse — Morgan Wallen,Whiskey In Reverse,Morgan Wallen,[],,,2025-05-31,83,83,1,,,,,,,,,,,,,,,,,,,,,,,,,,,,1–2
Working Man's Song — Morgan Wallen,Working Man's Song,Morgan Wallen,[],,,2025-05-31,84,84,1,,,,,,,,,,,,,,,,,,,,,,,,,,,,1–2
Crazy Eyes — Morgan Wallen,Crazy Eyes,Morgan Wallen,['Country'],3.304666666666667,2025-05-16,2025-05-31,88,88,1,3450000.0,5601195693.0,5900000.0,85.0,39300000.0,8493660.0,717.0,1021633.0,417615.0,225462.0,103859.0,900000.0,400000.0,200000.0,100000.0,14800000.0,6530000.0,3500000.0,1600000.0,580000.0,230000.0,210000.0,80000.0,925580509.0,717914943.0,4841304552.0,168823153.0,1–2
Don't Say You Love Me — Jin,Don't Say You Love Me,Jin,"['K-Pop', 'Pop']",3.011933333333334,2025-05-16,2025-05-31,90,90,1,,,,,,50063398.0,181.0,1738527.0,531623.0,167687.0,89561.0,,,,,,,,,,,,,,,,,1–2
Cliche — mgk,Cliche,Machine Gun Kelly,"['Singer/Songwriter', 'Contemporary Singer/Songwriter', 'Rock', 'Adult Alternative']",6.247116666666667,2012-09-07,2025-06-07,62,62,4,,,,,,,,,,,,,,,,,,,,,,,,,,,,3–8
Latina Foreva — Karol G,Latina Foreva,Karol G,['Latin'],2.658716666666667,2025-05-22,2025-06-07,74,66,5,39500000.0,28893526784.0,54500000.0,143.0,477900000.0,70500667.0,3354.0,1187045.0,56214.0,190662.0,298340.0,2000000.0,-300000.0,-400000.0,-100000.0,47900000.0,6500000.0,2900000.0,1100000.0,3100000.0,1200000.0,500000.0,200000.0,5254863408.0,2419639884.0,1043239897.0,292256352.0,3–8
Somewhere Over Laredo — Lainey Wilson,Somewhere Over Laredo,Lainey Wilson,['Country'],3.7666666666666666,2025-08-22,2025-06-07,88,81,6,704000.0,571574511.0,3600000.0,1186.0,46000000.0,3424249.0,3523.0,712123.0,270986.0,133341.0,40357.0,1000000.0,200000.0,100000.0,100000.0,18200000.0,4200000.0,2000000.0,800000.0,193000.0,83000.0,37000.0,10000.0,203211880.0,100226156.0,50312053.0,16923591.0,3–8
Just Keep Watching — Tate McRae,Just Keep Watching,Tate McRae,['Pop'],2.37585,2025-05-29,2025-06-14,33,33,11,6090000.0,2369762662.0,12500000.0,1128.0,475800000.0,6881468.0,368.0,2869283.0,1821345.0,1060495.0,257005.0,5500000.0,4400000.0,900000.0,100000.0,178400000.0,101600000.0,57100000.0,12000000.0,690000.0,410000.0,220000.0,50000.0,688078234.0,386137455.0,236226516.0,62689554.0,9–16
OWA OWA — Lil Tecca,OWA OWA,Lil Tecca,['Hip-Hop/Rap'],2.20635,2025-05-30,2025-06-14,50,50,5,3010000.0,1104874767.0,3000000.0,5.0,41000000.0,5423430.0,6.0,256087.0,42937.0,57161.0,325.0,200000.0,100000.0,100000.0,0.0,1000000.0,900000.0,900000.0,700000.0,500000.0,330000.0,220000.0,50000.0,273445955.0,165213229.0,93985465.0,25662850.0,3–8
Tu Sancho — Fuerza Regida,Tu Sancho,Fuerza Regida,"['Música Mexicana', 'Latin']",2.9665833333333333,2025-05-02,2025-06-14,81,65,8,5030000.0,7272193320.0,6200000.0,24.0,135900000.0,8814608.0,40.0,1746031.0,778468.0,312120.0,78421.0,2200000.0,732558.1395348841,200000.0,0.0,71800000.0,27827906.97674419,8500000.0,1600000.0,1350000.0,730000.0,400000.0,150000.0,2711160578.0,1343377119.0,631376440.0,220109806.0,3–8
Easy Lover — Miley Cyrus,Easy Lover,Miley Cyrus,['Pop'],3.1106666666666665,2025-05-30,2025-06-14,82,82,1,19700000.0,9981308541.0,18600000.0,346.0,194100000.0,212687544.0,1367.0,-3780062.0,-1458140.0,-590145.0,-115725.0,-100000.0,0.0,100000.0,100000.0,-6900000.0,-8900000.0,4600000.0,3300000.0,500000.0,300000.0,200000.0,100000.0,1054284682.0,591485447.0,302498685.0,100462698.0,1–2
Fame Is A Gun — Addison Rae,Fame Is A Gun,Addison Rae,['Pop'],3.0539666666666667,2025-05-30,2025-06-14,94,73,3,4290000.0,122436433.0,88300000.0,347.0,5200000000.0,34006272.0,184.0,-1320661.0,-436834.0,-231047.0,-73999.0,-500000.0,-400000.0,-200000.0,-100000.0,-600000000.0,0.0,0.0,0.0,70000.0,50000.0,30000.0,10000.0,82804953.0,48820199.0,24232808.0,6240446.0,3–8
Better Me For You (Brown Eyes) — Max McNown,Better Me For You (Brown Eyes),Max McNown,['Country'],3.235333333333333,2024-11-14,2025-06-14,98,50,9,85400.0,26754435.0,1900000.0,,22900000.0,1153896.0,243.0,1136693.0,1068584.0,1064269.0,319081.0,1182600.0,1131800.0,1108300.0,100000.0,12500000.0,10900000.0,10200000.0,1500000.0,78690.0,71800.0,68900.0,27600.0,26194569.0,21529388.0,18332023.0,7666038.0,9–16
Nice To Meet You — Myles Smith,Nice To Meet You,Myles Smith,['Singer/Songwriter'],2.933333333333333,2024-11-08,2025-06-14,100,82,10,165000.0,150569683.0,1500000.0,598.0,32500000.0,1415679.0,99.0,1083648.0,306183.0,144614.0,37954.0,778500.0,400000.0,200000.0,100000.0,19500000.0,10200000.0,4600000.0,2500000.0,153500.0,105600.0,45000.0,15000.0,150408289.0,131605019.0,70671254.0,22223552.0,9–16
Manchild — Sabrina Carpenter,Manchild,Sabrina Carpenter,['Pop'],3.560766666666667,2025-06-05,2025-06-21,1,1,10,11400000.0,4520921950.0,35000000.0,226.0,439300000.0,47441443.0,364.0,12449110.0,4635362.0,2238232.0,694902.0,18600000.0,1200000.0,700000.0,0.0,187400000.0,48100000.0,22300000.0,3900000.0,3880000.0,1300000.0,500000.0,100000.0,2509319004.0,1080876601.0,487763343.0,138463109.0,9–16
Typa — GloRilla,Typa,GloRilla,['Hip-Hop/Rap'],2.068966666666667,2025-06-05,2025-06-21,42,42,5,2100000.0,1496110626.0,3400000.0,190.0,22900000.0,7059163.0,154.0,2293094.0,1059220.0,351350.0,46227.0,1400000.0,400000.0,200000.0,100000.0,9800000.0,2700000.0,700000.0,300000.0,990000.0,430000.0,160000.0,50000.0,900809665.0,424069045.0,187752351.0,55123884.0,3–8
Touch Me Like A Gangster — Jessie Murph,Touch Me Like A Gangster,Jessie Murph,['Pop'],2.732166666666666,2025-06-06,2025-06-21,56,56,4,967000.0,513948588.0,11100000.0,1978.0,295400000.0,1579717.0,37.0,260958.0,163268.0,128952.0,65418.0,900000.0,600000.0,600000.0,300000.0,48100000.0,28100000.0,25400000.0,11700000.0,213000.0,99000.0,61000.0,27000.0,228880524.0,116525961.0,67453927.0,26088173.0,3–8
Banned From NO — Lil Wayne,Banned From NO,Lil Wayne,[],,,2025-06-21,61,61,1,,,,,,,,,,,,,,,,,,,,,,,,,,,,1–2
Welcome To Tha Carter — Lil Wayne,Welcome To Tha Carter,Lil Wayne,[],,,2025-06-21,62,62,1,,,,,,,,,,,,,,,,,,,,,,,,,,,,1–2
Bells — Lil Wayne,Bells,Lil Wayne,['Hip-Hop/Rap'],3.4082333333333334,2025-06-06,2025-06-21,65,65,1,13700000.0,8102813632.0,3700000.0,126.0,23800000.0,19335122.0,320.0,449467.0,315222.0,215552.0,73816.0,600000.0,400000.0,300000.0,200000.0,3400000.0,2500000.0,2100000.0,1800000.0,900000.0,500000.0,300000.0,100000.0,1093867440.0,577118373.0,262203832.0,81129556.0,1–2
Sapphire — Ed Sheeran,Sapphire,Ed Sheeran,"['Pop', 'Singer/Songwriter']",2.9847,2025-03-19,2025-06-21,74,74,3,56000000.0,34100963094.0,17000000.0,254.0,226600000.0,48577308.0,,1076439.0,588286.0,73111.0,-21888.0,1900000.0,900000.0,500000.0,0.0,54400000.0,19900000.0,6600000.0,3500000.0,1700000.0,900000.0,400000.0,100000.0,2312316494.0,1008689560.0,676841827.0,337987321.0,3–8
Type Dangerous — Mariah Carey,Type Dangerous,Mariah Carey,"['Pop', 'R&B/Soul']",2.9298,2025-06-06,2025-06-21,95,95,1,12000000.0,10162067708.0,11100000.0,160.0,103700000.0,14249463.0,2966.0,817240.0,287898.0,141265.0,44263.0,1400000.0,600000.0,0.0,0.0,20600000.0,4600000.0,2300000.0,600000.0,1200000.0,600000.0,100000.0,0.0,1430753748.0,786016114.0,289881504.0,101805831.0,1–2
King Carter — Lil Wayne,King Carter,Lil Wayne,['Hip-Hop/Rap'],1.8012333333333332,2025-06-06,2025-06-21,97,97,1,13700000.0,8102813632.0,3700000.0,126.0,23800000.0,19335122.0,320.0,449467.0,315222.0,215552.0,73816.0,600000.0,400000.0,300000.0,200000.0,3400000.0,2500000.0,2100000.0,1800000.0,900000.0,500000.0,300000.0,100000.0,1093867440.0,577118373.0,262203832.0,81129556.0,1–2
Lemon Drop — ATEEZ,Lemon Drop,ATEEZ,"['K-Pop', 'Pop']",2.9899333333333336,2025-06-13,2025-06-28,69,69,1,4470000.0,1192471917.0,8200000.0,910.0,343100000.0,10615587.0,3847.0,1170554.0,683105.0,202534.0,31286.0,1900000.0,1200000.0,400000.0,0.0,141700000.0,80800000.0,23500000.0,6600000.0,560000.0,310000.0,120000.0,40000.0,251474786.0,213707862.0,85067478.0,24167128.0,1–2
Won't Stop — Gunna,Won't Stop,Gunna,['Hip-Hop/Rap'],3.02555,2025-06-13,2025-06-28,70,70,1,3150000.0,2574839830.0,2200000.0,56.0,26000000.0,5389275.0,67.0,519894.0,239508.0,79298.0,30210.0,300000.0,0.0,0.0,0.0,3400000.0,1000000.0,200000.0,100000.0,440000.0,210000.0,90000.0,30000.0,637112065.0,308816141.0,130464657.0,26163988.0,1–2
Folded — Kehlani,Folded,Kehlani,"['Contemporary R&B', 'R&B/Soul']",3.9686666666666666,2025-06-11,2025-06-28,76,42,9,4170000.0,2279105621.0,6500000.0,,33600000.0,16110357.0,125.0,390937.0,224320.0,189402.0,46425.0,700000.0,-24074.074074073695,0.0,0.0,400000.0,196296.2962962948,0.0,0.0,270000.0,100000.0,50000.0,20000.0,230227828.0,102058744.0,57681352.0,0.0,9–16
Half The Plot — Lil Tecca,Half The Plot,Lil Tecca,[],,,2025-06-28,78,78,1,,,,,,,,,,,,,,,,,,,,,,,,,,,,1–2
Holy Blindfold — Chris Brown,Holy Blindfold,Chris Brown,['R&B/Soul'],2.84,2025-06-06,2025-06-28,89,89,1,28400000.0,19560344444.0,10800000.0,83.0,50700000.0,144265351.0,7787.0,-709654.0,-234538.0,-260364.0,-165955.0,2200000.0,1300000.0,500000.0,300000.0,23400000.0,13700000.0,6700000.0,4500000.0,1700000.0,900000.0,400000.0,100000.0,2358288063.0,1278338795.0,716894481.0,195708832.0,1–2
Sparks — Coldplay,Sparks,Coldplay,"['Alternative', 'Pop', 'Britpop', 'Rock', 'Adult Alternative', 'Indie Rock']",3.7849,2000-07-10,2025-06-28,93,79,5,,,,,,,,,,,,,,,,,,,,,,,,,,,,3–8
Single Again — Josh Ross,Single Again,Josh Ross,['Country'],2.984183333333333,2024-01-12,2025-06-28,97,73,5,28600.0,17751775.0,380400.0,486.0,5200000.0,75640.0,420.0,50719.0,27290.0,15907.0,4495.0,,77600.0,19800.0,10600.0,,1700000.0,500000.0,300000.0,21190.0,8000.0,3100.0,1200.0,16070695.0,9258471.0,4652931.0,1600972.0,3–8
Outside — Cardi B,Outside,Cardi B,['Hip-Hop/Rap'],3.4451833333333335,2025-06-20,2025-07-05,10,10,8,19700000.0,8792062533.0,27900000.0,225.0,274500000.0,163609705.0,1813.0,-3514053.0,-1246079.0,-419867.0,-166402.0,1600000.0,900000.0,500000.0,200000.0,34700000.0,19900000.0,8400000.0,3100000.0,300000.0,100000.0,0.0,0.0,544842345.0,291975745.0,119857146.0,87277395.0,3–8
6 Months Later — Megan Moroney,6 Months Later,Megan Moroney,['Country'],3.047816666666667,2025-06-20,2025-07-05,30,30,8,246000.0,187561232.0,1800000.0,,57300000.0,2113867.0,670.0,1018780.0,520852.0,302744.0,132124.0,600000.0,0.0,0.0,0.0,26300000.0,1700000.0,0.0,0.0,126000.0,74000.0,47000.0,20000.0,110797024.0,59744021.0,34393341.0,13834391.0,3–8
Mr Electric Blue — Benson Boone,Mr Electric Blue,Benson Boone,['Pop'],3.172,2025-04-25,2025-07-05,73,73,1,4650000.0,2239223916.0,8600000.0,110.0,303300000.0,5767508.0,118.0,2903463.0,2302933.0,2183479.0,742835.0,1700000.0,1400000.0,1400000.0,800000.0,28400000.0,21300000.0,20900000.0,15000000.0,2260000.0,990000.0,700000.0,220000.0,1338088711.0,670671884.0,397149780.0,123274317.0,1–2
Papasito — Karol G,Papasito,Karol G,['Latin'],2.78635,2025-06-19,2025-07-05,74,74,1,39700000.0,29187670201.0,54500000.0,144.0,476900000.0,70514128.0,3363.0,1071660.0,-22767.0,268552.0,45126.0,1800000.0,-300000.0,-300000.0,0.0,43900000.0,3900000.0,1200000.0,-900000.0,3200000.0,1100000.0,500000.0,200000.0,5061437608.0,2174336945.0,1051650412.0,294143417.0,1–2
This Heart — Corey Kent,This Heart,Corey Kent,['Country'],3.116216666666667,2024-01-26,2025-07-05,82,82,3,54800.0,62470331.0,469000.0,1117.0,4500000.0,165622.0,1264.0,64167.0,38875.0,13288.0,4427.0,,144900.0,25400.0,18000.0,,1800000.0,500000.0,200000.0,30000.0,13000.0,5800.0,2300.0,47595440.0,24297036.0,13190534.0,5471309.0,3–8
Gabriela — KATSEYE,Gabriela,KATSEYE,['Pop'],3.2871166666666665,2025-06-26,2025-07-05,94,76,4,2390000.0,1052617902.0,6900000.0,825.0,364200000.0,4034746.0,806.0,3792011.0,1739330.0,1404387.0,715677.0,6424000.0,3300000.0,2800000.0,1500000.0,347100000.0,156700000.0,122600000.0,63300000.0,2256000.0,1280000.0,1050000.0,590000.0,1025767713.0,655843575.0,529084750.0,268248172.0,3–8
How It's Done — HUNTR/X,How It's Done,HUNTR/X,"['K-Pop', 'Pop']",2.9343166666666667,2025-06-19,2025-07-12,42,42,1,,,,,,,,,,,,,,,,,,,,,,,,,,,,1–2
Soda Pop — Saja Boys,Soda Pop,Saja Boys,"['K-Pop', 'Pop']",2.511433333333333,2025-06-19,2025-07-12,49,49,1,,,,,,,,,,,,,,,,,,,,,,,,,,,,1–2
What It Sounds Like — HUNTR/X,What It Sounds Like,HUNTR/X,"['K-Pop', 'Pop']",4.17115,2025-06-19,2025-07-12,55,55,1,,,,,,,,,,,,,,,,,,,,,,,,,,,,1–2
Takedown — HUNTR/X,Takedown,HUNTR/X,"['K-Pop', 'Pop']",3.033616666666666,2025-06-20,2025-07-12,64,64,1,,,,,,,,,,,,,,,,,,,,,,,,,,,,1–2
FWU — Don Toliver,FWU,Don Toliver,['Hip-Hop/Rap'],2.85,2025-06-12,2025-07-12,82,82,1,2410000.0,1690804631.0,1500000.0,148.0,13500000.0,4077863.0,127.0,780740.0,331745.0,114507.0,49621.0,300000.0,200000.0,100000.0,0.0,3100000.0,2100000.0,200000.0,100000.0,490000.0,260000.0,110000.0,30000.0,540531134.0,271733893.0,142325483.0,27672399.0,1–2
Went West — BabyChiefDoit,Went West,BabyChiefDoit,['Hip-Hop/Rap'],2.6014,2025-06-27,2025-07-12,89,71,2,278000.0,88648080.0,29300.0,,121900.0,394173.0,26.0,383777.0,105518.0,42039.0,22156.0,,0.0,0.0,0.0,,0.0,0.0,0.0,277301.0,106000.0,48000.0,12000.0,88609890.0,44867454.0,29032980.0,6555272.0,1–2
Went Legit — G Herbo,Went Legit,G Herbo,"['Rap', 'Hip-Hop/Rap']",2.341466666666667,2025-01-11,2025-07-12,95,81,6,1690000.0,1271852373.0,,,,7885538.0,82.0,-119705.0,-138854.0,-63850.0,-22044.0,,,,,,,,,110000.0,60000.0,30000.0,10000.0,146596787.0,75569843.0,38625934.0,12945768.0,3–8
Bar None — Jordan Davis,Bar None,Jordan Davis,['Country'],2.884416666666666,2025-03-28,2025-07-12,99,71,6,389000.0,692594258.0,423100.0,373.0,3300000.0,583867.0,1647.0,108552.0,43214.0,30437.0,5055.0,52200.0,34800.0,25900.0,5500.0,600000.0,300000.0,200000.0,0.0,45000.0,22000.0,12000.0,4000.0,146451021.0,68143162.0,35441525.0,14451926.0,3–8
What Did I Miss? — Drake,What Did I Miss?,Drake,['Hip-Hop/Rap'],3.2387333333333332,2025-07-05,2025-07-19,2,2,6,31100000.0,20184812891.0,,,,142285694.0,581.0,-3708802.0,-1502861.0,-782942.0,-215377.0,,,,,,,,,1100000.0,600000.0,300000.0,100000.0,2293748651.0,1180978345.0,604070906.0,200506051.0,3–8
River Washed Hair — Zach Bryan,River Washed Hair,Zach Bryan,['Country'],4.360033333333333,2025-07-02,2025-07-19,53,53,4,1500000.0,1863515531.0,3200000.0,,29000000.0,,,,,,,300000.0,15000.0,0.0,0.0,4000000.0,1055000.0,0.0,0.0,340000.0,130000.0,60000.0,20000.0,644666035.0,254506915.0,111497427.0,13448130.0,3–8
Illegal — PinkPantheress,Illegal,PinkPantheress,['Pop'],2.49445,2025-05-09,2025-07-19,96,96,1,,,3600000.0,95.0,40800000.0,2445780.0,23.0,274360.0,206481.0,208939.0,110628.0,600000.0,500000.0,400000.0,300000.0,9900000.0,7300000.0,6700000.0,3500000.0,,,,,,,,,1–2
Country House — Sam Hunt,Country House,Sam Hunt,['Country'],3.57155,2024-04-05,2025-07-19,98,98,1,1750000.0,1475206438.0,,,,3420431.0,206.0,254906.0,42371.0,15992.0,3781.0,,,,,,,,,30000.0,20000.0,10000.0,0.0,116835834.0,57782607.0,29183805.0,14632706.0,1–2
Daisies — Justin Bieber,Daisies,Justin Bieber,['Pop'],2.9408833333333333,2025-07-11,2025-07-26,2,2,5,75700000.0,35211787113.0,28700000.0,79.0,127800000.0,294415175.0,8005.0,582623.0,-538859.0,-248819.0,-221717.0,1300000.0,400000.0,100000.0,0.0,5200000.0,2200000.0,1000000.0,300000.0,2500000.0,1100000.0,600000.0,200000.0,2576898923.0,1235355477.0,696261223.0,350579706.0,3–8
Yukon — Justin Bieber,Yukon,Justin Bieber,['Pop'],2.731116666666667,2025-07-11,2025-07-26,17,17,5,75700000.0,35211787113.0,28700000.0,79.0,127800000.0,294415175.0,8005.0,582623.0,-538859.0,-248819.0,-221717.0,1300000.0,400000.0,100000.0,0.0,5200000.0,2200000.0,1000000.0,300000.0,2500000.0,1100000.0,600000.0,200000.0,2576898923.0,1235355477.0,696261223.0,350579706.0,3–8
Go Baby — Justin Bieber,Go Baby,Justin Bieber,['Pop'],3.246,2025-07-11,2025-07-26,18,18,3,75700000.0,35211787113.0,28700000.0,79.0,127800000.0,294415175.0,8005.0,582623.0,-538859.0,-248819.0,-221717.0,1300000.0,400000.0,100000.0,0.0,5200000.0,2200000.0,1000000.0,300000.0,2500000.0,1100000.0,600000.0,200000.0,2576898923.0,1235355477.0,696261223.0,350579706.0,3–8
All I Can Take — Justin Bieber,All I Can Take,Justin Bieber,[],,,2025-07-26,21,21,1,,,,,,,,,,,,,,,,,,,,,,,,,,,,1–2
Jump — BLACKPINK,Jump,BLACKPINK,"['K-Pop', 'Pop']",2.745316666666666,2025-07-11,2025-07-26,28,28,5,97500000.0,39157806906.0,50400000.0,280.0,629600000.0,58163459.0,2028.0,605697.0,851820.0,662484.0,576877.0,1500000.0,1100000.0,400000.0,300000.0,48500000.0,31100000.0,14200000.0,8200000.0,3300000.0,1900000.0,1200000.0,700000.0,3135846242.0,1654975306.0,775275341.0,389768837.0,3–8
Things You Do — Justin Bieber,Things You Do,Justin Bieber,[],,,2025-07-26,35,35,1,,,,,,,,,,,,,,,,,,,,,,,,,,,,1–2
Walking Away — Justin Bieber,Walking Away,Justin Bieber,['Pop'],4.066883333333333,2025-07-11,2025-07-26,37,37,2,75700000.0,35211787113.0,28700000.0,79.0,127800000.0,294415175.0,8005.0,582623.0,-538859.0,-248819.0,-221717.0,1300000.0,400000.0,100000.0,0.0,5200000.0,2200000.0,1000000.0,300000.0,2500000.0,1100000.0,600000.0,200000.0,2576898923.0,1235355477.0,696261223.0,350579706.0,1–2
Butterflies — Justin Bieber,Butterflies,Justin Bieber,['Pop'],3.225416666666667,2025-07-11,2025-07-26,49,49,1,75700000.0,35211787113.0,28700000.0,79.0,127800000.0,294415175.0,8005.0,582623.0,-538859.0,-248819.0,-221717.0,1300000.0,400000.0,100000.0,0.0,5200000.0,2200000.0,1000000.0,300000.0,2500000.0,1100000.0,600000.0,200000.0,2576898923.0,1235355477.0,696261223.0,350579706.0,1–2
Kick Out — Travis Scott,Kick Out,Travis Scott,['Hip-Hop/Rap'],2.8416333333333332,2025-07-10,2025-07-26,50,50,2,20100000.0,10967977009.0,2400000.0,3.0,2200000.0,59537708.0,3314.0,3451497.0,781411.0,659800.0,97667.0,1000000.0,300000.0,200000.0,0.0,800000.0,300000.0,200000.0,100000.0,1700000.0,700000.0,400000.0,100000.0,1501704151.0,698823261.0,329617147.0,111937305.0,1–2
Dumbo — Travis Scott,Dumbo,Travis Scott,['Hip-Hop/Rap'],3.970816666666667,2025-07-13,2025-07-26,54,54,2,20100000.0,10967977009.0,2400000.0,3.0,2200000.0,59542238.0,3318.0,3381253.0,790417.0,667298.0,95795.0,900000.0,300000.0,200000.0,0.0,800000.0,300000.0,200000.0,100000.0,1700000.0,700000.0,300000.0,100000.0,1501704151.0,698823261.0,329617147.0,111937305.0,1–2
First Place — Justin Bieber,First Place,Justin Bieber,['Pop'],3.34,2025-07-11,2025-07-26,59,59,1,75700000.0,35211787113.0,28700000.0,79.0,127800000.0,294415175.0,8005.0,582623.0,-538859.0,-248819.0,-221717.0,1300000.0,400000.0,100000.0,0.0,5200000.0,2200000.0,1000000.0,300000.0,2500000.0,1100000.0,600000.0,200000.0,2576898923.0,1235355477.0,696261223.0,350579706.0,1–2
So Be It — Clipse,So Be It,Clipse,['Hip-Hop/Rap'],3.2477833333333335,2025-07-11,2025-07-26,62,62,1,228000.0,105941124.0,,,,85017.0,29.0,,,,50157.0,,,,,,,,,,,,105000.0,,,,16265938.0,1–2
In Your Fantasy — ATEEZ,In Your Fantasy,ATEEZ,"['K-Pop', 'Pop']",3.2116333333333333,2025-07-11,2025-07-26,68,68,1,4520000.0,1259911482.0,8500000.0,955.0,360800000.0,10713567.0,3895.0,1111706.0,652138.0,200665.0,105686.0,2100000.0,1300000.0,500000.0,300000.0,151300000.0,85700000.0,30300000.0,20900000.0,560000.0,310000.0,120000.0,60000.0,287555537.0,238602927.0,127302599.0,67439565.0,1–2
Ace Trumpets — Clipse,Ace Trumpets,Clipse,['Hip-Hop/Rap'],2.5677833333333333,2025-05-30,2025-07-26,78,78,1,97500.0,88646566.0,,,,27926.0,4.0,,,,,,,,,,,,,,,,,,,,,1–2
Too Long — Justin Bieber,Too Long,Justin Bieber,['Pop'],3.076216666666667,2025-07-11,2025-07-26,79,79,1,75700000.0,35211787113.0,28700000.0,79.0,127800000.0,294415175.0,8005.0,582623.0,-538859.0,-248819.0,-221717.0,1300000.0,400000.0,100000.0,0.0,5200000.0,2200000.0,1000000.0,300000.0,2500000.0,1100000.0,600000.0,200000.0,2576898923.0,1235355477.0,696261223.0,350579706.0,1–2
Glory Voice Memo — Justin Bieber,Glory Voice Memo,Justin Bieber,[],,,2025-07-26,83,83,1,,,,,,,,,,,,,,,,,,,,,,,,,,,,1–2
405 — Justin Bieber,405,Justin Bieber,['Pop'],3.5493333333333332,2025-07-11,2025-07-26,86,86,1,75700000.0,35211787113.0,28700000.0,79.0,127800000.0,294415175.0,8005.0,582623.0,-538859.0,-248819.0,-221717.0,1300000.0,400000.0,100000.0,0.0,5200000.0,2200000.0,1000000.0,300000.0,2500000.0,1100000.0,600000.0,200000.0,2576898923.0,1235355477.0,696261223.0,350579706.0,1–2
M.T.B.T.T.F. — Clipse,M.T.B.T.T.F.,Clipse,['Hip-Hop/Rap'],2.600216666666667,2025-07-11,2025-07-26,95,95,1,228000.0,105941124.0,,,,85017.0,29.0,,,,50157.0,,,,,,,,,,,,105000.0,,,,16265938.0,1–2
Eternity — Alex Warren,Eternity,Alex Warren,['Pop'],3.1592333333333333,2025-07-18,2025-08-02,16,16,4,3430000.0,770112813.0,18800000.0,2.0,88.0,4485705.0,703.0,1934341.0,1828614.0,1100124.0,338259.0,2500000.0,2400000.0,1300000.0,300000.0,-999999912.0,-999999912.0,-1099999912.0,-1099999912.0,740000.0,660000.0,480000.0,190000.0,127616039.0,103898709.0,-53018964.0,115600075.0,3–8
"Sugar On My Tongue — Tyler, the Creator",Sugar On My Tongue,"Tyler, The Creator","['Rap', 'Hip-Hop/Rap']",2.55555,2025-07-21,2025-08-02,41,41,4,7530000.0,3324561165.0,,,,17081812.0,133.0,2582347.0,590384.0,213439.0,159276.0,,,,,,,,,2190000.0,700000.0,230000.0,90000.0,1076647675.0,512666772.0,203211120.0,68204300.0,3–8
"Ring Ring Ring — Tyler, the Creator",Ring Ring Ring,"Tyler, The Creator","['Rap', 'Hip-Hop/Rap']",3.3644833333333333,2025-07-21,2025-08-02,44,44,4,7530000.0,3324561165.0,,,,17081812.0,133.0,2582347.0,590384.0,213439.0,159276.0,,,,,,,,,2190000.0,700000.0,230000.0,90000.0,1076647675.0,512666772.0,203211120.0,68204300.0,3–8
Crazy Train — Ozzy Osbourne,Crazy Train,Ozzy Osbourne,"['Metal', 'Rock', 'Hair Metal', 'Hard Rock', 'Arena Rock']",4.8785,1980-09-20,2025-08-02,46,39,2,,,,,,,,,,,,,,,,,,,,,,,,,,,,1–2
"Sucka Free — Tyler, the Creator",Sucka Free,"Tyler, The Creator","['Rap', 'Hip-Hop/Rap']",2.6842,2025-07-21,2025-08-02,48,48,2,7530000.0,3324561165.0,,,,17081812.0,133.0,2582347.0,590384.0,213439.0,159276.0,,,,,,,,,2190000.0,700000.0,230000.0,90000.0,1076647675.0,512666772.0,203211120.0,68204300.0,1–2
"Stop Playing With Me — Tyler, the Creator",Stop Playing With Me,"Tyler, The Creator",['Country'],3.26645,2018-01-10,2025-08-02,51,51,2,,,,,,,,,,,,,,,,,,,,,,,,,,,,1–2
"Mommanem — Tyler, the Creator",Mommanem,"Tyler, The Creator","['Rap', 'Hip-Hop/Rap']",1.2564333333333333,2025-07-21,2025-08-02,54,54,2,7530000.0,3324561165.0,,,,17081812.0,133.0,2582347.0,590384.0,213439.0,159276.0,,,,,,,,,2190000.0,700000.0,230000.0,90000.0,1076647675.0,512666772.0,203211120.0,68204300.0,1–2
"I'll Take Care Of You — Tyler, the Creator",I'll Take Care Of You,"Tyler, The Creator",['Hip-Hop/Rap'],8.59775,2021-06-25,2025-08-02,55,55,2,,,,,,,,,,,,,,,,,,,,,,,,,,,,1–2
"Don't Tap That Glass / Tweakin' — Tyler, the Creator",Don't Tap That Glass / Tweakin',"Tyler, The Creator","['Rap', 'Hip-Hop/Rap']",3.7020833333333334,2025-07-21,2025-08-02,56,56,2,7530000.0,3324561165.0,,,,17081812.0,133.0,2582347.0,590384.0,213439.0,159276.0,,,,,,,,,2190000.0,700000.0,230000.0,90000.0,1076647675.0,512666772.0,203211120.0,68204300.0,1–2
"Tell Me What It Is — Tyler, the Creator",Tell Me What It Is,"Tyler, The Creator","['Rap', 'Hip-Hop/Rap']",3.3689,2025-07-21,2025-08-02,82,82,1,7530000.0,3324561165.0,,,,17081812.0,133.0,2582347.0,590384.0,213439.0,159276.0,,,,,,,,,2190000.0,700000.0,230000.0,90000.0,1076647675.0,512666772.0,203211120.0,68204300.0,1–2
1965 — jessie murph,1965,Jessie Murph,['Pop'],2.804133333333333,2025-07-16,2025-08-02,84,84,1,1010000.0,561103921.0,11300000.0,2030.0,303100000.0,1660914.0,53.0,320455.0,245327.0,203373.0,63904.0,900000.0,800000.0,700000.0,100000.0,50400000.0,34700000.0,28000000.0,6100000.0,236000.0,125000.0,87000.0,30000.0,253553528.0,142038630.0,93744456.0,47155333.0,1–2
Strategy — Twice,Strategy,TWICE,"['K-Pop', 'Pop']",2.810766666666667,2024-12-06,2025-08-02,92,62,4,17700000.0,6877999310.0,25600000.0,1063.0,834600000.0,29624918.0,4602.0,737777.0,-157196.0,-184927.0,-37650.0,3500000.0,800000.0,200000.0,100000.0,251400000.0,100700000.0,42500000.0,12200000.0,1200000.0,400000.0,200000.0,100000.0,1339374891.0,601933231.0,272717709.0,69042352.0,3–8
Frecuencia — Dareyes de La Sierra,Frecuencia,Dareyes de La Sierra,"['Música Mexicana', 'Latin']",3.1738666666666666,2025-06-05,2025-08-02,94,82,4,285000.0,297366483.0,997900.0,32.0,1200000.0,2950054.0,32.0,2150599.0,1126206.0,838713.0,282445.0,839000.0,25000.0,26200.0,16600.0,509400.0,275800.0,271600.0,100000.0,95000.0,69000.0,59000.0,41000.0,117321784.0,84501444.0,68339342.0,47347355.0,3–8
Back In The Saddle — Luke Combs,Back In The Saddle,Luke Combs,['Country'],3.55105,2025-07-25,2025-08-09,38,38,3,3880000.0,5320453002.0,6200000.0,290.0,62600000.0,7391646.0,1519.0,637745.0,285976.0,178144.0,46134.0,600000.0,300000.0,300000.0,100000.0,7800000.0,4400000.0,3700000.0,1200000.0,360000.0,170000.0,80000.0,30000.0,761922449.0,377104439.0,158036939.0,53368805.0,3–8
Park — Tyler Hubbard,Park,Tyler Hubbard,['Country'],2.737733333333334,2024-04-12,2025-08-09,84,84,2,85000.0,101977026.0,406000.0,297.0,4300000.0,837192.0,1091.0,46364.0,5800.0,3462.0,2298.0,40000.0,10800.0,-200.0,0.0,800000.0,200000.0,0.0,0.0,35900.0,13700.0,7000.0,2300.0,59945932.0,26802438.0,13473605.0,5308749.0,1–2
The Subway — Chappell Roan,The Subway,Chappell Roan,['Pop'],4.2046,2025-08-01,2025-08-16,3,3,2,2130000.0,1003831156.0,4900000.0,501.0,55900000.0,7226081.0,678.0,3763856.0,1254457.0,89754.0,30638.0,2400000.0,800000.0,100000.0,0.0,28100000.0,11000000.0,2400000.0,1800000.0,1417000.0,530000.0,150000.0,60000.0,827314930.0,376307016.0,143758224.0,41436847.0,1–2
Napoleon — $uicideboy$,Napoleon,$uicideboy$,['Hip-Hop/Rap'],2.6079666666666665,2025-08-01,2025-08-16,54,54,2,4570000.0,4151283245.0,1800000.0,95.0,14600000.0,3541407.0,309.0,320352.0,144724.0,66583.0,39034.0,400000.0,100000.0,100000.0,0.0,5400000.0,2200000.0,1700000.0,600000.0,400000.0,190000.0,100000.0,40000.0,895508480.0,426433965.0,206427742.0,83588139.0,1–2
So Far So Fake — Pierce the Veil,So Far So Fake,Pierce the Veil,"['Alternative', 'Rock']",3.9361,2023-02-10,2025-08-16,88,73,2,1520000.0,428050470.0,,,,1827382.0,966.0,231631.0,188142.0,68911.0,21858.0,,,,,,,,,,,30000.0,10000.0,,,24868524.0,8509558.0,1–2
Count Your Blessings — $uicideboy$,Count Your Blessings,$uicideboy$,['Hip-Hop/Rap'],4.138333333333334,2025-08-01,2025-08-16,90,90,1,4570000.0,4151283245.0,1800000.0,95.0,14600000.0,3541407.0,309.0,320352.0,144724.0,66583.0,39034.0,400000.0,100000.0,100000.0,0.0,5400000.0,2200000.0,1700000.0,600000.0,400000.0,190000.0,100000.0,40000.0,895508480.0,426433965.0,206427742.0,83588139.0,1–2
"Oh, What A Wretched Man I Am! — $uicideboy$","Oh, What A Wretched Man I Am!",$uicideboy$,['Hip-Hop/Rap'],2.65985,2025-08-01,2025-08-16,91,91,1,4570000.0,4151283245.0,1800000.0,95.0,14600000.0,3541407.0,309.0,320352.0,144724.0,66583.0,39034.0,400000.0,100000.0,100000.0,0.0,5400000.0,2200000.0,1700000.0,600000.0,400000.0,190000.0,100000.0,40000.0,895508480.0,426433965.0,206427742.0,83588139.0,1–2
12 To 12 — sombr,12 To 12,sombr,"['Indie Rock', 'Alternative']",4.048383333333334,2025-07-24,2025-08-16,95,95,1,405000.0,154866393.0,3100000.0,496.0,116800000.0,1843775.0,20.0,1713424.0,1691759.0,1291277.0,483685.0,2671000.0,2567200.0,1900000.0,500000.0,97000000.0,84000000.0,51200000.0,14200000.0,380900.0,364600.0,315100.0,103000.0,144114172.0,128204842.0,105850964.28571428,46574129.0,1–2
A Lot More Free — Max McNown,A Lot More Free,Max McNown,['Country'],3.3153333333333332,2024-02-21,2025-08-16,97,97,1,10500.0,2146796.0,754200.0,273.0,11600000.0,64928.0,158.0,,51664.0,40110.0,17861.0,,123600.0,35000.0,2800.0,,3100000.0,1200000.0,200000.0,10486.0,5830.0,3510.0,980.0,2146674.0,2052787.0,1522575.0,709937.0,1–2
Country Song Came On — Luke Bryan,Country Song Came On,Luke Bryan,['Country'],3.9108666666666663,2024-08-09,2025-08-16,98,93,2,3230000.0,3180677179.0,4300000.0,214.0,25900000.0,6980370.0,2357.0,343909.0,120577.0,55018.0,15303.0,100000.0,100000.0,0.0,0.0,2000000.0,1100000.0,800000.0,300000.0,100000.0,60000.0,30000.0,10000.0,249091391.0,125175650.0,63186459.0,0.0,1–2
Somebody — Latto,Somebody,Latto,"['Rap', 'Hip-Hop/Rap']",3.373783333333334,2025-05-16,2025-08-16,99,99,1,2360000.0,1231387576.0,9100000.0,630.0,210700000.0,13576609.0,181.0,1466607.0,683676.0,226858.0,41095.4285714291,1700000.0,700000.0,300000.0,100000.0,47300000.0,17210000.0,8600000.0,2600000.0,360000.0,150000.0,60000.0,20000.0,290925469.0,139723800.0,57799166.0,12195583.0,1–2
Just Say Dat — Gunna,Just Say Dat,Gunna,['Hip-Hop/Rap'],2.058666666666667,2025-08-07,2025-08-23,46,46,1,3220000.0,2682515806.0,2300000.0,67.0,27700000.0,5540599.0,78.0,576428.0,303692.0,179831.0,91103.0,300000.0,100000.0,100000.0,0.0,4900000.0,2000000.0,1800000.0,1000000.0,440000.0,200000.0,100000.0,30000.0,641196294.0,321353383.0,164411837.0,54123280.0,1–2
Sakpase — Gunna,Sakpase,Gunna,['Hip-Hop/Rap'],2.221116666666666,2025-08-07,2025-08-23,70,70,1,3220000.0,2682515806.0,2300000.0,67.0,27700000.0,5540599.0,78.0,576428.0,303692.0,179831.0,91103.0,300000.0,100000.0,100000.0,0.0,4900000.0,2000000.0,1800000.0,1000000.0,440000.0,200000.0,100000.0,30000.0,641196294.0,321353383.0,164411837.0,54123280.0,1–2
Let That Sink In — Gunna,Let That Sink In,Gunna,['Hip-Hop/Rap'],3.0902166666666666,2025-08-07,2025-08-23,80,80,1,3220000.0,2682515806.0,2300000.0,67.0,27700000.0,5540599.0,78.0,576428.0,303692.0,179831.0,91103.0,300000.0,100000.0,100000.0,0.0,4900000.0,2000000.0,1800000.0,1000000.0,440000.0,200000.0,100000.0,30000.0,641196294.0,321353383.0,164411837.0,54123280.0,1–2
gp — Gunna,gp,Gunna,['Hip-Hop/Rap'],1.54,2025-08-07,2025-08-23,87,87,1,3220000.0,2682515806.0,2300000.0,67.0,27700000.0,5540599.0,78.0,576428.0,303692.0,179831.0,91103.0,300000.0,100000.0,100000.0,0.0,4900000.0,2000000.0,1800000.0,1000000.0,440000.0,200000.0,100000.0,30000.0,641196294.0,321353383.0,164411837.0,54123280.0,1–2
Many Nights — Gunna,Many Nights,Gunna,['Hip-Hop/Rap'],2.132216666666667,2025-08-07,2025-08-23,99,99,1,3220000.0,2682515806.0,2300000.0,67.0,27700000.0,5540599.0,78.0,576428.0,303692.0,179831.0,91103.0,300000.0,100000.0,100000.0,0.0,4900000.0,2000000.0,1800000.0,1000000.0,440000.0,200000.0,100000.0,30000.0,641196294.0,321353383.0,164411837.0,54123280.0,1–2
