,song_id,title,artist,genres,song_length,release_date,entry_week_date,entry_week_pos,peak_pos,lifespan,yt_subs_release_date,yt_views_release_date,tt_followers_release_date,tt_uploads_release_date,tt_likes_release_date,ig_followers_release_date,ig_media_release_date,ig_followers_diff_12m,ig_followers_diff_6m,ig_followers_diff_3m,ig_followers_diff_1m,tt_followers_diff_12m,tt_followers_diff_6m,tt_followers_diff_3m,tt_followers_diff_1m,tt_likes_diff_12m,tt_likes_diff_6m,tt_likes_diff_3m,tt_likes_diff_1m,yt_subs_diff_12m,yt_subs_diff_6m,yt_subs_diff_3m,yt_subs_diff_1m,yt_views_diff_12m,yt_views_diff_6m,yt_views_diff_3m,yt_views_diff_1m
0,Us Vs. Them — $uicideBoy$,Us Vs. Them,$uicideboy$,"['Hip-Hop', 'Hip-Hop/Rap']",3.0772166666666667,2024-06-14,2024-05-04,96,96,1,4100000.0,3088969048.0,1400000.0,42.0,8700000.0,3173816.0,,461592.0,155710.0,91302.0,12852.0,545100.0,100000.0,100000.0,0.0,3900000.0,1100000.0,1000000.0,500000.0,480000.0,210000.0,120000.0,40000.0,808097526.0,420694907.0,218779011.0,62901739.0
1,Better Place — *NSYNC,Better Place,*NSYNC,"['Pop', 'Children’s Music']",3.6111666666666666,2023-09-29,2023-10-14,25,25,6,1530000.0,1430074754.0,353300.0,8.0,896000.0,1413958.0,229.0,1058200.0,1052582.0,1044759.0,1033988.0,,,,,,,,,180000.0,110000.0,70000.0,50000.0,203696599.0,102281750.0,48816726.0,14483448.0
2,3AM On Glenwood — 21 Savage,3AM On Glenwood,21 Savage,['Hip-Hop/Rap'],2.97215,2022-11-04,2022-11-19,27,27,2,8230000.0,4199119983.0,973600.0,,2500000.0,14125452.0,1305.0,1198892.0,777962.0,564707.0,451802.0,,,,122000.0,,,,1200000.0,,,,40000.0,,,,44189839.0
3,Soak City (Do It) — 310babii,Soak City (Do It),310babii,['Hip-Hop/Rap'],1.9022666666666668,2023-06-03,2023-11-25,100,68,3,,,,,,,,,,,,,,,,,,,,,,,,,,,
4,Nobody Like U — 4*TOWN (From Disney And Pixar's Turning Red),Nobody Like U,4*TOWN (From Disney And Pixar's Turning Red),['Soundtrack'],2.9553833333333333,2019-11-27,2022-04-02,50,49,5,,,,,,,,,,,,,,,,,,,,,,,,,,,
5,Act II: Date @ 8 — 4Batz,Act II: Date @ 8,4Batz,['R&B/Soul'],1.89475,2023-12-15,2024-01-20,77,59,9,5530.0,205906.0,43800.0,34.0,482700.0,3212.0,8.0,,,,1296.0,,,,,,,,,,,,5195.0,,,,177250.0
6,Complete Mess — 5 Seconds Of Summer,Complete Mess,5 Seconds Of Summer,['Pop'],3.8614333333333333,2022-03-02,2022-04-16,91,85,3,,,1500000.0,68.0,12900000.0,9561677.0,2589.0,1005277.0,485173.0,229719.0,61711.0,,400000.0,100000.0,0.0,,8800000.0,4700000.0,1300000.0,,,,,,,,
7,GINE — 6ix9ine,GINE,6ix9ine,['Hip-Hop/Rap'],2.2474166666666666,2022-04-15,2022-04-30,83,83,1,,,8800000.0,34.0,61700000.0,21625611.0,135.0,-1869190.0,-1074199.0,-389996.0,-24188.0,,0.0,0.0,100000.0,,1000000.0,600000.0,500000.0,,,,,,,,
8,Tailor Swif — A$AP Rocky,Tailor Swif,A$AP Rocky,"['Rap', 'Hip-Hop/Rap']",2.58985,2024-08-30,2024-09-14,84,84,1,5390000.0,3665429357.0,660000.0,10.0,2400000.0,19440522.0,35.0,1768261.0,1188361.0,787093.0,320551.0,310500.0,235000.0,203200.0,76000.0,1984900.0,1765100.0,1747900.0,1000000.0,300000.0,180000.0,110000.0,60000.0,440574752.0,250421929.0,109451988.0,36801822.0
9,World's Smallest Violin — AJR,World's Smallest Violin,AJR,['Alternative'],2.2802,2020-07-15,2022-10-08,97,91,3,,,504600.0,39.0,3600000.0,411443.0,2684.0,127651.0,58110.0,12974.0,1931.0,,,,112000.0,,,,500000.0,,,,,,,,
10,In Your Fantasy — ATEEZ,In Your Fantasy,ATEEZ,"['K-Pop', 'Pop']",3.2116333333333333,2025-07-11,2025-07-26,68,68,1,4520000.0,1259911482.0,8500000.0,955.0,360800000.0,10713567.0,3895.0,1111706.0,652138.0,200665.0,105686.0,2100000.0,1300000.0,500000.0,300000.0,151300000.0,85700000.0,30300000.0,20900000.0,560000.0,310000.0,120000.0,60000.0,287555537.0,238602927.0,127302599.0,67439565.0
11,Diet Pepsi — Addison Rae,Diet Pepsi,Addison Rae,['Pop'],2.8283,2024-08-09,2024-09-21,86,54,20,4200000.0,40029838.0,88800000.0,1777.0,5800000000.0,34858827.0,20.0,-2680112.0,-1370997.0,-637098.0,-204339.0,400000.0,200000.0,0.0,0.0,0.0,0.0,0.0,0.0,-130000.0,-50000.0,-30000.0,-10000.0,-110416016.0,1347887.0,398358.0,398358.0
12,Haegeum — Agust D,Haegeum,Agust D,"['K-Pop', 'Pop']",2.81545,2023-04-21,2023-05-06,58,58,1,,,,,,44706594.0,117.0,11888761.0,5227099.0,2509808.0,594119.0,,,,,,,,,,,,,,,,
13,Burning Down — Alex Warren,Burning Down,Alex Warren,['Pop'],2.9906166666666665,2024-09-16,2024-10-05,76,69,14,2720000.0,676589561.0,16300000.0,1781.0,1000000000.0,2551130.0,628.0,393110.0,334462.0,281362.0,2408.0,500000.0,600000.0,600000.0,0.0,47600000.0,33700000.0,29000000.0,0.0,90000.0,110000.0,60000.0,10000.0,123895003.0,112489567.0,54747129.0,13601985.0
14,"I Swear, I Really Wanted To Make A ""Rap"" Album But... — Andre 3000","I Swear, I Really Wanted To Make A ""Rap"" Album But...",Andre 3000,[],,,2023-12-02,90,90,1,,,,,,,,,,,,,,,,,,,,,,,,,,,
15,Envolver — Anitta,Envolver,Anitta,['Latin'],3.2301,2021-11-11,2022-04-09,74,70,6,,,13000000.0,183.0,64000000.0,56598188.0,4813.0,6558337.0,3168852.0,1289588.0,591467.0,4000000.0,2650000.0,1400000.0,400000.0,30100000.0,23800000.0,15300000.0,6900000.0,,,,,,,,
16,Pressure — Ari Lennox,Pressure,Ari Lennox,['R&B/Soul'],3.2213166666666666,2021-09-10,2022-01-08,94,66,17,,,,,,1755385.0,99.0,417178.0,265425.0,69082.0,13915.0,,,,,,,,,,,,,,,,
17,"Yes, And? — Ariana Grande","Yes, And?",Ariana Grande,['Pop'],3.5832333333333333,2024-01-12,2024-01-27,1,1,13,53300000.0,24920455037.0,33800000.0,153.0,189200000.0,380496338.0,154.0,31080328.0,3406483.0,-22214.0,-470037.0,5600000.0,1300000.0,700000.0,300000.0,86300000.0,36400000.0,15500000.0,6400000.0,1100000.0,600000.0,300000.0,100000.0,1899308368.0,901754507.0,494018265.0,247073483.0
18,Billie Eilish. — Armani White,Billie Eilish.,Armani White,['Hip-Hop/Rap'],1.9335166666666668,2022-11-25,2022-09-17,99,58,14,257000.0,69285087.0,844800.0,103.0,12300000.0,168407.0,146.0,130635.0,118789.0,49610.0,5577.5,,674000.0,328050.0,26270.270270270295,,9000000.0,4325000.0,405405.4054054059,,,,31000.0,,,,11646032.0
19,I Like The Way You Kiss Me — Artemas,I Like The Way You Kiss Me,Artemas,"['Pop', 'Alternative']",2.37525,2024-02-09,2024-04-06,70,12,20,19100.0,7661803.0,101000.0,235.0,5900000.0,24404.0,12.0,,17455.0,7551.0,3584.0,,,30000.0,10400.0,,,1900000.0,700000.0,17720.0,15510.0,9600.0,4200.0,7273499.0,6964216.0,5725885.0,3492959.0
20,Your Place — Ashley Cooke,Your Place,Ashley Cooke,['Country'],3.0347666666666666,2023-07-07,2024-06-08,95,80,4,62000.0,19292066.0,1200000.0,1060.0,22000000.0,259992.0,1080.0,,49962.0,29117.0,15476.0,,0.0,0.0,0.0,,2680000.0,1200000.0,600000.0,,11100.0,4300.0,1700.0,,6944266.0,2572052.0,1011353.0
21,Pink Venom — BLACKPINK,Pink Venom,BLACKPINK,"['K-Pop', 'Pop']",3.1160666666666668,2022-08-19,2022-09-03,22,22,6,,,30500000.0,,263400000.0,48490426.0,,8220631.0,3054038.0,1613503.0,756084.0,6400000.0,2100000.0,1300000.0,600000.0,69100000.0,19400000.0,13200000.0,9300000.0,,,,,,,,
22,Yet To Come — BTS,Yet To Come,BTS,"['K-Pop', 'Pop']",3.226566666666667,2022-06-10,2022-06-25,13,13,2,,,50600000.0,54.0,802100000.0,64872570.0,1041.0,21557683.0,8330700.0,4104278.0,1371507.0,,6100000.0,3400000.0,700000.0,,76900000.0,48300000.0,9700000.0,,,,,,,,
23,Went West — BabyChiefDoit,Went West,BabyChiefDoit,['Hip-Hop/Rap'],2.6014,2025-06-27,2025-07-12,89,71,2,278000.0,88648080.0,29300.0,,121900.0,394173.0,26.0,383777.0,105518.0,42039.0,22156.0,,0.0,0.0,0.0,,0.0,0.0,0.0,277301.0,106000.0,48000.0,12000.0,88609890.0,44867454.0,29032980.0,6555272.0
24,No Me Quiero Casar — Bad Bunny,No Me Quiero Casar,Bad Bunny,['Latin'],3.7609166666666667,2023-10-13,2023-10-28,65,65,1,46800000.0,31583226551.0,31700000.0,48.0,336100000.0,46627956.0,2.0,3113723.0,1524613.0,809917.0,589368.0,3400000.0,800000.0,400000.0,200000.0,71700000.0,25200000.0,14000000.0,6900000.0,2900000.0,1200000.0,700000.0,400000.0,5701323303.0,2149206393.0,869494988.0,83136724.0
25,Fall In Love — Bailey Zimmerman,Fall In Love,Bailey Zimmerman,['Country'],3.86765,2022-10-14,2022-04-30,99,29,34,181000.0,110383453.0,1600000.0,,23200000.0,345202.0,465.0,331138.0,258599.0,157269.0,51888.0,,906700.0,400000.0,0.0,,15200000.0,8166666.666666666,1800000.0,,,,24000.0,,,,23022638.0
26,Beautiful Things — Benson Boone,Beautiful Things,Benson Boone,['Pop'],2.571283333333333,2024-01-18,2024-02-03,15,2,81,741000.0,319682485.0,4100000.0,862.0,206100000.0,1036131.0,343.0,620388.0,494870.0,473086.0,460758.0,,300000.0,300000.0,200000.0,,12400000.0,11200000.0,8800000.0,425000.0,210000.0,117000.0,49000.0,193584633.0,99757099.0,48308604.0,16849719.0
27,Desert Eagle — Beyonce,Desert Eagle,Beyonce,"['Country', 'Pop']",1.2074833333333332,2024-03-29,2024-04-13,65,65,1,26900000.0,18388043113.0,5500000.0,10.0,8700000.0,319919409.0,2280.0,17083399.0,2097930.0,40941.0,-98688.0,900000.0,500000.0,400000.0,0.0,3600000.0,3200000.0,2900000.0,400000.0,1200000.0,600000.0,400000.0,200000.0,1486976324.0,727706519.0,366390594.0,183252152.0
28,Ms. Whitman — Bhad Bhabie,Ms. Whitman,Bhad Bhabie,['Hip-Hop/Rap'],2.1006,2025-02-25,2025-03-15,56,56,3,7580000.0,1424564223.0,8000000.0,27.0,13200000.0,15993170.0,27.0,-186828.0,9863.0,107199.0,8602.0,1200000.0,1200000.0,1000000.0,700000.0,12325200.0,12100000.0,11100000.0,10500000.0,30000.0,40000.0,40000.0,30000.0,42092463.0,28168910.0,14150664.0,14150664.0
29,Mmhmm — BigXthaPlug,Mmhmm,BigXthaPlug,['Hip-Hop/Rap'],1.9837833333333332,2023-10-06,2023-12-16,93,63,20,261000.0,165440267.0,86500.0,14.0,507400.0,349712.0,194.0,258248.0,169918.0,82065.0,22028.0,,,17500.0,2900.0,,,26600.0,3900.0,230200.0,144000.0,73000.0,21000.0,156102022.0,108773696.0,57218485.0,18390342.0
30,The Diner — Billie Eilish,The Diner,Billie Eilish,['Alternative'],3.105783333333333,2024-05-17,2024-06-01,31,31,4,49900000.0,15236814282.0,53800000.0,45.0,300900000.0,119385055.0,901.0,10002224.0,9108451.0,9057126.0,-1109902.0,6100000.0,2800000.0,2700000.0,2400000.0,58400000.0,9000000.0,4500000.0,12900000.0,2200000.0,1100000.0,800000.0,600000.0,1860770856.0,906735818.0,614577144.0,317522920.0
31,Turn The Lights Back On — Billy Joel,Turn The Lights Back On,Billy Joel,['Pop'],3.9823166666666667,2024-01-02,2024-02-17,62,62,1,1770000.0,1881106489.0,,,,674107.0,1127.0,131498.0,75940.0,31199.0,12542.0,,,,,,,,,190000.0,90000.0,40000.0,10000.0,273229654.0,127636562.0,75011132.0,19249290.0
32,Texas — Blake Shelton,Texas,Blake Shelton,['Country'],2.8351166666666665,2024-11-15,2025-03-22,97,61,9,3300000.0,2488499173.0,2800000.0,,16400000.0,6876142.0,1262.0,163969.0,92181.0,39280.0,-3179.0,300000.0,200000.0,100000.0,0.0,2900000.0,1900000.0,1000000.0,100000.0,120000.0,60000.0,30000.0,10000.0,215619324.0,98712100.0,49540862.0,24763280.0
33,One More Time — Blink-182,One More Time,Blink-182,['Rock'],3.468583333333333,2023-09-22,2023-10-07,62,62,1,2940000.0,2701943486.0,638200.0,40.0,3000000.0,2993456.0,37.0,775165.0,304523.0,177989.0,92373.0,,132400.0,89300.0,41000.0,,1400000.0,1100000.0,500000.0,310000.0,130000.0,80000.0,50000.0,336614622.0,165547425.0,80537640.0,24317971.0
34,Get In With Me — BossMan Dlow,Get In With Me,BossMan Dlow,"['Rap', 'Hip-Hop/Rap']",2.0132166666666667,2024-01-19,2024-02-17,68,49,12,22300.0,10054919.0,,,,135819.0,84.0,,124628.0,106815.0,81757.0,,,,,,,,,,21040.0,17990.0,11200.0,,9758809.0,8625549.0,6155444.0
35,Hard Fought Hallelujah — Brandon Lake,Hard Fought Hallelujah,Brandon Lake,['Christian'],5.266666666666667,2024-11-08,2024-11-23,51,51,9,646000.0,212029479.0,1100000.0,,18900000.0,2148557.0,4049.0,1245358.0,540188.0,382710.0,150273.0,931900.0,623500.0,409800.0,155500.0,17300000.0,12300000.0,8500000.0,4100000.0,349000.0,225000.0,154000.0,60000.0,137191597.0,82550455.0,54697227.0,20975354.0
36,Loose Change — Brent Faiyaz,Loose Change,Brent Faiyaz,['R&B/Soul'],3.76685,2022-07-08,2022-07-23,52,52,1,,,901200.0,,4900000.0,2562074.0,31.0,,330440.0,251906.0,232671.0,,163000.0,130600.0,117600.0,,2200000.0,1400000.0,1000000.0,,,,,,,,
37,You Didn't — Brett Young,You Didn't,Brett Young,['Country'],3.76355,2021-06-04,2023-01-21,100,63,12,,,,,,1050414.0,804.0,,23841.0,5918.0,1538.0,,,,,,,,,,,,,,,,
38,We Ride — Bryan Martin,We Ride,Bryan Martin,['Country'],3.141383333333333,2023-01-27,2024-03-30,96,56,18,123000.0,44685718.0,380600.0,,2100000.0,17040.0,377.0,,8622.0,7691.0,5214.0,89600.0,56125.0,18100.0,1414.2857142857392,600000.0,300000.0,200000.0,100000.0,,,23200.0,7000.0,,,14832349.0,5352557.0
39,Whatever She Wants — Bryson Tiller,Whatever She Wants,Bryson Tiller,['Hip-Hop/Rap'],2.689033333333333,2024-02-13,2024-03-02,32,19,20,3260000.0,2494403447.0,,,,10088576.0,13.0,,206778.0,28124.599999999627,38086.0,,,,,,,,,140000.0,80000.0,40000.0,20000.0,234414963.0,154390273.0,75327990.0,25550720.0
40,Sittin' On Top Of The World — Burna Boy,Sittin' On Top Of The World,Burna Boy,[],,,2023-09-09,80,80,3,,,,,,,,,,,,,,,,,,,,,,,,,,,
41,The Days — CHRYSTAL,The Days,CHRYSTAL,['Dance'],2.82355,2024-10-01,2025-01-25,97,83,6,3020.0,5192290.0,,,,,,,,,,,,,,,,,,,1160.0,1010.0,740.0,,2388672.0,1640503.0,1004015.0
42,Like What (Freestyle) — Cardi B,Like What (Freestyle),Cardi B,['Hip-Hop/Rap'],2.2733333333333334,2024-02-29,2024-03-16,38,38,3,19200000.0,8000129153.0,24100000.0,164.0,201700000.0,169089139.0,1721.0,14493523.0,1548.0,29605.0,-212931.0,3700000.0,1100000.0,200000.0,0.0,56100000.0,20700000.0,3500000.0,400000.0,500000.0,300000.0,100000.0,100000.0,572246286.0,288430478.0,158582024.0,0.0
43,Primera Cita — Carin Leon,Primera Cita,Carin Leon,['Latin'],3.1076,2022-04-20,2023-09-09,97,97,2,,,1500000.0,97.0,6000000.0,1586607.0,1181.0,497865.0,303543.0,132900.0,42586.0,,,300000.0,200000.0,,,1600000.0,1000000.0,,,,,,,,
44,"Colombia, Mi Encanto — Carlos Vives","Colombia, Mi Encanto",Carlos Vives,"['Musicals', 'Soundtrack', 'Disney', 'Children’s Music', 'Soundtrack', 'Original Score']",2.921333333333333,2021-11-24,2022-02-12,100,100,1,,,2300000.0,211.0,9700000.0,7183229.0,4594.0,80452.0,36077.0,32985.0,16240.0,,,,0.0,,,,100000.0,,,,,,,,
45,What He Didn't Do — Carly Pearce,What He Didn't Do,Carly Pearce,['Country'],3.187116666666667,2021-09-17,2022-10-15,99,37,17,,,,,,575695.0,139.0,75667.0,38635.0,21297.0,6668.0,,,,,,,,,,,,,,,,
46,Ghost Story — Carrie Underwood,Ghost Story,Carrie Underwood,['Country'],3.0233333333333334,2022-03-18,2022-04-02,72,61,20,,,1600000.0,26.0,6000000.0,10991393.0,1850.0,903935.0,415804.0,327868.0,98468.0,500000.0,400000.0,0.0,0.0,2600000.0,2100000.0,100000.0,0.0,,,,,,,,
47,The Giver — Chappell Roan,The Giver,Chappell Roan,['Country'],3.3794666666666666,2025-03-13,2025-03-29,5,5,8,1840000.0,748883485.0,4700000.0,496.0,50500000.0,6960630.0,654.0,6589697.0,2359318.0,1211898.0,459066.0,4467300.0,1300000.0,600000.0,300000.0,44000000.0,14800000.0,7100000.0,4400000.0,1775900.0,810000.0,360000.0,140000.0,735522772.0,448708287.0,215041115.0,82006721.0
48,360 — Charli XCX,360,Charli xcx,['Dance'],2.2300833333333334,2024-05-10,2024-06-22,73,44,8,2940000.0,1340011006.0,2000000.0,348.0,45800000.0,4606671.0,45.0,196193.0,8270.0,42427.0,21126.0,100000.0,100000.0,100000.0,0.0,12800000.0,8500000.0,7800000.0,1600000.0,80000.0,30000.0,20000.0,10000.0,114619598.0,52692067.0,26678911.0,13479381.0
49,Light Switch — Charlie Puth,Light Switch,Charlie Puth,['Pop'],3.1284,2022-01-20,2022-02-05,42,27,15,,,14900000.0,236.0,293400000.0,15529093.0,1.0,,193632.0,46500.0,5034.0,6100000.0,3900000.0,1100000.0,200000.0,195400000.0,127200000.0,52100000.0,16300000.0,,,,,,,,
50,Love You Again — Chase Matthew,Love You Again,Chase Matthew,['Country'],2.8939333333333335,2022-12-09,2024-09-14,91,91,1,202000.0,117277487.0,668100.0,,6900000.0,172717.0,737.0,75722.0,19472.0,2416.0,321.0,465800.0,150700.0,34050.0,21500.0,5800000.0,2500000.0,1200000.0,700000.0,,,8000.0,3000.0,,,16774114.0,4569800.0
51,23 — Chayce Beckham,23,Chayce Beckham,['Country'],3.1151166666666668,2021-05-22,2024-01-13,71,45,20,,,,,,167096.0,115.0,,,,53194.0,,,,,,,,,,,,,,,,
52,DJ Play A Christmas Song — Cher,DJ Play A Christmas Song,Cher,"['Holiday', 'Pop']",3.485116666666667,2023-10-06,2023-12-30,94,90,2,974000.0,737660892.0,,,,2667090.0,237.0,358661.0,160563.0,67608.0,31486.0,,,,,,,,,170000.0,84000.0,37000.0,13000.0,215144726.0,107241258.0,47381415.0,13930927.0
53,Lithonia — Childish Gambino,Lithonia,Childish Gambino,['Pop'],2.9886666666666666,2024-07-02,2024-07-20,97,69,3,6650000.0,3398283048.0,,,,,,,,,,,,,,,,,,280000.0,170000.0,110000.0,30000.0,339090089.0,166309705.0,100555674.0,33862605.0
54,El Gordo Trae El Mando — Chino Pacas,El Gordo Trae El Mando,Chino Pacas,"['Música Mexicana', 'Latin']",1.8681166666666666,2023-01-27,2023-04-01,84,58,13,,,,,,,,,,,,,,,,,,,,,,,,,,,
55,Winter Wonderland — Chloe,Winter Wonderland,Chloe,['Pop'],2.1149833333333334,2015-12-08,2023-12-30,96,87,2,,,,,,,,,,,,,,,,,,,,,,,,,,,
56,Iffy — Chris Brown,Iffy,Chris Brown,['R&B/Soul'],2.8924833333333333,2022-01-14,2022-01-29,71,71,8,,,5300000.0,10.0,11200000.0,102378505.0,7336.0,27477347.0,15065131.0,7738986.0,3951751.0,,300000.0,200000.0,100000.0,,300000.0,100000.0,100000.0,,,,,,,,
57,All I Need Is You — Chris Janson,All I Need Is You,Chris Janson,['Country'],2.70575,2023-05-05,2024-02-10,98,98,1,360000.0,345051621.0,225800.0,410.0,989900.0,748210.0,4889.0,268080.0,-41279.0,-35967.0,-39224.0,,21158.139534883725,7100.0,2100.0,,165141.86046511633,57600.0,22900.0,,10000.0,5000.0,2000.0,,17583555.0,9777286.0,3540476.0
58,I Think I'm In Love With You — Chris Stapleton,I Think I'm In Love With You,Chris Stapleton,['Country'],3.7133333333333334,2023-09-08,2024-04-27,91,91,1,2460000.0,2219205712.0,,,,2186637.0,281.0,379567.0,200863.0,139754.0,41259.0,,,,,,,,,260000.0,130000.0,70000.0,20000.0,415841244.0,218650578.0,108584419.0,36234744.0
59,Young Love & Saturday Nights — Chris Young,Young Love & Saturday Nights,Chris Young,['Country'],3.2559666666666667,2023-07-21,2024-09-14,94,94,1,1000000.0,958687122.0,610600.0,267.0,4900000.0,1574846.0,2870.0,-4614.0,-2413.0,-754.0,76.0,69900.0,31575.0,22300.0,16000.0,900000.0,400000.0,200000.0,100000.0,,16000.0,4000.0,0.0,,50146757.0,24578020.0,8336175.0
60,My World — Chuckyy,My World,Chuckyy,['Hip-Hop/Rap'],2.6329833333333332,2025-04-24,2025-05-10,79,79,2,227000.0,104377651.0,,,,497486.0,19.0,,149637.0,96862.0,35791.0,,,,,,,,,211200.0,121000.0,67000.0,23000.0,101288397.0,63015854.0,33634355.0,10349133.0
61,So Be It — Clipse,So Be It,Clipse,['Hip-Hop/Rap'],3.2477833333333335,2025-07-11,2025-07-26,62,62,1,228000.0,105941124.0,,,,85017.0,29.0,,,,50157.0,,,,,,,,,,,,105000.0,,,,16265938.0
62,ICU — Coco Jones,ICU,Coco Jones,['R&B/Soul'],4.027066666666666,2022-10-21,2023-04-01,88,62,20,592000.0,61748236.0,2200000.0,,26600000.0,1645895.0,163.0,743565.0,311785.0,44650.0,7243.0,700000.0,200000.0,100000.0,0.0,8600000.0,3900000.0,1900000.0,300000.0,,,,1000.0,,,,573521.0
63,Human — Cody Johnson,Human,Cody Johnson,['Country'],3.692,2021-10-08,2023-01-28,94,61,19,,,,,,693409.0,2279.0,,73926.0,38346.0,12659.0,,,,,,,,,,,,,,,,
64,Players — Coi Leray,Players,Coi Leray,['Hip-Hop/Rap'],2.326,2023-06-16,2023-01-14,98,9,26,1810000.0,547946690.0,11300000.0,761.0,205000000.0,7639133.0,371.0,1387876.0,973719.0,383740.0,104315.0,1300000.0,700000.0,100000.0,0.0,39600000.0,17350000.0,2500000.0,800000.0,,240000.0,80000.0,30000.0,,111818700.0,47288153.0,12978858.0
65,Sparks — Coldplay,Sparks,Coldplay,"['Alternative', 'Pop', 'Britpop', 'Rock', 'Adult Alternative', 'Indie Rock']",3.7849,2000-07-10,2025-06-28,93,79,5,,,,,,,,,,,,,,,,,,,,,,,,,,,
66,Forever To Me — Cole Swindell,Forever To Me,Cole Swindell,['Country'],2.99445,2024-04-12,2025-05-03,91,91,1,769000.0,751277991.0,682000.0,183.0,3000000.0,1589814.0,1847.0,60164.0,4060.0,2922.0,2668.0,25400.0,6700.0,1400.0,600.0,100000.0,0.0,0.0,0.0,39000.0,16000.0,8000.0,3000.0,96849656.0,44341314.0,22589054.0,7575306.0
67,Creek Will Rise — Conner Smith,Creek Will Rise,Conner Smith,['Country'],2.82155,2023-02-24,2024-02-10,89,89,2,17900.0,7734851.0,216200.0,176.0,2600000.0,121642.0,350.0,56386.0,33194.0,-2423.0,-2003.0,30100.0,17678.846153846156,2752.6315789473592,250.0,600000.0,336538.4615384615,110526.31578947371,0.0,,,3700.0,2750.0,,,1471281.0,708324.5
68,This Heart — Corey Kent,This Heart,Corey Kent,['Country'],3.116216666666667,2024-01-26,2025-07-05,82,82,3,54800.0,62470331.0,469000.0,1117.0,4500000.0,165622.0,1264.0,64167.0,38875.0,13288.0,4427.0,,144900.0,25400.0,18000.0,,1800000.0,500000.0,200000.0,30000.0,13000.0,5800.0,2300.0,47595440.0,24297036.0,13190534.0,5471309.0
69,Si No Es Contigo — Cris Mj,Si No Es Contigo,Cris Mj,['Latin'],2.6,2024-05-23,2024-06-08,72,72,4,2470000.0,1823137441.0,1400000.0,17.0,10400000.0,3357686.0,124.0,1195421.0,911232.0,560934.0,183037.0,909800.0,773100.0,671600.0,200000.0,7400000.0,6300000.0,5900000.0,2700000.0,700000.0,470000.0,300000.0,120000.0,636553538.0,627376547.0,352253894.0,115254383.0
70,I'm Not That Girl — Cynthia Erivo,I'm Not That Girl,Cynthia Erivo,['Soundtrack'],3.9507333333333334,2024-11-22,2024-12-07,94,94,2,155000.0,62985630.0,376100.0,,2100000.0,1544985.0,1100.0,608729.0,406235.0,364142.0,259088.0,202100.0,162500.0,137000.0,110200.0,1266000.0,1100000.0,900000.0,700000.0,21000.0,10000.0,8000.0,5000.0,12744804.0,6126023.0,3156549.0,1276536.0
71,Shake Sumn — DaBaby,Shake Sumn,DaBaby,['Hip-Hop/Rap'],2.0801,2023-05-05,2023-05-20,92,65,16,10000000.0,4703360183.0,8300000.0,77.0,39400000.0,20812574.0,34.0,66689.0,-296077.0,-201385.0,-112891.0,1600000.0,1100000.0,200000.0,100000.0,14600000.0,15300000.0,3900000.0,2700000.0,,140000.0,70000.0,20000.0,,215133537.0,109598893.0,37373609.0
72,You — Dan + Shay,You,Dan + Shay,['Country'],3.2708833333333334,2021-08-13,2023-06-03,87,87,1,,,,,,1123288.0,2457.0,39846.0,23889.0,12439.0,6974.0,,,,,,,,,,,,,,,,
73,Frecuencia — Dareyes de La Sierra,Frecuencia,Dareyes de La Sierra,"['Música Mexicana', 'Latin']",3.1738666666666666,2025-06-05,2025-08-02,94,82,4,285000.0,297366483.0,997900.0,32.0,1200000.0,2950054.0,32.0,2150599.0,1126206.0,838713.0,282445.0,839000.0,25000.0,26200.0,16600.0,509400.0,275800.0,271600.0,100000.0,95000.0,69000.0,59000.0,41000.0,117321784.0,84501444.0,68339342.0,47347355.0
74,Winter Wonderland — Darlene Love,Winter Wonderland,Darlene Love,"['Christmas: Classic', 'Holiday', 'Pop', 'Oldies']",2.4346666666666668,1963-11-22,2025-01-04,48,48,1,,,,,,,,,,,,,,,,,,,,,,,,,,,
75,Not At This Party — Dasha,Not At This Party,Dasha,['Country'],3.01515,2025-04-11,2025-04-26,97,97,1,157000.0,168135374.0,,,,335748.0,318.0,203240.0,56438.0,21117.0,8788.0,,,,,,,,,129400.0,42000.0,21000.0,7000.0,157639636.0,66545359.0,33128287.0,13343890.0
76,Skin And Bones — David Kushner,Skin And Bones,David Kushner,['Pop'],3.5772,2024-01-19,2024-02-03,70,70,1,1130000.0,412951350.0,4900000.0,1325.0,125400000.0,1557663.0,216.0,1444597.0,577788.0,180923.0,29409.0,,500000.0,300000.0,100000.0,,11500000.0,7100000.0,2600000.0,1065300.0,532000.0,205000.0,70000.0,390974420.0,241656676.0,112533987.0,37392682.0
77,29 — Demi Lovato,29,Demi Lovato,['Pop'],2.7171333333333334,2022-08-16,2022-09-03,96,96,1,,,3800000.0,43.0,19400000.0,139388463.0,84.0,26599855.0,13660047.0,7220140.0,1941450.0,1400000.0,900000.0,200000.0,100000.0,12200000.0,11800000.0,4400000.0,1700000.0,,,,,,,,
78,Gold — Dierks Bentley,Gold,Dierks Bentley,['Country'],2.796,2022-07-29,2023-03-04,99,68,9,,,,,,2128781.0,1958.0,29420.0,6343.0,9345.0,1933.0,,,,,,,,,,,,,,,,
79,End Of Beginning — Djo,End Of Beginning,Djo,['Alternative'],2.6541,2024-03-01,2024-03-02,51,11,21,139000.0,18337329.0,580000.0,13.0,2100000.0,466263.0,27.0,93455.0,99457.0,99756.0,55128.0,,,,,,,,,19000.0,15000.0,14000.0,13000.0,7791037.0,5095719.0,3952235.0,3173179.0
80,Denial Is A River — Doechii,Denial Is A River,Doechii,['Hip-Hop/Rap'],2.6597666666666666,2024-08-30,2025-01-18,76,21,19,1380000.0,567860451.0,1200000.0,313.0,16600000.0,685887.0,16.0,169838.0,105756.0,80872.0,52521.0,0.0,0.0,0.0,0.0,1600000.0,1400000.0,1300000.0,700000.0,973000.0,916000.0,20000.0,10000.0,423338159.0,353262425.0,28433276.0,5930646.0
81,Attention — Doja Cat,Attention,Doja Cat,"['Hip-Hop/Rap', 'Pop']",4.6174,2023-06-16,2023-07-01,31,31,3,11600000.0,6631775215.0,26200000.0,1.0,1200000.0,26162260.0,26.0,1887868.0,1230158.333333332,217594.0,-21305.0,900000.0,100000.0,-100000.0,0.0,-330800000.0,-361900000.0,239100.0,239100.0,,300000.0,200000.0,100000.0,,667115687.0,315962923.0,98561287.0
82,Misses — Dominic Fike,Misses,Dominic Fike,['Alternative'],1.23965,2024-05-03,2024-08-03,100,99,2,577000.0,283046707.0,,,,3281927.0,35.0,92022.0,-17888.0,-34185.0,-8517.0,,,,,,,,,149000.0,71000.0,28000.0,13000.0,94907479.0,48833756.0,22559474.0,8533452.0
83,Bandit — Don Toliver,Bandit,Don Toliver,['Hip-Hop/Rap'],2.46245,2024-01-31,2024-02-17,38,38,18,1790000.0,1024051901.0,1100000.0,134.0,9500000.0,3047067.0,65.0,679121.0,263421.0,168946.0,109610.0,194800.0,0.0,0.0,0.0,2600000.0,600000.0,100000.0,0.0,240000.0,90000.0,50000.0,20000.0,246798880.0,102825528.0,51588564.0,10634222.0
84,Boyfriend — Dove Cameron,Boyfriend,Dove Cameron,['Pop'],2.55,2022-02-11,2022-02-26,73,16,24,,,8000000.0,103.0,56700000.0,45054572.0,414.0,5496517.0,870011.0,402914.0,515284.0,2900000.0,2100000.0,1700000.0,1100000.0,26900000.0,20900000.0,20200000.0,15100000.0,,,,,,,,
85,BBL Love Interlude — Drake,BBL Love Interlude,Drake,['Hip-Hop/Rap'],2.6894,2023-10-06,2023-10-21,36,36,1,28500000.0,15804007590.0,,,,143382605.0,386.0,21534334.0,8420129.0,3203117.0,984802.0,,,,,,,,,1500000.0,700000.0,400000.0,200000.0,2489334700.0,1159955792.0,514572774.0,96016197.0
86,She's Somebody's Daughter (Reimagined) — Drew Baldridge,She's Somebody's Daughter (Reimagined),Drew Baldridge,['Country'],2.9393333333333334,2019-07-19,2024-08-24,93,93,3,,,,,,34731.0,1823.0,,1264.0,984.0,412.0,,,,,,,,,,,,,,,,
87,Houdini — Dua Lipa,Houdini,Dua Lipa,['Pop'],3.0986333333333334,2023-11-09,2023-11-25,11,11,23,22100000.0,11764637245.0,9400000.0,5.0,25200000.0,88642488.0,8.0,1150496.0,534449.0,-156550.0,-201042.0,,400000.0,0.0,0.0,,8200000.0,-300000.0,500000.0,900000.0,500000.0,200000.0,0.0,1453713253.0,756685777.0,325093759.0,119802821.0
88,Stars Like Confetti — Dustin Lynch,Stars Like Confetti,Dustin Lynch,['Country'],3.2377833333333332,2021-07-16,2023-10-14,89,81,6,,,,,,1076294.0,384.0,-2816.0,1693.0,2478.0,1389.0,,,,,,,,,,,,,,,,
89,Coal — Dylan Gossett,Coal,Dylan Gossett,['Country'],3.240666666666667,2023-07-27,2024-01-20,89,73,11,,,141800.0,28.0,1200000.0,5192.0,35.0,,,,,,,,,,,,,,,,,,,,
90,New Truck — Dylan Scott,New Truck,Dylan Scott,['Country'],2.906,2021-07-23,2022-06-25,99,61,9,,,,,,355463.0,621.0,46467.0,36153.0,31345.0,22475.0,,,,,,,,,,,,,,,,
91,Curtains — Ed Sheeran,Curtains,Ed Sheeran,['Pop'],3.7467333333333332,2023-05-05,2023-05-20,97,97,1,53200000.0,29809112933.0,13300000.0,,143100000.0,43477641.0,2161.0,5329084.0,2474578.0,1443190.0,432323.0,2400000.0,300000.0,0.0,0.0,47100000.0,1166666.6666666567,0.0,0.0,,600000.0,300000.0,100000.0,,1324518105.0,691855587.0,234077020.0
92,Weren't For The Wind — Ella Langley,Weren't For The Wind,Ella Langley,['Country'],3.2277833333333334,2024-10-04,2025-02-08,85,18,24,121000.0,53433695.0,912600.0,150.0,13700000.0,642022.0,689.0,,486016.0,364159.0,68212.0,566700.0,536100.0,268600.0,63700.0,11600000.0,11200000.0,6100000.0,1800000.0,92900.0,84000.0,75600.0,18000.0,43551886.0,36733061.0,32167094.0,10011720.0
93,Little Things — Ella Mai,Little Things,Ella Mai,['R&B/Soul'],2.8820666666666668,2024-11-03,2025-03-08,89,81,7,3940000.0,2398192920.0,595700.0,71.0,3900000.0,4445305.0,38.0,18389.0,19185.0,-8625.0,-6091.0,38700.0,25300.0,12000.0,3200.0,100000.0,100000.0,100000.0,0.0,110000.0,60000.0,30000.0,10000.0,251966525.0,117786086.0,48084367.0,23806814.0
94,Numb Little Bug — Em Beihold,Numb Little Bug,Em Beihold,['Pop'],2.8206333333333333,2022-01-28,2022-02-12,91,18,32,,,395000.0,191.0,8200000.0,74108.0,49.0,72063.0,10590.0,2030.0,4455.0,,183000.0,90700.0,88600.0,,3900000.0,2200000.0,2100000.0,,,,,,,,
95,Houdini — Eminem,Houdini,Eminem,['Hip-Hop/Rap'],3.787316666666667,2024-05-31,2024-06-15,2,2,20,59900000.0,29734945627.0,,,,42388463.0,805.0,3264929.0,1750459.0,1009481.0,254868.0,,,,,,,,,3400000.0,1900000.0,900000.0,300000.0,3053052137.0,1468228810.0,595901526.0,303401205.0
96,I Am Woman — Emmy Meli,I Am Woman,Emmy Meli,['Pop'],3.8802166666666666,2021-11-18,2022-01-08,92,74,4,,,287300.0,50.0,4100000.0,13625.0,90.0,,,,,,,,,,,,,,,,,,,,
97,Hands Of Time — Eric Church,Hands Of Time,Eric Church,['Country'],3.5495833333333335,2025-05-02,2025-04-26,94,70,4,890000.0,1288631766.0,242600.0,145.0,1300000.0,1435184.0,730.0,83255.0,25296.0,14833.0,7790.0,,32900.0,18800.0,6700.0,,333000.0,200000.0,100000.0,37000.0,18000.0,10000.0,3000.0,114228444.0,53286025.0,28196971.0,0.0
98,We Didn't Start The Fire — Fall Out Boy,We Didn't Start The Fire,Fall Out Boy,"['Alternative', 'Rock']",3.5921833333333333,2023-03-24,2023-07-15,94,94,1,5700000.0,3475504132.0,323300.0,74.0,1600000.0,3169661.0,1802.0,236087.0,89869.0,71018.0,24104.0,113700.0,100500.0,94900.0,5100.0,1305300.0,1286900.0,1284150.0,300000.0,,90000.0,50000.0,10000.0,,211279180.0,112884469.0,37595520.0
99,Watch The World Burn — Falling In Reverse,Watch The World Burn,Falling In Reverse,['Rock'],3.3991333333333333,2023-01-31,2023-02-18,83,83,1,,,,,,991606.0,1018.0,113382.0,55521.0,24874.0,7541.0,,,,,,,,,,,,,,,,
100,Cupid — Fifty Fifty,Cupid,Fifty Fifty,"['K-Pop', 'Pop']",2.9042166666666667,2023-02-24,2023-04-01,100,17,25,104000.0,7262768.0,110600.0,40.0,645200.0,47830.0,180.0,,,,,,,,,,,,,,,64000.0,22350.0,,,5876390.0,2302406.0
101,Back End — Finesse2Tymes,Back End,Finesse2Tymes,['Hip-Hop/Rap'],2.7579833333333332,2022-07-22,2023-02-04,98,86,5,,,,,,289081.0,12.0,197464.0,184188.0,180710.0,176409.0,,,,,,,,,,,,,,,,
102,Never Lose Me — Flo Milli,Never Lose Me,Flo Milli,['Hip-Hop/Rap'],2.0983666666666667,2023-11-30,2023-12-30,84,15,21,544000.0,155208046.0,1400000.0,231.0,21300000.0,1243995.0,481.0,144791.0,99694.0,40527.0,8072.0,100000.0,0.0,0.0,0.0,3200000.0,1800000.0,700000.0,300000.0,44000.0,22000.0,8000.0,3000.0,28915314.0,14157847.0,6051814.0,1592249.0
103,Your Way's Better — Forrest Frank,Your Way's Better,Forrest Frank,['Christian'],3.3013666666666666,2024-10-24,2025-05-03,72,61,17,845000.0,202380413.0,791600.0,138.0,14600000.0,3219566.0,182.0,2550148.0,733034.0,522264.0,111352.0,502600.0,280000.0,172600.0,55100.0,6600000.0,4200000.0,2400000.0,800000.0,686000.0,309000.0,144000.0,33000.0,171832214.0,106820745.0,54469690.0,15411229.0
104,When It Comes To You — Fridayy,When It Comes To You,Fridayy,['R&B/Soul'],2.80125,2023-07-21,2024-01-20,98,97,2,85100.0,15338005.0,,,,349827.0,75.0,,174963.0,48278.0,21345.0,,,,,,,,,,58700.0,32400.0,19500.0,,11575760.0,7921541.0,4720248.0
105,TQM — Fuerza Regida,TQM,Fuerza Regida,"['Música Mexicana', 'Latin']",2.6494166666666668,2023-05-19,2023-06-03,35,34,17,2160000.0,2066119437.0,2300000.0,302.0,33000000.0,3177056.0,1554.0,,1629880.0,1122821.0,368338.0,1905000.0,1200000.0,600000.0,0.0,28700000.0,18833333.333333336,11100000.0,2600000.0,,1050000.0,560000.0,150000.0,,1192284409.0,715732280.0,225757527.0
106,Back To The Basics — Future,Back To The Basics,Future,['Hip-Hop/Rap'],2.95045,2022-04-29,2022-05-14,58,58,1,,,,,,,,,,,,,,,,,,,,,,,,,,,
107,Went Legit — G Herbo,Went Legit,G Herbo,"['Rap', 'Hip-Hop/Rap']",2.341466666666667,2025-01-11,2025-07-12,95,81,6,1690000.0,1271852373.0,,,,7885538.0,82.0,-119705.0,-138854.0,-63850.0,-22044.0,,,,,,,,,110000.0,60000.0,30000.0,10000.0,146596787.0,75569843.0,38625934.0,12945768.0
108,Pick Me Up — Gabby Barrett,Pick Me Up,Gabby Barrett,['Country'],2.824,2020-06-19,2022-07-30,100,55,22,,,,,,565910.0,672.0,93718.0,51149.0,31706.0,5021.0,,,,,,,,,,,,,,,,
109,Tweaker — Gelo,Tweaker,Gelo,['Hip-Hop/Rap'],3.1590666666666665,2025-05-30,2025-01-18,29,29,1,267000.0,48033402.0,,,,3370360.0,244.0,455181.0,527573.0,1194.0,-28026.0,,,,,,,,,,,83000.0,5000.0,,,25559322.0,3749086.0
110,Cowboy Songs — George Birge,Cowboy Songs,George Birge,['Country'],3.1197833333333334,2024-02-23,2025-01-11,100,100,1,17900.0,9969708.0,336700.0,361.0,2700000.0,124336.0,770.0,41230.0,21909.0,13145.0,3622.0,40600.0,25100.0,19900.0,2500.0,400000.0,300000.0,300000.0,100000.0,10000.0,7800.0,4800.0,1200.0,7948927.0,6885495.0,4746577.0,1830769.0
111,Mary On A Cross — Ghost,Mary On A Cross,Ghost,"['Metal', 'Rock']",4.579716666666667,2022-08-26,2022-09-24,90,90,2,,,166900.0,,632200.0,983122.0,999.0,235617.0,159094.0,80303.0,51784.0,,,,0.0,,,,0.0,,,,,,,,
112,Sailor Song — Gigi Perez,Sailor Song,Gigi Perez,['Pop'],3.532983333333333,2025-04-12,2024-08-31,98,22,39,206000.0,146284205.0,428300.0,,9300000.0,296595.0,332.0,284028.0,213774.0,75251.0,19081.0,335700.0,0.0,0.0,0.0,6400000.0,0.0,0.0,0.0,200700.0,159300.0,65000.0,22000.0,144180797.0,132766246.0,70516837.0,28000471.0
113,Twenties — Giveon,Twenties,Giveon,['R&B/Soul'],2.8659333333333334,2025-02-07,2025-02-22,55,55,3,3140000.0,1840421129.0,4100000.0,6.0,20600000.0,2973740.0,8.0,9357.0,52921.0,87399.0,95314.0,300000.0,200000.0,300000.0,200000.0,-11100000.0,-11700000.0,-11800000.0,-12200000.0,190000.0,90000.0,50000.0,20000.0,260377317.0,126270007.0,55396671.0,18792915.0
114,TGIF — GloRilla,TGIF,GloRilla,['Hip-Hop/Rap'],2.74285,2024-06-11,2024-07-06,47,22,22,1120000.0,608734711.0,2000000.0,160.0,13200000.0,4784803.0,82.0,1167970.0,740175.0,668176.0,190507.0,500000.0,400000.0,300000.0,100000.0,4300000.0,2500000.0,1800000.0,600000.0,412000.0,286000.0,219000.0,70000.0,310981581.0,207412483.0,156982277.0,59065987.0
115,Home — Good Neighbours,Home,Good Neighbours,['Alternative'],2.6247666666666665,2024-01-17,2024-02-10,77,77,11,,,28800.0,26.0,629500.0,,,,,,,,,,,,,,,,,,,,,,
116,Risk — Gracie Abrams,Risk,Gracie Abrams,['Pop'],3.1927833333333333,2024-04-30,2024-07-06,94,94,1,773000.0,160022654.0,1300000.0,175.0,26100000.0,2528674.0,1235.0,794833.0,355680.0,184454.0,69275.0,314800.0,200000.0,100000.0,0.0,3500000.0,900000.0,200000.0,0.0,113000.0,56000.0,31000.0,9000.0,51184191.0,28822591.0,16037088.0,4911738.0
117,No Se Va — Grupo Frontera,No Se Va,Grupo Frontera,"['Música Mexicana', 'Latin']",3.23365,2022-03-18,2022-10-08,99,57,20,,,,,,,,,,,,,,,,,,,,,,,,,,,
118,Publicity Stunt — Gucci Mane,Publicity Stunt,Gucci Mane,['Hip-Hop/Rap'],3.277633333333333,2022-03-04,2022-03-19,72,72,1,,,,,,,,,,,,,,,,,,,,,,,,,,,
119,gp — Gunna,gp,Gunna,['Hip-Hop/Rap'],1.54,2025-08-07,2025-08-23,87,87,1,3220000.0,2682515806.0,2300000.0,67.0,27700000.0,5540599.0,78.0,576428.0,303692.0,179831.0,91103.0,300000.0,100000.0,100000.0,0.0,4900000.0,2000000.0,1800000.0,1000000.0,440000.0,200000.0,100000.0,30000.0,641196294.0,321353383.0,164411837.0,54123280.0
120,Truck Bed — HARDY,Truck Bed,HARDY,['Rock'],2.79225,2022-10-10,2023-06-24,89,27,41,278000.0,288303662.0,308600.0,,1500000.0,776851.0,751.0,392004.0,229343.0,137014.0,69350.0,,154033.33333333334,83800.0,29660.0,,985933.3333333333,533050.0,200000.0,,,,20000.0,,,,16679707.0
121,How It's Done — HUNTR/X,How It's Done,HUNTR/X,"['K-Pop', 'Pop']",2.9343166666666667,2025-06-19,2025-07-12,42,42,1,,,,,,,,,,,,,,,,,,,,,,,,,,,
122,Everything She Ain't — Hailey Whitters,Everything She Ain't,Hailey Whitters,['Country'],2.5328833333333334,2022-03-18,2023-05-27,94,94,1,,,,,,41190.0,752.0,11008.0,6154.535211267605,3691.0,2177.0,,,,,,,,,,,,,,,,
123,So Good — Halsey,So Good,Halsey,['Alternative'],2.9343166666666667,2022-06-09,2022-06-25,55,51,16,,,4600000.0,36.0,18900000.0,29846546.0,611.0,5254624.0,2264865.0,1172593.0,479761.0,,900000.0,300000.0,200000.0,,10700000.0,6100000.0,5600000.0,,,,,,,,
124,Love Of My Life — Harry Styles,Love Of My Life,Harry Styles,['Pop'],3.193966666666667,2022-05-20,2022-06-04,29,29,2,,,,,,,,,,,,,,,,,,,,,,,,,,,
125,Shut Up My Moms Calling — Hotel Ugly,Shut Up My Moms Calling,Hotel Ugly,"['Neo-Soul', 'R&B/Soul']",2.2588166666666667,2022-09-14,2023-01-14,96,68,8,19300.0,2591351.0,62500.0,,623900.0,,,,,,,,1000.0,900.0,433.33333333333576,,7200.0,3600.0,1377.777777777752,,,,,,,,
126,Eat Your Young — Hozier,Eat Your Young,Hozier,['Alternative'],4.038216666666667,2023-03-17,2023-04-01,67,67,2,3590000.0,2251751210.0,956400.0,44.0,6200000.0,2026165.0,679.0,139447.0,144170.5,99648.0,87513.0,284100.0,262533.3333333334,173533.33333333337,147700.0,1800000.0,1800000.0,1300000.0,1300000.0,,120000.0,70000.0,30000.0,,166936131.0,86366747.0,29404281.0
127,House Again — Hudson Westbrook,House Again,Hudson Westbrook,['Country'],3.3715166666666665,2024-10-18,2025-05-03,98,64,17,4950.0,2490291.0,242700.0,,5300000.0,99618.0,89.0,,,31752.0,14341.0,,201700.0,85100.0,48900.0,,4889600.0,2700000.0,1400000.0,,,2680.0,1420.0,,,1575874.0,747668.0
128,Magnetic — ILLIT,Magnetic,ILLIT,"['K-Pop', 'Pop']",2.6781333333333333,2024-03-25,2024-04-20,91,91,1,198000.0,9796330.0,485800.0,85.0,8900000.0,513277.0,144.0,,387775.0,357216.0,327006.0,,347200.0,308100.0,243400.0,,7900000.0,6300000.0,3800000.0,,135700.0,93000.0,81000.0,,8631259.0,3791590.0,1666483.0
129,In Ha Mood — Ice Spice,In Ha Mood,Ice Spice,['Hip-Hop/Rap'],2.1560333333333332,2023-01-06,2023-02-18,85,58,16,176000.0,16155702.0,2500000.0,,22200000.0,2795351.0,46.0,,2700390.0,989790.0,287683.0,,,1300000.0,550000.0,,,13800000.0,6200000.0,,,91700.0,27000.0,,,10356010.0,3880914.0
130,Bones — Imagine Dragons,Bones,Imagine Dragons,['Alternative'],2.7544166666666667,2021-03-11,2022-03-26,93,47,20,,,,,,4939711.0,1559.0,,-78072.0,-42102.0,-14576.0,,,,,,,,,,,,,,,,
131,Headlock — Imogen Heap,Headlock,Imogen Heap,['Pop'],3.588983333333333,2005-07-18,2025-01-25,100,82,12,,,,,,,,,,,,,,,,,,,,,,,,,,,
132,Aqui Te Espero — Ivan Cornejo,Aqui Te Espero,Ivan Cornejo,"['Música Mexicana', 'Latin']",4.256216666666667,2023-07-29,2023-08-12,89,89,1,371000.0,231389668.0,2000000.0,102.0,22700000.0,1589381.0,6.0,1023319.0,395250.0,226076.0,77806.5,800000.0,400000.0,300000.0,100000.0,8300000.0,3800000.0,3100000.0,1400000.0,,352500.0,351500.0,343100.0,,231008498.0,230990161.0,231231060.0
133,Crocodile Tearz — J. Cole,Crocodile Tearz,J. Cole,['Hip-Hop/Rap'],3.8197833333333335,2024-04-05,2024-04-20,19,19,2,7380000.0,3650542831.0,,,,8707637.0,1.0,825703.0,410611.0,140736.0,56685.0,,,,,,,,,480000.0,240000.0,150000.0,90000.0,525935758.0,252862695.0,111016162.0,37403376.0
134,like JENNIE — JENNIE,like JENNIE,JENNIE,"['Pop', 'K-Pop']",2.0586333333333333,2025-03-03,2025-03-22,83,83,3,13500000.0,949455985.0,13900000.0,53.0,169200000.0,86327963.0,1223.0,2725123.0,1051161.0,478247.0,161761.0,,,2200000.0,1300000.0,,,61500000.0,35500000.0,3100000.0,3000000.0,1100000.0,500000.0,775137395.0,760421372.0,275319905.0,151306989.0
135,Okay — JT,Okay,JT,['Hip-Hop/Rap'],3.9493666666666667,2024-06-28,2024-05-11,74,72,6,127000.0,24240580.0,1500000.0,114.0,26500000.0,6944012.0,146.0,483321.0,227479.0,134215.0,-35829.0,527400.0,300000.0,100000.0,0.0,16200000.0,7600000.0,2800000.0,600000.0,,,72500.0,10000.0,,,16360124.0,4939167.0
136,Golden Hour — JVKE,Golden Hour,JVKE,['Pop'],3.4876666666666667,2022-07-15,2022-09-10,71,10,33,,,7100000.0,,87600000.0,266189.0,116.0,141758.0,89187.0,52153.0,4413.0,2100000.0,600000.0,400000.0,100000.0,28500000.0,7800000.0,3700000.0,1000000.0,,,,,,,,
137,Steve's Lava Chicken — Jack Black,Steve's Lava Chicken,Jack Black,"['Soundtrack', 'Pop']",0.5733333333333334,2025-03-28,2025-05-03,78,78,3,,,18600000.0,70.0,113600000.0,14205814.0,736.0,378220.0,-184710.0,-27381.0,32408.0,0.0,-100000.0,0.0,0.0,2300000.0,400000.0,300000.0,100000.0,,,,,,,,
138,Lovin On Me — Jack Harlow,Lovin On Me,Jack Harlow,['Hip-Hop/Rap'],2.30685,2023-11-10,2023-11-25,2,1,38,2520000.0,1395597338.0,5700000.0,62.0,80900000.0,6764096.0,558.0,-128169.0,45138.0,-7764.0,-1195.0,300000.0,300000.0,300000.0,200000.0,5000000.0,4800000.0,4200000.0,3100000.0,200000.0,100000.0,50000.0,20000.0,268281981.0,127261713.0,57171687.0,28121153.0
139,I Saw Mommy Kissing Santa Claus — Jackson 5,I Saw Mommy Kissing Santa Claus,Jackson 5,['Holiday'],3.0316666666666667,1970-10-01,2024-01-06,43,43,1,,,,,,,,,,,,,,,,,,,,,,,,,,,
140,Don't Come Lookin' — Jackson Dean,Don't Come Lookin',Jackson Dean,['Country'],3.132616666666667,2021-04-30,2022-09-03,90,50,15,,,,,,11413.0,302.0,1214.0,815.136363636364,333.25,190.0,,,,,,,,,,,,,,,,
141,Best Thing Since Backroads — Jake Owen,Best Thing Since Backroads,Jake Owen,['Country'],3.123883333333333,2021-08-06,2022-07-16,96,72,4,,,,,,1171821.0,254.0,25187.0,11513.0,10118.0,4541.0,,,,,,,,,,,,,,,,
142,That's What Tequila Does — Jason Aldean,That's What Tequila Does,Jason Aldean,['Country'],3.155116666666667,2021-11-12,2023-01-21,97,77,8,,,,,,3542520.0,1110.0,309891.0,214422.0,158642.0,33899.0,,,,,,,,,,,,,,,,
143,Victoria’s Secret — Jax,Victoria’s Secret,Jax,['Pop'],2.93225,2022-06-30,2022-08-13,83,35,18,,,9700000.0,,154900000.0,533023.0,305.0,224336.0,145357.0,85422.0,46603.0,4400000.0,1700000.0,1300000.0,800000.0,79500000.0,34200000.0,22700000.0,9700000.0,,,,,,,,
144,Infinity — Jaymes Young,Infinity,Jaymes Young,['Alternative'],3.960916666666667,2017-06-23,2022-02-12,94,94,1,,,,,,,,,,,,,,,,,,,,,,,,,,,
145,Need A Favor — Jelly Roll,Need A Favor,Jelly Roll,['Country'],3.29,2023-03-10,2023-04-15,82,13,47,2720000.0,1953032548.0,3900000.0,217.0,24900000.0,1097589.0,629.0,304011.0,181713.0,90742.0,20368.0,1500000.0,900000.0,300000.0,100000.0,9800000.0,6000000.0,2500000.0,800000.0,,340000.0,150000.0,50000.0,,296346323.0,145965390.0,46190442.0
146,Surface Pressure — Jessica Darrow,Surface Pressure,Jessica Darrow,"['Musicals', 'Soundtrack', 'Disney', 'Soundtrack', 'Original Score', 'Children’s Music']",3.37045,2021-11-19,2022-01-08,54,8,19,,,,,,2555.0,71.0,,,,,,,,,,,,,,,,,,,,
147,Blue Strips — Jessie Murph,Blue Strips,Jessie Murph,['Pop'],2.4534833333333332,2025-06-06,2025-04-26,81,15,14,967000.0,513948588.0,11100000.0,1978.0,295400000.0,1579717.0,37.0,260958.0,163268.0,128952.0,65418.0,900000.0,600000.0,600000.0,300000.0,48100000.0,28100000.0,25400000.0,11700000.0,213000.0,99000.0,61000.0,27000.0,228880524.0,116525961.0,67453927.0,26088173.0
148,"Set Me Free, Pt. 2 — Jimin","Set Me Free, Pt. 2",Jimin,"['K-Pop', 'Pop']",3.3488333333333333,2023-03-17,2023-04-01,30,30,1,,,,,,49134888.0,49.0,17451620.0,5479821.0,2731523.0,1243184.0,,,,,,,,,,,,,,,,
149,Down Home — Jimmie Allen,Down Home,Jimmie Allen,['Country'],3.3751166666666665,2022-03-14,2022-10-08,100,61,9,,,166100.0,,144500.0,357933.0,491.0,118154.0,86314.0,11893.0,4818.0,,,5600.0,2533.333333333343,,,9100.0,1000.0,,,,,,,,
150,The Astronaut — JIN,The Astronaut,Jin,"['K-Pop', 'Pop']",4.707716666666666,2022-10-28,2022-11-12,51,51,1,,,,,,40855744.0,81.0,,7031972.0,2764495.0,785681.0,,,,,,,,,,,,,,,,
151,Progress — John Rich,Progress,John Rich,"['Country', 'Singer/Songwriter']",3.1146666666666665,2022-07-21,2022-08-06,65,65,1,,,,,,91186.0,735.0,31499.0,18984.0,8841.0,4607.0,,,,,,,,,,,,,,,,
152,Die For You — Joji,Die For You,Joji,['Alternative'],3.5277833333333333,2022-11-04,2022-11-19,53,53,3,2850000.0,939510789.0,,,,6609193.0,242.0,1087620.0,836351.0,207368.0,99683.0,,,,,,,,,,,,100000.0,,,,36342281.0
153,Your Heart Or Mine — Jon Pardi,Your Heart Or Mine,Jon Pardi,['Country'],2.6866666666666665,2022-09-02,2023-05-27,95,47,17,,,236700.0,49.0,1200000.0,779371.0,1727.0,,49827.0,22456.0,8372.0,66200.0,55800.0,10300.0,5100.0,404200.0,369800.0,0.0,0.0,,,,,,,,
154,Waffle House — Jonas Brothers,Waffle House,Jonas Brothers,['Pop'],2.4240166666666667,2023-04-28,2023-05-13,88,57,11,5240000.0,1879524124.0,7200000.0,279.0,60700000.0,6843184.0,1066.0,-274480.0,-39644.0,53888.0,38042.0,300000.0,300000.0,300000.0,100000.0,7600000.0,6000000.0,5600000.0,2200000.0,,30000.0,20000.0,10000.0,,87494159.0,46643175.0,15864704.0
155,Kehlani — Jordan Adetunji,Kehlani,Jordan Adetunji,['Hip-Hop/Rap'],2.25,2024-06-24,2024-07-06,70,24,21,29700.0,3893658.0,244100.0,416.0,6400000.0,121278.0,86.0,67399.0,53055.0,42073.0,40876.0,161300.0,151900.0,149500.0,139200.0,5200000.0,4900000.0,4800000.0,4400000.0,23040.0,18400.0,17800.0,17600.0,3203604.0,2509160.0,2405747.0,2359942.0
156,Next Thing You Know — Jordan Davis,Next Thing You Know,Jordan Davis,['Country'],2.9206333333333334,2022-08-12,2023-02-04,91,23,31,,,239900.0,195.0,1700000.0,309571.0,1163.0,88948.0,43151.0,14401.0,4877.0,,122600.0,64500.0,22740.0,,600000.0,200000.0,40000.0,,,,,,,,
157,Single Again — Josh Ross,Single Again,Josh Ross,['Country'],2.984183333333333,2024-01-12,2025-06-28,97,73,5,28600.0,17751775.0,380400.0,486.0,5200000.0,75640.0,420.0,50719.0,27290.0,15907.0,4495.0,,77600.0,19800.0,10600.0,,1700000.0,500000.0,300000.0,21190.0,8000.0,3100.0,1200.0,16070695.0,9258471.0,4652931.0,1600972.0
158,KTM Drip — Juice WRLD,KTM Drip,Juice WRLD,['Hip-Hop/Rap'],4.000016666666666,2024-11-29,2024-12-14,91,91,1,12100000.0,6945220523.0,5200000.0,1.0,1300000.0,11782686.0,181.0,-141290.0,-15481.0,124402.0,139738.0,500000.0,300000.0,200000.0,200000.0,424900.0,200000.0,100000.0,100000.0,800000.0,500000.0,300000.0,200000.0,857273189.0,409743224.0,206580509.0,68801453.0
159,Stay Alive — Jung Kook,Stay Alive,Jung Kook,"['K-Pop', 'Pop']",3.5154666666666667,2022-02-11,2022-02-26,95,95,1,,,,,,,,,,,,,,,,,,,,,,,,,,,
160,Y Lloro — Junior H,Y Lloro,Junior H,"['Música Mexicana', 'Latin', 'Contemporary Latin']",2.98355,2023-10-05,2023-10-21,97,79,7,1290000.0,2419200490.0,,,,6967542.0,2.0,4741061.0,2301885.0,915165.0,255865.0,,,,,,,,,,,351000.0,120000.0,,,296747528.0,96740837.0
161,Walking Away — Justin Bieber,Walking Away,Justin Bieber,['Pop'],4.066883333333333,2025-07-11,2025-07-26,37,37,2,75700000.0,35211787113.0,28700000.0,79.0,127800000.0,294415175.0,8005.0,582623.0,-538859.0,-248819.0,-221717.0,1300000.0,400000.0,100000.0,0.0,5200000.0,2200000.0,1000000.0,300000.0,2500000.0,1100000.0,600000.0,200000.0,2576898923.0,1235355477.0,696261223.0,350579706.0
162,This Is My Dirt — Justin Moore,This Is My Dirt,Justin Moore,['Country'],3.61765,2023-11-17,2024-10-12,98,96,2,563000.0,524440212.0,71900.0,37.0,260600.0,772859.0,615.0,26958.0,23666.0,7227.0,690.0,,,,1500.0,,,,8500.0,27000.0,14000.0,6000.0,2000.0,70768741.0,38220773.0,17368903.0,5197334.0
163,Selfish — Justin Timberlake,Selfish,Justin Timberlake,['Pop'],3.8222,2024-01-25,2024-02-10,19,19,13,10400000.0,7541135892.0,2500000.0,20.0,11100000.0,72139976.0,12.0,4079846.0,1534939.0,151207.0,14744.0,,600000.0,100000.0,100000.0,,7700000.0,700000.0,500000.0,300000.0,100000.0,100000.0,0.0,669710769.0,318500175.0,223807481.0,75683234.0
164,Gabriela — KATSEYE,Gabriela,KATSEYE,['Pop'],3.2871166666666665,2025-06-26,2025-07-05,94,76,4,2390000.0,1052617902.0,6900000.0,825.0,364200000.0,4034746.0,806.0,3792011.0,1739330.0,1404387.0,715677.0,6424000.0,3300000.0,2800000.0,1500000.0,347100000.0,156700000.0,122600000.0,63300000.0,2256000.0,1280000.0,1050000.0,590000.0,1025767713.0,655843575.0,529084750.0,268248172.0
165,Deeper Well — Kacey Musgraves,Deeper Well,Kacey Musgraves,['Country'],3.8688833333333332,2024-02-08,2024-03-30,76,76,1,632000.0,351590435.0,,,,2406685.0,595.0,20622.0,46433.0,27069.0,26048.0,,,,,,,,,24000.0,16000.0,10000.0,5000.0,36220239.0,21041944.0,14119961.0,3599273.0
166,Area Codes — Kali,Area Codes,Kali,['Hip-Hop/Rap'],2.3221,2022-04-01,2023-05-20,54,33,8,,,464600.0,249.0,8800000.0,443673.0,318.0,292164.0,135063.0,49032.0,22053.0,,,44300.0,14600.0,,,1000000.0,400000.0,,,,,,,,
167,Moonlight — Kali Uchis,Moonlight,Kali Uchis,['R&B/Soul'],3.1287166666666666,2023-03-03,2023-04-01,92,80,11,1780000.0,877720508.0,2600000.0,52.0,38600000.0,4276040.0,107.0,595652.0,267191.0,209532.0,119052.0,800000.0,500000.0,200000.0,100000.0,20100000.0,15800000.0,6000000.0,2500000.0,,,100000.0,40000.0,,,70254502.0,26710055.0
168,Leave You Alone — Kane Brown,Leave You Alone,Kane Brown,['Country'],3.57065,2022-03-04,2022-04-30,86,86,2,,,4600000.0,48.0,22700000.0,3025572.0,220.0,239931.0,185956.0,112310.0,31632.0,,800000.0,600000.0,100000.0,,5300000.0,4200000.0,1100000.0,,,,,,,,
169,I Know — Kanii,I Know,Kanii,['Dance'],2.2304833333333334,2022-02-23,2023-04-15,95,90,2,,,,,,,,,,,,,,,,,,,,,,,,,,,
170,Latina Foreva — Karol G,Latina Foreva,Karol G,['Latin'],2.658716666666667,2025-05-22,2025-06-07,74,66,5,39500000.0,28893526784.0,54500000.0,143.0,477900000.0,70500667.0,3354.0,1187045.0,56214.0,190662.0,298340.0,2000000.0,-300000.0,-400000.0,-100000.0,47900000.0,6500000.0,2900000.0,1100000.0,3100000.0,1200000.0,500000.0,200000.0,5254863408.0,2419639884.0,1043239897.0,292256352.0
171,Woman's World — Katy Perry,Woman's World,Katy Perry,[],,,2024-07-27,63,63,1,,,,,,,,,,,,,,,,,,,,,,,,,,,
172,Folded — Kehlani,Folded,Kehlani,"['Contemporary R&B', 'R&B/Soul']",3.9686666666666666,2025-06-11,2025-06-28,76,42,9,4170000.0,2279105621.0,6500000.0,,33600000.0,16110357.0,125.0,390937.0,224320.0,189402.0,46425.0,700000.0,-24074.074074073695,0.0,0.0,400000.0,196296.29629629478,0.0,0.0,270000.0,100000.0,50000.0,20000.0,230227828.0,102058744.0,57681352.0,0.0
173,Wild Hearts — Keith Urban,Wild Hearts,Keith Urban,['Country'],3.0488333333333335,2021-08-19,2022-06-11,97,97,1,,,,,,2570707.0,1343.0,56725.0,24468.0,16289.0,6689.0,,,,,,,,,,,,,,,,
174,Christmas Isn't Canceled (Just You) — Kelly Clarkson,Christmas Isn't Canceled (Just You),Kelly Clarkson,['Holiday'],3.85915,2021-10-15,2022-01-01,79,79,2,,,136800.0,34.0,323800.0,5411457.0,1079.0,352502.0,232361.0,166648.0,115080.0,72800.0,29450.0,21600.0,12000.0,242900.0,88800.0,66600.0,49300.0,,,,,,,,
175,Overseas — Ken Carson,Overseas,Ken Carson,['Hip-Hop/Rap'],2.3505333333333334,2024-04-11,2024-04-27,79,79,1,364000.0,130179577.0,,,,1566115.0,1.0,887286.0,459916.0,131515.0,58586.0,,,,,,,,,194000.0,143000.0,59000.0,16000.0,76555141.0,63318768.0,29255522.0,9609893.0
176,The Heart Part 5 — Kendrick Lamar,The Heart Part 5,Kendrick Lamar,['Hip-Hop/Rap'],5.53715,2022-05-08,2022-05-21,15,15,2,,,,,,,,,,,,,,,,,,,,,,,,,,,
177,Take Her Home — Kenny Chesney,Take Her Home,Kenny Chesney,['Country'],3.058,2023-11-10,2024-05-18,99,71,6,1270000.0,1431390434.0,40100.0,0.0,0.0,1810905.0,840.0,141001.0,105376.0,68362.0,11572.0,,9200.0,4700.0,1400.0,,0.0,0.0,0.0,60000.0,30000.0,10000.0,0.0,155656766.0,76943342.0,31781582.0,14241567.0
178,Strangers — Kenya Grace,Strangers,Kenya Grace,['Dance'],2.88275,2023-09-01,2023-09-30,88,42,21,1090.0,18503.0,347700.0,70.0,5300000.0,,,,,,,,,210600.0,95700.0,,,3500000.0,1700000.0,,,,,,,,
179,Holiday Road — Kesha,Holiday Road,Kesha,[],,,2025-01-04,88,88,1,,,,,,,,,,,,,,,,,,,,,,,,,,,
180,Proud — Key Glock,Proud,Key Glock,['Hip-Hop/Rap'],3.0673333333333335,2022-01-18,2022-02-05,73,73,1,,,,,,2640039.0,0.0,699070.0,550184.0,513772.0,8495.0,,,,,,,,,,,,,,,,
181,War — King Von,War,King Von,['Hip-Hop/Rap'],2.6688833333333335,2022-03-02,2022-03-19,73,73,1,,,269900.0,14.0,1300000.0,3356281.0,205.0,17298.0,-32440.0,-643.0,26715.0,40500.0,3400.0,1700.0,300.0,100000.0,0.0,0.0,0.0,,,,,,,,
182,I Wish — Kodak Black,I Wish,Kodak Black,['Hip-Hop/Rap'],2.7626666666666666,2022-02-21,2022-03-12,90,90,1,,,618200.0,22.0,2000000.0,11636809.0,163.0,1853014.0,807504.0,462123.0,238193.0,,399400.0,292200.0,84100.0,,1640300.0,1289600.0,800000.0,,,,,,,,
183,Sweet Dreams — Koe Wetzel,Sweet Dreams,Koe Wetzel,['Country'],2.8878166666666667,2024-05-17,2024-06-01,47,35,13,248000.0,181127904.0,1000000.0,307.0,20200000.0,892463.0,547.0,,26119.0,13678.0,6870.0,99200.0,73700.0,53200.0,22700.0,4300000.0,3600000.0,3000000.0,1800000.0,39000.0,25000.0,19000.0,9000.0,-82905485.0,35681057.0,21373621.0,7462640.0
184,Crazy — LE SSERAFIM,Crazy,LE SSERAFIM,"['K-Pop', 'Pop']",3.4230833333333335,2024-09-02,2024-09-14,76,76,2,5440000.0,3201156647.0,10400000.0,589.0,574800000.0,8911169.0,1085.0,2608897.0,605217.0,31930.0,88318.0,2900000.0,1100000.0,200000.0,100000.0,275200000.0,118800000.0,43000000.0,28500000.0,1630000.0,640000.0,130000.0,70000.0,1581652537.0,736502284.0,194375465.0,66771200.0
185,Rockstar — LISA,Rockstar,LISA,"['Pop', 'K-Pop']",2.30355,2024-06-27,2024-07-13,70,70,1,11700000.0,596014886.0,,,,,,,,,,,,,,,,,,500000.0,200000.0,100000.0,0.0,61825986.0,27726755.0,10315700.0,3230943.0
186,Hometown Home — LOCASH,Hometown Home,LOCASH,['Country'],3.4718333333333335,2024-04-19,2025-04-12,91,91,2,85100.0,56774462.0,67900.0,214.0,255400.0,260629.0,3568.0,,-3861.0,-1645.0,746.0,2300.0,500.0,400.0,100.0,10500.0,1300.0,900.0,800.0,1900.0,600.0,400.0,100.0,-4072517.0,2781422.0,1670567.0,562146.0
187,Never Felt So Alone — Labrinth,Never Felt So Alone,Labrinth,"['Pop', 'Alternative', 'Indie Rock']",2.6694333333333335,2023-04-07,2023-04-22,94,62,5,2720000.0,1668848819.0,1400000.0,108.0,11800000.0,1216889.0,9.0,87351.0,38333.0,14590.0,16151.0,459300.0,300000.0,100000.0,100000.0,5500000.0,3400000.0,800000.0,700000.0,,140000.0,70000.0,30000.0,,162146117.0,76390526.0,23122716.0
188,Zombieboy — Lady Gaga,Zombieboy,Lady Gaga,['Pop'],3.555616666666667,2025-03-07,2025-03-22,85,85,1,27100000.0,19899129607.0,13800000.0,99.0,96900000.0,58791117.0,3785.0,2311345.0,1765553.0,1109543.0,989940.0,4600000.0,3900000.0,2800000.0,2200000.0,62900000.0,49800000.0,36200000.0,29500000.0,3300000.0,2600000.0,1700000.0,800000.0,3151353588.0,2103870683.0,1170644103.0,396652961.0
189,Heart Like A Truck — Lainey Wilson,Heart Like A Truck,Lainey Wilson,['Country'],3.31355,2022-08-12,2022-11-26,86,29,23,,,439500.0,,3900000.0,170144.0,2710.0,93219.0,54051.0,27494.0,8518.0,154800.0,38200.0,11800.0,2433.333333333314,1400000.0,500000.0,200000.0,0.0,,,,,,,,
190,"Henry, Come On — Lana Del Rey","Henry, Come On",Lana Del Rey,['Alternative'],5.1878166666666665,2025-04-11,2025-04-26,90,90,1,17100000.0,9509556646.0,5800000.0,2.0,2700000.0,,,,,,,1100000.0,500000.0,200000.0,100000.0,1500000.0,600000.0,200000.0,100000.0,1700000.0,800000.0,400000.0,200000.0,1512374417.0,744720638.0,380429192.0,97187845.0
191,Big Mama — Latto,Big Mama,Latto,"['Rap', 'Hip-Hop/Rap']",2.9,2024-06-28,2024-08-24,92,92,1,2040000.0,969757455.0,7500000.0,479.0,170000000.0,12271750.0,91.0,1661952.0,843977.0,511279.0,109495.0,800000.0,300000.0,200000.0,100000.0,25900000.0,11600000.0,8000000.0,3900000.0,320000.0,160000.0,70000.0,30000.0,255514887.0,121757840.0,58118234.0,19607405.0
192,Santa Baby — Laufey,Santa Baby,Laufey,['Jazz'],3.034,2024-11-01,2025-01-04,89,89,1,1860000.0,443802186.0,6700000.0,1321.0,265600000.0,4991239.0,838.0,3133858.0,1783489.0,893191.0,226225.0,3600000.0,1900000.0,700000.0,200000.0,145700000.0,70800000.0,27300000.0,7900000.0,950000.0,490000.0,200000.0,70000.0,286573751.0,163192571.0,71803899.0,23053076.0
193,Fingers Crossed — Lauren Spencer-Smith,Fingers Crossed,Lauren Spencer-Smith,['Pop'],2.922416666666667,2022-01-15,2022-01-15,69,19,19,,,2800000.0,812.0,63700000.0,348228.0,388.0,164977.0,72587.0,68966.0,37930.0,,1600000.0,1300000.0,500000.0,,40500000.0,32900000.0,13500000.0,,,,,,,,
194,Tell Ur Girlfriend — Lay Bankz,Tell Ur Girlfriend,Lay Bankz,"['Hip-Hop/Rap', 'Pop']",2.2111833333333335,2024-08-27,2024-04-27,58,58,6,1140000.0,495569569.0,3900000.0,1064.0,137000000.0,1079398.0,47.0,757533.0,470401.0,65211.0,-908.0,2300000.0,1500000.0,100000.0,0.0,73400000.0,45000000.0,5400000.0,1400000.0,944000.0,739000.0,234000.0,0.0,408086987.0,387315030.0,108812886.0,-37643982.0
195,Soul — Lee Brice,Soul,Lee Brice,['Country'],2.7946666666666666,2020-11-20,2022-09-03,99,83,6,,,,,,975864.0,1203.0,,43267.0,19999.0,10284.0,,,,,,,,,,,,,,,,
196,Mutt — Leon Thomas,Mutt,Leon Thomas,['R&B/Soul'],3.2222166666666667,2024-08-08,2025-02-08,100,12,28,121000.0,11055185.0,950000.0,41.0,7700000.0,1557299.0,118.0,51114.0,3135.0,-11075.0,-7.0,114700.0,37000.0,-2400.0,-1800.0,300000.0,0.0,0.0,0.0,20000.0,7000.0,3000.0,1000.0,5296585.0,2127650.0,1004570.0,344117.0
197,Forget Me — Lewis Capaldi,Forget Me,Lewis Capaldi,['Alternative'],3.3912,2022-09-09,2022-10-15,97,58,14,6100000.0,2471748965.0,3400000.0,,18200000.0,5494257.0,5.0,,25412.0,-5209.0,-31461.0,300000.0,200000.0,200000.0,200000.0,3500000.0,3400000.0,3400000.0,3300000.0,,,,,,,,
198,People — Libianca,People,Libianca,"['Afrobeats', 'African', 'Dance']",1.0545666666666667,2023-03-24,2023-05-13,91,80,8,330000.0,62784903.0,,,,323167.0,116.0,307859.0,308932.0,281744.0,72777.0,,,,,,,,,,328460.0,322310.0,165000.0,,62719833.0,62612286.0,39447105.0
199,Stiff Gang — Lil Baby,Stiff Gang,Lil Baby,['Hip-Hop/Rap'],2.8577833333333333,2025-01-03,2025-01-18,86,86,1,9600000.0,9615447468.0,4900000.0,28.0,23400000.0,23184954.0,7.0,-360573.0,-278791.0,-133681.0,-9209.0,400000.0,100000.0,0.0,0.0,2600000.0,900000.0,400000.0,300000.0,580000.0,300000.0,180000.0,70000.0,1017085302.0,475839583.0,193962365.0,0.0
200,Grow Up/Keep It On Speaker — Lil Durk,Grow Up/Keep It On Speaker,Lil Durk,['Hip-Hop/Rap'],3.27235,2022-03-11,2022-03-26,65,65,1,,,1600000.0,11.0,2300000.0,12859944.0,684.0,3783900.0,1751783.0,915178.0,353005.0,,400000.0,200000.0,100000.0,,-5200000.0,-6300000.0,1564900.0,,,,,,,,
201,Mathematical Disrespect — Lil Mabu,Mathematical Disrespect,Lil Mabu,['Hip-Hop/Rap'],1.4717333333333333,2023-05-05,2023-05-20,90,47,4,747000.0,236384972.0,2000000.0,,54700000.0,654001.0,55.0,498209.0,358940.0,225695.0,55253.0,1602600.0,300000.0,0.0,0.0,41600000.0,8200000.0,0.0,0.0,,547000.0,355000.0,91000.0,,185409895.0,131110066.0,30837175.0
202,J Christ — Lil Nas X,J Christ,Lil Nas X,['Pop'],2.5627833333333334,2024-01-12,2024-01-27,69,69,1,19200000.0,6578527359.0,29100000.0,962.0,1100000000.0,11450692.0,54.0,-815084.0,-575255.0,-341435.0,-163303.0,,-100000.0,100000.0,200000.0,,100000000.0,100000000.0,100000000.0,300000.0,100000.0,100000.0,0.0,576069014.0,235657675.0,131787805.0,66099968.0
203,Rocking A Cardigan In Atlanta — Lil Shordie Scott,Rocking A Cardigan In Atlanta,Lil Shordie Scott,"['Hip-Hop/Rap', 'Rap']",1.6137666666666666,2022-01-29,2022-03-12,100,77,3,,,,,,,,,,,,,,,,,,,,,,,,,,,
204,Dark Thoughts — Lil Tecca,Dark Thoughts,Lil Tecca,['Hip-Hop/Rap'],2.283183333333333,2025-03-14,2025-03-29,45,28,17,2810000.0,1024383286.0,2900000.0,5.0,40100000.0,5378552.0,18.0,181122.0,64352.0,-13075.0,1523.0,100000.0,0.0,0.0,0.0,300000.0,100000.0,0.0,0.0,340000.0,220000.0,110000.0,30000.0,234371526.0,140953899.0,74984789.0,23892368.0
205,Beat The Odds — Lil Tjay,Beat The Odds,Lil Tjay,"['Hip-Hop/Rap', 'Pop']",2.5,2022-08-26,2022-09-10,36,36,4,,,5100000.0,,83200000.0,7485403.0,5.0,1137763.0,748642.0,502725.0,51786.0,1400000.0,1300000.0,300000.0,100000.0,27300000.0,25300000.0,2800000.0,1200000.0,,,,,,,,
206,Just Wanna Rock — Lil Uzi Vert,Just Wanna Rock,Lil Uzi Vert,"['House', 'Dance', 'Electronic', 'Bass']",1.59475,2023-07-21,2022-10-29,86,10,32,9400000.0,4636711142.0,2300000.0,18.0,20000000.0,,,,,,,,240000.0,100000.0,0.0,,1440000.0,900000.0,800000.0,,370000.0,190000.0,120000.0,,383304741.0,197733078.0,97441291.0
207,Welcome To Tha Carter — Lil Wayne,Welcome To Tha Carter,Lil Wayne,[],,,2025-06-21,62,62,1,,,,,,,,,,,,,,,,,,,,,,,,,,,
208,The Black Seminole. — Lil Yachty,The Black Seminole.,Lil Yachty,['Alternative'],6.8652,2023-01-27,2023-02-11,80,80,1,2790000.0,1018950231.0,7900000.0,208.0,183900000.0,10549334.0,3.0,139922.0,159677.0,94541.0,23496.0,100000.0,0.0,0.0,0.0,5800000.0,1000000.0,600000.0,500000.0,,,20000.0,10000.0,,,24006034.0,7586096.0
209,Lost — Linkin Park,Lost,Linkin Park,['Alternative'],3.3223666666666665,2023-02-10,2023-02-25,38,38,2,19400000.0,12032087698.0,491900.0,5.0,1100000.0,5947427.0,1612.0,247688.0,135267.0,101733.0,69233.0,218100.0,186000.0,167040.0,154100.0,598600.0,588950.0,584700.0,581600.0,700000.0,100000.0,0.0,0.0,925077858.0,232490867.0,0.0,0.0
210,Hell Yeah — Little Big Town,Hell Yeah,Little Big Town,['Country'],2.9306666666666668,2022-04-11,2022-10-01,91,91,1,,,261100.0,13.0,297600.0,1189541.0,2094.0,2217.0,-2212.0,-889.0,503.0,,,11700.0,2100.0,,,44600.0,4400.0,,,,,,,,
211,About Damn Time — Lizzo,About Damn Time,Lizzo,['Pop'],3.1989666666666667,2022-04-14,2022-04-30,50,1,42,,,21700000.0,1199.0,835900000.0,12100614.0,2600.0,1891471.0,466968.0,173619.0,86432.0,7200000.0,2700000.0,1100000.0,500000.0,420400000.0,170000000.0,61800000.0,25800000.0,,,,,,,,
212,Ceilings — Lizzy McAlpine,Ceilings,Lizzy McAlpine,['Alternative'],3.0481333333333334,2020-09-01,2023-03-04,75,54,13,,,228600.0,47.0,3000000.0,105326.0,241.0,99051.0,78590.0,60279.25,17124.0,,,,35300.0,,,,500000.0,,,,,,,,
213,Messy — Lola Young,Messy,Lola Young,['Alternative'],4.73445,2024-05-29,2024-12-14,90,14,32,78200.0,17520322.0,514000.0,112.0,8400000.0,475370.0,121.0,321461.0,42610.0,24685.0,3696.0,24800.0,-5800.0,-3300.0,-700.0,1100000.0,200000.0,100000.0,100000.0,48500.0,25000.0,9100.0,3400.0,9769132.0,5994283.0,2420546.0,731692.0
214,Ribs — Lorde,Ribs,Lorde,['Alternative'],4.31615,2013-09-27,2025-05-10,99,99,2,,,,,,,,,,,,,,,,,,,,,,,,,,,
215,Over — Lucky Daye,Over,Lucky Daye,['R&B/Soul'],2.83915,2021-09-22,2022-04-02,92,77,7,,,,,,376609.0,7.0,106679.0,72018.0,45481.0,13328.0,,,,,,,,,,,,,,,,
216,But I Got A Beer In My Hand — Luke Bryan,But I Got A Beer In My Hand,Luke Bryan,[],,,2023-08-05,92,91,8,,,,,,,,,,,,,,,,,,,,,,,,,,,
217,Ain't No Love In Oklahoma — Luke Combs,Ain't No Love In Oklahoma,Luke Combs,"['Country', 'Pop']",3.515833333333333,2024-05-18,2024-06-01,23,13,27,3430000.0,4421106871.0,5400000.0,224.0,52100000.0,6458612.0,1417.0,1252373.0,565345.0,318858.0,143844.0,800000.0,400000.0,100000.0,0.0,11000000.0,6000000.0,2900000.0,1300000.0,350000.0,180000.0,100000.0,30000.0,789464705.0,385982872.0,218028658.0,88217365.0
218,Heart To Heart — Mac DeMarco,Heart To Heart,Mac DeMarco,['Alternative'],3.519,2019-05-10,2023-01-28,98,83,4,,,,,,,,,,,,,,,,,,,,,,,,,,,
219,Funny Papers — Mac Miller,Funny Papers,Mac Miller,['Hip-Hop/Rap'],4.399016666666666,2025-01-17,2025-02-01,77,77,1,4660000.0,4217669764.0,,,,12938901.0,23.0,-184536.0,-99474.0,-11486.0,1763.0,,,,,,,,,250000.0,130000.0,80000.0,30000.0,443597607.0,208381115.0,84318367.0,41835212.0
220,Cliche — mgk,Cliche,Machine Gun Kelly,"['Singer/Songwriter', 'Contemporary Singer/Songwriter', 'Rock', 'Adult Alternative']",6.247116666666667,2012-09-07,2025-06-07,62,62,4,,,,,,,,,,,,,,,,,,,,,,,,,,,
221,Chest Pain (I Love) — Malcolm Todd,Chest Pain (I Love),Malcolm Todd,['Alternative'],3.3471166666666665,2024-12-04,2025-04-19,68,68,3,58900.0,19499727.0,334700.0,331.0,15500000.0,113261.0,1.0,69079.0,31622.0,21631.0,7824.0,76400.0,40400.0,37300.0,27400.0,4700000.0,2000000.0,1500000.0,1000000.0,44200.0,12900.0,7700.0,2900.0,18874698.0,8650950.0,4669751.0,1718392.0
222,La Bachata — Manuel Turizo,La Bachata,Manuel Turizo,"['Urbano latino', 'Latin']",2.7106333333333335,2022-05-26,2022-09-03,100,67,21,,,2600000.0,76.0,7400000.0,12057874.0,975.0,852046.0,494492.0,242581.0,72380.0,,1400000.0,200000.0,100000.0,,5200000.0,500000.0,0.0,,,,,,,,
223,Circles Around This Town — Maren Morris,Circles Around This Town,Maren Morris,['Country'],3.2627166666666665,2022-01-16,2022-01-22,63,52,25,,,,,,1589561.0,226.0,58958.0,-3149.0,-2613.0,145.0,,,,,,,,,,,,,,,,
224,Type Dangerous — Mariah Carey,Type Dangerous,Mariah Carey,"['Pop', 'R&B/Soul']",2.9298,2025-06-06,2025-06-21,95,95,1,12000000.0,10162067708.0,11100000.0,160.0,103700000.0,14249463.0,2966.0,817240.0,287898.0,141265.0,44263.0,1400000.0,600000.0,0.0,0.0,20600000.0,4600000.0,2300000.0,600000.0,1200000.0,600000.0,100000.0,0.0,1430753748.0,786016114.0,289881504.0,101805831.0
225,Burning Blue — Mariah The Scientist,Burning Blue,Mariah the Scientist,['R&B/Soul'],3.4338,2025-04-25,2025-05-17,25,25,11,345000.0,283158755.0,446000.0,12.0,1800000.0,2903301.0,90.0,778923.0,529339.0,44986.0,27054.0,176900.0,135900.0,75200.0,54700.0,700000.0,600000.0,500000.0,500000.0,113000.0,78000.0,37000.0,12000.0,130146241.0,78133867.0,39658711.0,13019680.0
226,Run Rudolph Run — Mark Ambor,Run Rudolph Run,Mark Ambor,[],,,2025-01-04,78,78,1,,,,,,,,,,,,,,,,,,,,,,,,,,,
227,Good Morning Gorgeous — Mary J. Blige,Good Morning Gorgeous,Mary J. Blige,['R&B/Soul'],2.9088333333333334,2021-12-03,2022-02-26,83,83,3,,,,,,5352341.0,465.0,607507.0,239268.0,139742.0,54093.0,,,,,,,,,,,,,,,,
228,A Lot More Free — Max McNown,A Lot More Free,Max McNown,['Country'],3.3153333333333332,2024-02-21,2025-08-16,97,97,1,10500.0,2146796.0,754200.0,273.0,11600000.0,64928.0,158.0,,51664.0,40110.0,17861.0,,123600.0,35000.0,2800.0,,3100000.0,1200000.0,200000.0,10486.0,5830.0,3510.0,980.0,2146674.0,2052787.0,1522575.0,709937.0
229,No Caller ID — Megan Moroney,No Caller ID,Megan Moroney,['Country'],3.4793166666666666,2024-01-19,2024-02-03,58,58,2,87900.0,49849380.0,937500.0,333.0,20400000.0,865303.0,569.0,578687.0,272971.0,126445.0,39834.0,422200.0,163900.0,94200.0,68400.0,12500000.0,5500000.0,3400000.0,2600000.0,71200.0,28100.0,11700.0,4200.0,47241572.0,25212607.0,12255511.0,4350780.0
230,Where Them Girls At — Megan Thee Stallion,Where Them Girls At,Megan Thee Stallion,"['Hip-Hop/Rap', 'Rap']",3.1951833333333335,2024-06-28,2024-07-13,77,77,1,6170000.0,2836656299.0,13700000.0,134.0,139600000.0,31769764.0,369.0,758427.0,372176.0,-303602.0,-80741.0,1300000.0,700000.0,100000.0,100000.0,36500000.0,15100000.0,2300000.0,600000.0,470000.0,330000.0,110000.0,30000.0,373015566.0,222213436.0,85529537.0,28767441.0
231,Made You Look — Meghan Trainor,Made You Look,Meghan Trainor,['Pop'],2.2376,2022-10-13,2022-11-05,95,11,21,12400000.0,7391081932.0,12300000.0,363.0,182600000.0,14972130.0,,2094148.0,1206688.0,600675.0,208216.0,3400000.0,1200000.0,811111.1111111119,200000.0,97600000.0,61200000.0,44144444.44444445,16500000.0,,,,0.0,,,,36387438.0
232,Void — Melanie Martinez,Void,Melanie Martinez,['Alternative'],4.131233333333333,2023-03-10,2023-04-15,61,61,1,14200000.0,4094297571.0,7000000.0,8.0,48700000.0,13052621.0,11.0,2115444.0,986063.0,695983.0,483409.0,2400000.0,1000000.0,900000.0,800000.0,19700000.0,10400000.0,9800000.0,9400000.0,,300000.0,200000.0,100000.0,,217997427.0,110993133.0,42183031.0
233,Master Of Puppets — Metallica,Master Of Puppets,Metallica,['Soundtrack'],8.574666666666667,1986-03-03,2022-07-16,40,35,3,,,,,,,,,,,,,,,,,,,,,,,,,,,
234,Holly Jolly Christmas — Michael Buble,Holly Jolly Christmas,Michael Buble,"['Holiday', 'Christmas']",2.02545,2011-10-14,2025-01-04,37,37,1,,,,,,,,,,,,,,,,,,,,,,,,,,,
235,Scared To Start — Michael Marcagi,Scared To Start,Michael Marcagi,['Alternative'],2.6606,2024-01-12,2024-02-17,98,54,23,,,144100.0,29.0,1000000.0,3159.0,,188.0,-6.0,-1.0,0.0,,,,89500.0,,,,684900.0,,,,,,,,
236,Flowers — Miley Cyrus,Flowers,Miley Cyrus,['Pop'],3.3433333333333333,2023-01-12,2023-01-28,1,1,55,16400000.0,6508413132.0,15000000.0,179.0,144900000.0,193042328.0,1208.0,34843102.0,14484904.0,8170301.0,3270437.0,1400000.0,900000.0,900000.0,900000.0,17300000.0,8400000.0,8300000.0,12600000.0,,,100000.0,100000.0,,,155420896.0,52109994.0
237,If I Was A Cowboy — Miranda Lambert,If I Was A Cowboy,Miranda Lambert,['Country'],3.2502166666666668,2021-10-15,2022-02-12,82,53,20,,,,,,4264881.0,1035.0,180537.0,82169.0,46011.0,12771.0,,,,,,,,,,,,,,,,
238,Truth About You — Mitchell Tenpenny,Truth About You,Mitchell Tenpenny,['Country'],3.38395,2021-07-09,2022-07-30,85,54,13,,,,,,271605.0,,36570.0,22781.5,13655.0,4822.0,,,,,,,,,,,,,,,,
239,My Love Mine All Mine — Mitski,My Love Mine All Mine,Mitski,['Alternative'],2.2962166666666666,2023-09-15,2023-10-07,76,26,20,1670000.0,536493174.0,726900.0,14.0,3900000.0,,,,,,,,,,57900.0,,,,500000.0,300000.0,170000.0,110000.0,30000.0,159759842.0,76131630.0,39204989.0,13857653.0
240,See Wat I'm Sayin — Moneybagg Yo,See Wat I'm Sayin,Moneybagg Yo,['Hip-Hop/Rap'],2.445533333333333,2022-05-27,2022-06-11,59,59,3,,,,,,8161376.0,75.0,1444865.0,644317.0,344061.0,94304.0,,,,,,,,,,,,,,,,
241,Dark Til Daylight — Morgan Wallen,Dark Til Daylight,Morgan Wallen,[],,,2025-05-31,50,49,8,,,,,,,,,,,,,,,,,,,,,,,,,,,
242,Made For Me — Muni Long,Made For Me,Muni Long,['R&B/Soul'],3.1333333333333333,2023-09-15,2024-01-27,93,20,22,540000.0,238641907.0,1200000.0,873.0,22300000.0,796045.0,480.0,94869.0,25400.0,9190.0,1609.0,100000.0,0.0,0.0,0.0,2900000.0,600000.0,200000.0,100000.0,104000.0,44000.0,21000.0,6000.0,78421378.0,48067289.0,23168907.0,7282313.0
243,LaLa — Myke Towers,LaLa,Myke Towers,"['Latin', 'Urbano latino']",3.2986666666666666,2023-03-23,2023-07-22,90,43,20,9760000.0,6917677788.0,,,,10108958.0,9.0,720254.0,612319.0,420262.0,232412.0,,,,,,,,,,320000.0,170000.0,60000.0,,651993176.0,347424919.0,116305485.0
244,Nice To Meet You — Myles Smith,Nice To Meet You,Myles Smith,['Singer/Songwriter'],2.933333333333333,2024-11-08,2025-06-14,100,82,10,165000.0,150569683.0,1500000.0,598.0,32500000.0,1415679.0,99.0,1083648.0,306183.0,144614.0,37954.0,778500.0,400000.0,200000.0,100000.0,19500000.0,10200000.0,4600000.0,2500000.0,153500.0,105600.0,45000.0,15000.0,150408289.0,131605019.0,70671254.0,22223552.0
245,Happy — NF,Happy,NF,"['Hip-Hop/Rap', 'Pop']",4.04485,2023-03-25,2023-04-22,54,54,6,9070000.0,4054382276.0,,,,3200221.0,426.0,,,,75045.0,,,,,,,,,,480000.0,350000.0,170000.0,,359225748.0,203225451.0,84390238.0
246,Shotta Flow 6 — NLE Choppa,Shotta Flow 6,NLE Choppa,['Hip-Hop/Rap'],3.2024666666666666,2022-01-28,2022-02-12,86,86,1,,,10500000.0,350.0,153600000.0,4480832.0,19.0,,870418.0,453131.0,136204.0,4900000.0,1600000.0,700000.0,300000.0,70800000.0,26800000.0,12700000.0,4500000.0,,,,,,,,
247,Dah Dah DahDah — Nardo Wick,Dah Dah DahDah,Nardo Wick,['Hip-Hop/Rap'],2.5296,2022-07-22,2022-08-13,89,48,11,,,,,,1505747.0,85.0,1327136.0,557727.0,316251.0,121950.0,,,,,,,,,,,,,,,,
248,Wreckage — Nate Smith,Wreckage,Nate Smith,['Country'],3.54575,2023-04-17,2023-05-13,69,69,3,93800.0,55428621.0,1500000.0,1800.0,18100000.0,134027.0,676.0,97849.0,52841.0,13579.0,3323.0,400000.0,200000.0,100000.0,0.0,8000000.0,3216666.666666666,1100000.0,400000.0,,32500.0,11200.0,3100.0,,26712184.0,13874390.0,4572109.0
249,Loco — Neton Vega,Loco,Neton Vega,"['Urbano latino', 'Latin']",3.1087,2024-12-20,2025-01-11,50,43,20,143000.0,84730925.0,,,,,,,,,,,,,,,,,,,117200.0,70500.0,19000.0,,73845732.0,53079496.0,17255836.0
250,OMG — NewJeans,OMG,NewJeans,"['Dance', 'Hip-Hop/Rap', 'Hip-Hop']",2.5133666666666667,2023-02-10,2023-01-28,91,74,6,2590000.0,670193002.0,5200000.0,146.0,133500000.0,5186716.0,313.0,,4276155.0,2705167.0,1301946.0,,3900000.0,2500000.0,1166666.6666666665,,111800000.0,76100000.0,35466666.66666667,,,1460000.0,580000.0,,,444579530.0,216682999.0
251,Heaven — Niall Horan,Heaven,Niall Horan,['Pop'],3.1007166666666666,2023-10-26,2023-03-04,63,62,7,4620000.0,1015625747.0,6000000.0,203.0,122800000.0,32774756.0,1464.0,2019212.0,809960.0,277662.0,72139.0,1700000.0,400000.0,200000.0,100000.0,80400000.0,24400000.0,8000000.0,2600000.0,120000.0,40000.0,0.0,0.0,104855672.0,49648491.0,14907392.0,0.0
252,Bahm Bahm — Nicki Minaj,Bahm Bahm,Nicki Minaj,['Hip-Hop/Rap'],2.36145,2023-10-13,2023-12-23,95,95,1,26200000.0,10488230906.0,19100000.0,221.0,124900000.0,227478833.0,6546.0,,,,1137990.0,,1800000.0,1300000.0,500000.0,,25100000.0,15700000.0,9700000.0,1300000.0,900000.0,500000.0,100000.0,901400509.0,475297263.0,238898043.0,21518257.0
253,Something In The Way — Nirvana,Something In The Way,Nirvana,"['Alternative', 'Grunge', 'Rock', 'Adult Alternative', 'College Rock']",3.8697166666666667,1991-09-24,2022-03-26,46,46,1,,,,,,,,,,,,,,,,,,,,,,,,,,,
254,Stick Season — Noah Kahan,Stick Season,Noah Kahan,['Alternative'],3.0391166666666667,2022-07-08,2023-10-14,80,9,52,,,300100.0,,4200000.0,127490.0,627.0,28188.0,6949.0,3634.0,1843.0,,35000.0,28800.0,3300.0,,500000.0,300000.0,100000.0,,,,,,,,
255,Keep Up — Odetari,Keep Up,Odetari,['Dance'],2.22045,2024-07-17,2024-10-12,96,96,1,2660000.0,805442959.0,2200000.0,84.0,27500000.0,553362.0,,483861.0,86017.0,31078.0,8993.0,1729700.0,200000.0,100000.0,0.0,19100000.0,4700000.0,2800000.0,1000000.0,2386000.0,500000.0,210000.0,70000.0,698944873.0,398170111.0,183050330.0,69850121.0
256,54321 — Offset,54321,Offset,['Hip-Hop/Rap'],3.0387666666666666,2022-08-19,2022-09-03,88,88,1,,,1300000.0,,1700000.0,19873375.0,10.0,818971.0,212655.0,70100.0,-56827.0,,100000.0,0.0,0.0,,100000.0,100000.0,100000.0,,,,,,,,
257,Memory Lane — Old Dominion,Memory Lane,Old Dominion,['Country'],2.8746666666666667,2023-01-05,2023-04-08,100,27,20,407000.0,503989985.0,282300.0,383.0,1500000.0,971313.0,3227.0,46385.0,25783.0,7534.0,61.0,103300.0,38237.5,13800.0,5800.0,840700.0,500000.0,200000.0,100000.0,,,5000.0,1000.0,,,18528314.0,5579055.0
258,Aint Gotta Dollar — Oliver Anthony Music,Aint Gotta Dollar,Oliver Anthony Music,"['Country', 'Folk']",2.0768,2022-09-10,2023-08-26,82,82,2,,,,,,,,,,,,,,,,,,,,,,,,,,,
259,Vampire — Olivia Rodrigo,Vampire,Olivia Rodrigo,['Pop'],3.6620666666666666,2023-06-30,2023-07-15,1,1,35,10500000.0,3235044442.0,15700000.0,20.0,100100000.0,32129644.0,223.0,5244422.0,2970722.0,1117531.0,486544.0,,533333.333333334,300000.0,200000.0,,6433333.333333328,5900000.0,5700000.0,,500000.0,300000.0,200000.0,,311808448.0,159985079.0,61558225.0
260,Evergreen — Omar Apollo,Evergreen,Omar Apollo,['Pop'],3.6113333333333335,2022-04-08,2022-10-01,62,51,7,,,112100.0,,2800000.0,352899.0,142.0,,40927.0,33902.0,24209.0,,68700.0,63000.0,58800.0,,2564900.0,2420400.0,2296500.0,,,,,,,,
261,I Ain't Worried — OneRepublic,I Ain't Worried,OneRepublic,['Pop'],2.89075,2023-05-12,2022-06-25,76,6,30,10300000.0,7553467912.0,783700.0,126.0,5600000.0,2581662.0,1749.0,295808.0,77974.0,39230.0,-15071.0,258000.0,23441.176470588194,13300.0,1900.0,4681500.0,494117.64705882315,300000.0,100000.0,,200000.0,0.0,0.0,,465943163.0,229085768.0,72261573.0
262,Crazy Train — Ozzy Osbourne,Crazy Train,Ozzy Osbourne,"['Metal', 'Rock', 'Hair Metal', 'Hard Rock', 'Arena Rock']",4.8785,1980-09-20,2025-08-02,46,39,2,,,,,,,,,,,,,,,,,,,,,,,,,,,
263,Trustfall — P!nk,Trustfall,P!nk,['Pop'],3.9532166666666666,2023-01-27,2023-03-04,94,82,4,11800000.0,7571527724.0,3500000.0,,15800000.0,9179158.0,1731.0,,,,,700000.0,600000.0,500000.0,0.0,3000000.0,2500000.0,1900000.0,0.0,,,200000.0,100000.0,,,198899691.0,65944206.0
264,Deeper — PARTYNEXTDOOR,Deeper,PARTYNEXTDOOR,['R&B/Soul'],2.8723,2025-02-14,2025-03-01,31,31,3,1890000.0,1343566514.0,1500000.0,100.0,18600000.0,5799709.0,76.0,950805.0,457469.0,337968.0,229001.0,1030300.0,758600.0,541070.0,100000.0,16300000.0,12100000.0,9230000.0,2800000.0,350000.0,210000.0,120000.0,40000.0,391024528.0,243474361.0,134385402.0,40716603.0
265,Burn It Down — Parker McCollum,Burn It Down,Parker McCollum,['Country'],3.8978166666666665,2023-05-12,2023-11-04,77,42,25,181000.0,177881814.0,627100.0,106.0,4100000.0,960260.0,1276.0,222541.0,97536.0,54478.0,19589.0,180600.0,88890.0,42500.0,9000.0,2100000.0,1130000.0,400000.0,100000.0,,24000.0,14000.0,5000.0,,-12751334.0,20181730.0,6901583.0
266,Girl In Mine — Parmalee,Girl In Mine,Parmalee,['Country'],2.5853333333333333,2021-07-30,2023-07-01,97,81,9,,,,,,114409.0,182.0,2865.0,2611.0,1978.0,1010.0,,,,,,,,,,,,,,,,
267,Lil Boo Thang — Paul Russell,Lil Boo Thang,Paul Russell,"['Pop', 'Hip-Hop/Rap']",1.9039,2023-08-18,2023-09-30,99,14,21,553.0,4081.0,412300.0,181.0,6900000.0,259878.0,83.0,235024.0,233866.0,228281.0,88983.0,137500.0,137200.0,139000.0,60500.0,1900000.0,1700000.0,1700000.0,700000.0,,111.0,114.0,55.0,,,3850.0,1848.0
268,Bye — Peso Pluma,Bye,Peso Pluma,"['Música Mexicana', 'Latin']",3.5496,2023-06-23,2023-06-10,53,48,9,2570000.0,759828533.0,4200000.0,18.0,18800000.0,9467057.0,27.0,,8728895.0,6206078.0,1305896.0,,,3225200.0,700000.0,,,14400000.0,5200000.0,,,2043000.0,750000.0,,,561276860.0,224106225.0
269,Double Life — Pharrell Williams,Double Life,Pharrell Williams,"['Pop', 'Soundtrack']",3.1797,2024-06-14,2024-08-24,89,89,1,4240000.0,2418908942.0,1200000.0,34.0,9200000.0,15186134.0,9.0,567098.0,-26784.0,-67258.0,-22333.0,100000.0,0.0,0.0,0.0,1900000.0,500000.0,300000.0,300000.0,240000.0,120000.0,60000.0,20000.0,262088073.0,142241727.0,72131567.0,24429796.0
270,So Far So Fake — Pierce the Veil,So Far So Fake,Pierce the Veil,"['Alternative', 'Rock']",3.9361,2023-02-10,2025-08-16,88,73,2,1520000.0,428050470.0,,,,1827382.0,966.0,231631.0,188142.0,68911.0,21858.0,,,,,,,,,,,30000.0,10000.0,,,24868524.0,8509558.0
271,Illegal — PinkPantheress,Illegal,PinkPantheress,['Pop'],2.49445,2025-05-09,2025-07-19,96,96,1,,,3600000.0,95.0,40800000.0,2445780.0,23.0,274360.0,206481.0,208939.0,110628.0,600000.0,500000.0,400000.0,300000.0,9900000.0,7300000.0,6700000.0,3500000.0,,,,,,,,
272,All Red — Playboi Carti,All Red,Playboi Carti,['Hip-Hop/Rap'],2.46755,2024-09-13,2024-09-28,15,15,4,3870000.0,1733090892.0,,,,12363574.0,2.0,1569304.0,510880.0,331823.0,209662.0,,,,,,,,,920000.0,300000.0,170000.0,100000.0,344636877.0,156890232.0,74977855.0,17603643.0
273,Barely Holdin' On — Polo G,Barely Holdin' On,Polo G,"['Rap', 'Hip-Hop/Rap']",2.89785,2023-08-20,2023-09-02,68,68,1,5710000.0,3359298663.0,4500000.0,103.0,31200000.0,10813650.0,11.0,267641.0,182672.0,105470.0,41388.0,100000.0,100000.0,100000.0,100000.0,1300000.0,700000.0,500000.0,500000.0,,200000.0,100000.0,50000.0,,236266462.0,110754205.0,36404463.0
274,Wrapped Around Your Finger — Post Malone,Wrapped Around Your Finger,Post Malone,['Hip-Hop/Rap'],3.2260833333333334,2022-06-03,2022-06-18,47,47,2,,,10800000.0,76.0,55200000.0,22249273.0,1032.0,-703922.0,-483946.0,-51493.0,64125.0,,1500000.0,1100000.0,600000.0,,9900000.0,9700000.0,7000000.0,,,,,,,,
275,Brambleton — Pusha T,Brambleton,Pusha T,['Hip-Hop/Rap'],2.848516666666667,2022-04-22,2022-05-07,100,100,1,,,76100.0,7.0,185800.0,2771225.0,44.0,481608.0,271816.0,201447.0,69847.0,,,,,,,,,,,,,,,,
276,Toxic Till The End — ROSE,Toxic Till The End,ROSE,['Pop'],2.6114333333333333,2024-11-27,2024-12-21,90,90,1,13000000.0,1365394128.0,47000000.0,83.0,561300000.0,81238784.0,1073.0,6680336.0,3190048.0,1864455.0,610083.0,6300000.0,4300000.0,2500000.0,1000000.0,143400000.0,100300000.0,79100000.0,28000000.0,6380000.0,5990000.0,5910000.0,2800000.0,1269559628.0,1254885863.0,1250040629.0,715082964.0
277,Dejame Entrar — Rauw Alejandro,Dejame Entrar,Rauw Alejandro,"['Urbano latino', 'Latin', 'African', 'Afro-Beat']",4.2451,2024-07-18,2024-11-30,96,96,1,13700000.0,13505388349.0,16000000.0,55.0,131800000.0,19314865.0,7.0,1627838.0,184030.0,210202.0,59573.0,1400000.0,700000.0,500000.0,0.0,26800000.0,15300000.0,9900000.0,1400000.0,800000.0,300000.0,200000.0,100000.0,1949628680.0,930534712.0,406609563.0,138284671.0
278,Love Me Not — Ravyn Lenae,Love Me Not,Ravyn Lenae,['R&B/Soul'],3.5577833333333335,2024-05-03,2025-04-12,81,5,20,83200.0,26846292.0,,,,168900.0,45.0,3829.0,2073.0,2036.0,1384.0,,,,,,,,,6200.0,2700.0,1400.0,500.0,4749401.0,2335206.0,1322261.0,542065.0
279,Help Me — Real Boston Richey,Help Me,Real Boston Richey,['Hip-Hop/Rap'],3.019433333333333,2024-05-31,2024-08-03,93,47,29,311000.0,302449965.0,149600.0,100.0,2600000.0,648589.0,27.0,115874.0,41131.0,19593.0,-282.0,,2600.0,300.0,200.0,,100000.0,100000.0,0.0,95000.0,41000.0,16000.0,5000.0,122655829.0,62998290.0,27234564.0,9498939.0
280,Black Summer — Red Hot Chili Peppers,Black Summer,Red Hot Chili Peppers,['Alternative'],3.8735333333333335,2022-02-04,2022-02-19,78,78,1,,,,,,4134882.0,1472.0,,207565.0,91833.0,62060.0,,,,,,,,,,,,,,,,
281,One Call — Rich Amiri,One Call,Rich Amiri,['Hip-Hop/Rap'],2.0233166666666667,2023-09-15,2024-02-10,79,60,10,33700.0,7106964.0,130800.0,7.0,2600000.0,148438.0,8.0,78066.0,35580.0,28846.0,19305.0,,61100.0,55700.0,32700.0,,900000.0,800000.0,500000.0,20400.0,10000.0,5300.0,3200.0,5513628.0,3317987.0,1039476.0,491138.0
282,Evergreen — Richy Mitch And The Coal Miners,Evergreen,Richy Mitch And The Coal Miners,['Singer/Songwriter'],1.45,2017-05-17,2024-08-24,83,83,2,,,,,,,,,,,,,,,,,,,,,,,,,,,
283,Lift Me Up — Rihanna,Lift Me Up,Rihanna,"['Pop', 'Soundtrack']",3.258583333333333,2022-10-28,2022-11-12,2,2,20,40100000.0,20540514509.0,,,,137619733.0,4846.0,27030914.0,9484383.0,3032704.0,1366681.0,,,,,,,,,,,,300000.0,,,,174351900.0
284,Worst Way — Riley Green,Worst Way,Riley Green,['Country'],3.6759666666666666,2024-03-29,2024-09-28,100,20,31,312000.0,342393144.0,729000.0,217.0,8100000.0,1379074.0,907.0,369023.0,80687.5,41416.0,22379.0,181400.0,64100.0,19500.0,5600.0,2900000.0,1300000.0,300000.0,100000.0,35000.0,17000.0,8000.0,3000.0,75241388.0,39567216.0,20330407.0,6883228.0
285,Even Love — Rod Wave,Even Love,Rod Wave,"['Rap', 'Hip-Hop/Rap']",2.58065,2024-10-11,2024-10-26,82,82,1,6120000.0,5778858621.0,5200000.0,77.0,47000000.0,7865496.0,58.0,541932.0,182494.0,128128.0,117838.0,700000.0,200000.0,100000.0,0.0,10000000.0,5700000.0,4500000.0,2600000.0,750000.0,330000.0,190000.0,100000.0,1083502485.0,398036895.0,233293166.0,60385219.0
286,Thailand — Roddy Ricch,Thailand,Roddy Ricch,['Hip-Hop/Rap'],3.3493166666666667,2021-12-17,2022-01-01,95,95,1,,,5100000.0,1.0,18100000.0,6598455.0,3.0,106230.0,109828.0,102632.0,58121.0,,400000.0,200000.0,100000.0,,0.0,0.0,0.0,,,,,,,,
287,Snap — Rosa Linn,Snap,Rosa Linn,"['Indie Pop', 'Alternative']",2.9925166666666665,2022-03-19,2022-09-03,97,67,15,,,,,,6954.0,144.0,,,2799.0,2447.0,,,,,,,,,,,,,,,,
288,Despecha — Rosalia,Despecha,Rosalia,"['Pop Latino', 'Latin']",2.6131333333333333,2022-07-28,2022-08-20,98,63,12,,,21400000.0,157.0,210200000.0,21067215.0,944.0,4646188.0,2589968.0,987552.0,286044.0,10400000.0,5800000.0,1700000.0,600000.0,137600000.0,85100000.0,24000000.0,8100000.0,,,,,,,,
289,Linger — Royel Otis,Linger,Royel Otis,"['Indie Pop', 'Alternative']",3.1,2024-04-10,2024-08-10,94,94,1,16000.0,5088557.0,73300.0,158.0,1300000.0,96413.0,222.0,82064.0,73741.0,68756.0,4467.0,,,65492.0,2100.0,,,1225500.0,0.0,13260.0,11020.0,9140.0,2000.0,4344139.0,3593066.0,2781334.0,855447.0
290,Nasty — Russ,Nasty,Russ,"['Hip-Hop/Rap', 'R&B/Soul']",1.9401166666666667,2023-03-17,2023-04-01,96,75,3,5770000.0,2975716254.0,3200000.0,876.0,60200000.0,4101275.0,2776.0,426559.0,180118.0,48385.0,29946.0,900000.0,500000.0,400000.0,200000.0,30600000.0,14300000.0,11900000.0,6300000.0,,140000.0,60000.0,30000.0,,203822316.0,104853139.0,36495071.0
291,Home Sweet — Russell Dickerson,Home Sweet,Russell Dickerson,['Country'],3.43245,2020-06-26,2022-01-15,90,88,7,,,,,,,,,,,,,,,,,,,,,,,,,,,
292,I'm Just Ken — Ryan Gosling,I'm Just Ken,Ryan Gosling,"['Pop', 'Soundtrack']",3.710566666666667,2023-07-20,2023-08-05,87,87,3,,,,,,,,,,,,,,,,,,,,,,,,,,,
293,Equal Dirt — Rylo Rodriguez,Equal Dirt,Rylo Rodriguez,['Hip-Hop/Rap'],3.023833333333333,2023-06-30,2023-08-05,100,100,1,489000.0,371523807.0,,,,,,,,,,,,,,,,,,,63000.0,33000.0,16000.0,,57305553.0,30221151.0,9918000.0
294,Love Me 4 Me — SZA,Love Me 4 Me,SZA,[],,,2025-01-04,79,79,1,,,,,,,,,,,,,,,,,,,,,,,,,,,
295,Nonsense — Sabrina Carpenter,Nonsense,Sabrina Carpenter,['Pop'],2.291916666666667,2022-11-14,2023-01-28,75,56,19,5730000.0,1229652465.0,13200000.0,104.0,153500000.0,27933752.0,122.0,1316330.0,676618.0,286338.0,171059.0,1500000.0,1000000.0,700000.0,266666.66666666605,63800000.0,37200000.0,20300000.0,8400000.0,,,,30000.0,,,,17272312.0
296,Soda Pop — Saja Boys,Soda Pop,Saja Boys,"['K-Pop', 'Pop']",2.511433333333333,2025-06-19,2025-07-12,49,49,1,,,,,,,,,,,,,,,,,,,,,,,,,,,
297,23 — Sam Hunt,23,Sam Hunt,['Country'],2.9953333333333334,2021-09-09,2022-01-08,99,50,20,,,,,,2619823.0,82.0,,,,30163.0,,,,,,,,,,,,,,,,
298,I'm Not Here To Make Friends — Sam Smith,I'm Not Here To Make Friends,Sam Smith,[],,,2023-02-11,71,71,2,,,,,,,,,,,,,,,,,,,,,,,,,,,
299,It Matters To Her — Scotty McCreery,It Matters To Her,Scotty McCreery,['Country'],2.8646666666666665,2021-09-17,2023-04-29,100,49,10,,,,,,612060.0,694.0,17224.0,11082.0,3482.0,959.0,,,,,,,,,,,,,,,,
300,Dos Oruguitas — Sebastian Yatra,Dos Oruguitas,Sebastian Yatra,"['Musicals', 'Soundtrack', 'Original Score', 'Children’s Music', 'Soundtrack', 'Disney']",3.5768833333333334,2021-11-24,2022-01-15,83,36,16,,,16100000.0,236.0,116400000.0,28212522.0,847.0,3330547.0,1255527.0,610119.25,278473.0,4000000.0,1385714.2857142854,500000.0,400000.0,36900000.0,17971428.571428567,11000000.0,7700000.0,,,,,,,,
301,My Mind & Me — Selena Gomez,My Mind & Me,Selena Gomez,['Pop'],2.45995,2022-11-03,2022-11-19,83,83,1,31600000.0,11866442086.0,44200000.0,,394800000.0,354473165.0,1863.0,83605992.0,37246987.0,13300315.0,5111807.0,7700000.0,4300000.0,1700000.0,500000.0,184100000.0,104700000.0,36100000.0,13000000.0,,,,200000.0,,,,103690419.0
302,Get It Sexyy — Sexyy Red,Get It Sexyy,Sexyy Red,['Hip-Hop/Rap'],2.4758666666666667,2024-03-15,2024-03-30,23,20,20,598000.0,237602185.0,1900000.0,767.0,64000000.0,3547368.0,410.0,3458600.0,1631651.0,383762.0,154271.0,,700000.0,200000.0,100000.0,,26500000.0,4600000.0,1600000.0,553500.0,293000.0,142000.0,48000.0,229115722.0,137224130.0,66029790.0,17795769.0
303,Good News — Shaboozey,Good News,Shaboozey,['Country'],3.3201666666666667,2024-11-15,2024-11-30,71,13,38,565000.0,364330711.0,763600.0,,4400000.0,1075787.0,35.0,956337.0,453003.0,106291.0,37746.0,668200.0,258200.0,46600.0,27000.0,3786300.0,1600000.0,400000.0,300000.0,519400.0,396000.0,150000.0,41000.0,347143163.0,306487701.0,135967768.0,38385643.0
304,Acrostico — Shakira,Acrostico,Shakira,"['Pop Latino', 'Latin']",2.846433333333333,2023-05-12,2023-05-27,84,84,1,41900000.0,26759527722.0,36200000.0,209.0,222500000.0,86076819.0,2071.0,13792702.0,8944854.0,3823631.0,342488.0,17000000.0,9600000.0,1700000.0,0.0,139000000.0,76500000.0,12100000.0,1200000.0,,3400000.0,1300000.0,300000.0,,2126222921.0,991726927.0,283157242.0
305,Why Why Why — Shawn Mendes,Why Why Why,Shawn Mendes,[],,,2024-08-24,84,84,1,,,,,,,,,,,,,,,,,,,,,,,,,,,
306,Snowman — Sia,Snowman,Sia,['Holiday'],2.765,2017-11-09,2025-01-04,43,43,1,,,,,,,,,,,,,,,,,,,,,,,,,,,
307,Provider — Sleep Token,Provider,Sleep Token,"['Metal', 'Rock']",6.0984,2025-05-09,2025-05-24,77,77,1,919000.0,511116934.0,463500.0,16.0,1800000.0,1147682.0,81.0,452285.0,283945.0,199316.0,47894.0,,,,,,,,,425000.0,281000.0,217000.0,78000.0,279125958.0,160411031.0,103525120.0,45959557.0
308,Murder On The Dancefloor — Sophie Ellis-Bextor,Murder On The Dancefloor,Sophie Ellis-Bextor,['Pop'],3.8566666666666665,2001-08-27,2024-01-13,98,51,12,,,,,,,,,,,,,,,,,,,,,,,,,,,
309,Waiting On A Miracle — Stephanie Beatriz,Waiting On A Miracle,Stephanie Beatriz,"['Musicals', 'Soundtrack', 'Soundtrack', 'Children’s Music', 'Disney', 'Original Score']",2.6973333333333334,2021-11-19,2022-01-15,82,48,12,,,354700.0,18.0,1600000.0,2333886.0,1918.0,284630.0,154780.0,64981.0,6190.0,,,,,,,,,,,,,,,,
310,Until I Found You — Stephen Sanchez,Until I Found You,Stephen Sanchez,['Singer/Songwriter'],3.081583333333333,2022-03-11,2022-06-11,100,23,41,,,182600.0,,4900000.0,83694.0,93.0,70352.0,65046.0,64342.0,62795.0,,58775.0,60200.0,52833.33333333333,,2700000.0,2900000.0,2300000.0,,,,,,,,
311,Bad Habit — Steve Lacy,Bad Habit,Steve Lacy,['R&B/Soul'],3.1889333333333334,2022-07-14,2022-07-16,100,1,35,,,,,,1710394.0,14.0,811708.0,522348.0,384940.0,240720.0,,,,,,,,,,,,,,,,
312,Chk Chk Boom — Stray Kids,Chk Chk Boom,Stray Kids,"['K-Pop', 'Pop']",2.4675166666666666,2024-07-19,2024-08-03,49,49,1,16900000.0,5239746858.0,25600000.0,437.0,892100000.0,30201541.0,4168.0,4068761.0,1673310.0,804274.0,267005.0,6100000.0,2800000.0,1400000.0,400000.0,402300000.0,214400000.0,139400000.0,38800000.0,3500000.0,1500000.0,800000.0,400000.0,1831281353.0,847115313.0,462174381.0,158917910.0
313,Heart Of A Woman — Summer Walker,Heart Of A Woman,Summer Walker,['R&B/Soul'],2.85,2024-10-25,2024-11-09,57,57,24,2550000.0,2463969686.0,2400000.0,62.0,20100000.0,6283609.0,14.0,166414.0,-31708.0,3599.0,49913.0,100000.0,0.0,0.0,0.0,2100000.0,200000.0,500000.0,300000.0,220000.0,80000.0,50000.0,20000.0,391573325.0,192091882.0,98722177.0,49967338.0
314,Painting Pictures — Superstar Pride,Painting Pictures,Superstar Pride,['Hip-Hop/Rap'],2.097916666666667,2022-10-22,2023-02-25,99,25,15,,,,,,,,,,,,,,,,,,,,,,,,,,,
315,Disco — Surf Curse,Disco,Surf Curse,['Alternative'],2.5460166666666666,2019-06-12,2024-09-21,91,91,1,,,,,,,,,,,,,,,,,,,,,,,,,,,
316,Strategy — Twice,Strategy,TWICE,"['K-Pop', 'Pop']",2.810766666666667,2024-12-06,2025-08-02,92,62,4,17700000.0,6877999310.0,25600000.0,1063.0,834600000.0,29624918.0,4602.0,737777.0,-157196.0,-184927.0,-37650.0,3500000.0,800000.0,200000.0,100000.0,251400000.0,100700000.0,42500000.0,12200000.0,1200000.0,400000.0,200000.0,100000.0,1339374891.0,601933231.0,272717709.0,69042352.0
317,She's All I Wanna Be — Tate McRae,She's All I Wanna Be,Tate McRae,['Pop'],3.4462,2022-02-04,2022-02-19,52,44,20,,,3600000.0,369.0,111700000.0,1858757.0,80.0,421121.0,215510.0,132663.0,39662.0,1500000.0,800000.0,400000.0,100000.0,74400000.0,46000000.0,27800000.0,11400000.0,,,,,,,,
318,Innocent (Taylor's Version) — Taylor Swift,Innocent (Taylor's Version),Taylor Swift,['Pop'],5.486,2021-11-12,2023-07-22,63,63,1,,,6400000.0,17.0,52000000.0,184368893.0,518.0,43566692.0,26722673.0,11620070.0,2446609.0,,,,,,,,,,,,,,,,
319,Lose Control — Teddy Swims,Lose Control,Teddy Swims,['Pop'],3.5114833333333335,2023-06-23,2023-08-26,99,1,104,2600000.0,590033231.0,3600000.0,550.0,25800000.0,2514049.0,541.0,1128640.0,409495.0,405268.0,244597.0,,400000.0,300000.0,200000.0,,3700000.0,3300000.0,2200000.0,,110000.0,60000.0,30000.0,,72331408.0,35760279.0,11556509.0
320,Free Mind — Tems,Free Mind,Tems,"['Alte', 'African']",4.126316666666667,2020-09-25,2022-07-30,90,46,21,,,,,,180611.0,73.0,157504.0,71196.0,29157.0,13432.0,,,,,,,,,,,,,,,,
321,02.02.99 — That Mexican OT,02.02.99,That Mexican OT,['Hip-Hop/Rap'],2.7027,2024-01-09,2024-01-27,88,74,3,942000.0,401981382.0,1500000.0,357.0,16600000.0,1178296.0,36.0,1032254.0,627963.0,110740.0,20251.0,,672500.0,100000.0,100000.0,,8700000.0,2100000.0,900000.0,769000.0,553000.0,168000.0,39000.0,359705287.0,290765481.0,123107222.0,31786933.0
322,Now And Then — The Beatles,Now And Then,The Beatles,['Rock'],4.138883333333333,2010-11-16,2023-11-18,7,7,2,,,,,,,,,,,,,,,,,,,,,,,,,,,
323,High — The Chainsmokers,High,The Chainsmokers,"['Pop', 'Dance']",2.919383333333333,2022-01-28,2022-02-12,57,57,9,,,2200000.0,33.0,34400000.0,6711106.0,14.0,-523743.0,-168608.0,-41355.0,2521.0,400000.0,400000.0,300000.0,300000.0,2400000.0,2300000.0,2300000.0,2000000.0,,,,,,,,
324,This Is Halloween — The Citizens of Halloween,This Is Halloween,The Citizens of Halloween,"['Soundtrack', 'Children’s Music']",3.276,1993-01-01,2023-11-11,41,38,2,,,,,,,,,,,,,,,,,,,,,,,,,,,
325,Thousand Miles — The Kid LAROI,Thousand Miles,The Kid LAROI,"['Pop', 'Hip-Hop/Rap']",2.746366666666667,2022-04-22,2022-05-07,15,15,15,,,3000000.0,18.0,28000000.0,3996260.0,19.0,1216988.0,132614.0,77188.0,25938.0,,300000.0,200000.0,100000.0,,5000000.0,4700000.0,2500000.0,,,,,,,,
326,Back To Me — The Marias,Back To Me,The Marias,[],,,2025-04-19,86,86,1,,,,,,,,,,,,,,,,,,,,,,,,,,,
327,Wanna Be Loved — The Red Clay Strays,Wanna Be Loved,The Red Clay Strays,"['Country', 'Alternative']",3.6218,2024-05-22,2024-08-10,100,100,1,64400.0,21319880.0,,,,476491.0,873.0,,334613.0,177231.0,115958.0,,,,,,,,,60140.0,49300.0,30700.0,8700.0,20767795.0,19187346.0,13924260.0,4150119.0
328,I Love You So — The Walters,I Love You So,The Walters,['Alternative'],2.6706666666666665,2014-11-28,2022-01-15,97,71,16,,,,,,,,,,,,,,,,,,,,,,,,,,,
329,Sacrifice — The Weeknd,Sacrifice,The Weeknd,['R&B/Soul'],3.148633333333333,2022-01-07,2022-01-22,11,11,10,,,4500000.0,41.0,17100000.0,35773225.0,542.0,8300985.0,3601083.0,1689257.0,680918.0,1800000.0,400000.0,300000.0,100000.0,10300000.0,2000000.0,1100000.0,600000.0,,,,,,,,
330,Angels Don't Always Have Wings — Thomas Rhett,Angels Don't Always Have Wings,Thomas Rhett,['Country'],3.34045,2023-01-20,2023-07-29,93,69,9,1460000.0,1476462306.0,909700.0,125.0,8100000.0,4681058.0,,262956.0,37220.0,3287.0,-5290.0,134100.0,54700.0,8600.0,1000.0,2000000.0,700000.0,100000.0,0.0,,,20000.0,0.0,,,36467653.0,10859000.0
331,Spit In My Face! — ThxSoMch,Spit In My Face!,ThxSoMch,['Hip-Hop/Rap'],2.464583333333333,2022-11-01,2023-02-04,100,100,1,4590.0,18657.0,,,,3832.0,2.0,,,,,,,,,,,,,,,,,,,,
332,Standing Room Only — Tim McGraw,Standing Room Only,Tim McGraw,['Country'],3.7748833333333334,2023-03-10,2023-09-02,61,60,10,1200000.0,900829085.0,3300000.0,106.0,17500000.0,3383048.0,947.0,250359.0,142262.0,92924.0,41945.0,800000.0,300000.0,100000.0,0.0,6800000.0,2500000.0,1300000.0,900000.0,,70000.0,30000.0,10000.0,,77696245.0,37766012.0,13305563.0
333,Nasty — Tinashe,Nasty,Tinashe,['R&B/Soul'],2.9337833333333334,2024-04-10,2024-06-15,90,61,16,2020000.0,975890055.0,939400.0,243.0,11600000.0,4543325.0,3665.0,209146.0,-6557.0,-23630.0,-10068.0,43600.0,13000.0,6200.0,3800.0,1000000.0,500000.0,300000.0,300000.0,60000.0,20000.0,10000.0,0.0,63501145.0,28967006.0,9883205.0,0.0
334,Rosones — Tito Double P,Rosones,Tito Double P,"['Música Mexicana', 'Latin']",2.9598333333333335,2024-12-05,2024-12-21,87,76,8,904000.0,1183965876.0,2200000.0,34.0,13000000.0,3282364.0,8.0,,,1856566.0,593841.0,1606100.0,1413500.0,1200000.0,500000.0,12729500.0,10900000.0,9200000.0,3700000.0,857800.0,792000.0,630000.0,261000.0,1147543532.0,1096450153.0,954280401.0,382741788.0
335,Million Dollar Baby — Tommy Richman,Million Dollar Baby,Tommy Richman,['Hip-Hop/Rap'],2.5858666666666665,2024-04-26,2024-05-11,2,2,33,12500.0,1659685.0,147700.0,44.0,3800000.0,62304.0,9.0,54499.0,46764.0,40238.0,33070.0,,,,,,,,,10900.0,9740.0,8620.0,7570.0,1535567.0,958108.0,747265.0,461453.0
336,Favorite Song — Toosii,Favorite Song,Toosii,['Hip-Hop/Rap'],3.4771666666666667,2023-02-17,2023-03-04,51,5,27,1220000.0,816637260.0,2200000.0,141.0,31500000.0,4116971.0,84.0,327142.0,127734.0,92136.0,38466.0,1202600.0,500000.0,300000.0,100000.0,24800000.0,13266666.666666668,8000000.0,3433333.333333332,,,60000.0,20000.0,,,56178642.0,18782890.0
337,The Color Violet — Tory Lanez,The Color Violet,Tory Lanez,['R&B/Soul'],3.77445,2021-12-10,2023-01-14,87,63,9,,,1800000.0,80.0,6900000.0,11198053.0,56.0,1103293.0,699840.0,225147.0,51702.0,400000.0,200000.0,0.0,0.0,2400000.0,900000.0,200000.0,200000.0,,,,,,,,
338,Kick Out — Travis Scott,Kick Out,Travis Scott,['Hip-Hop/Rap'],2.8416333333333332,2025-07-10,2025-07-26,50,50,2,20100000.0,10967977009.0,2400000.0,3.0,2200000.0,59537708.0,3314.0,3451497.0,781411.0,659800.0,97667.0,1000000.0,300000.0,200000.0,0.0,800000.0,300000.0,200000.0,100000.0,1700000.0,700000.0,400000.0,100000.0,1501704151.0,698823261.0,329617147.0,111937305.0
339,One Of Your Girls — Troye Sivan,One Of Your Girls,Troye Sivan,['Pop'],3.0247,2023-10-13,2023-11-04,79,79,1,8030000.0,1893188845.0,3000000.0,262.0,69800000.0,15045006.0,1702.0,,788660.0,353653.0,128910.0,,1100000.0,500000.0,100000.0,,27600000.0,15600000.0,3400000.0,190000.0,150000.0,120000.0,40000.0,232312813.0,133109205.0,89707509.0,24911471.0
340,Wine Into Whiskey — Tucker Wetmore,Wine Into Whiskey,Tucker Wetmore,['Country'],2.7723833333333334,2024-02-23,2024-03-09,77,68,20,7570.0,114487.0,603100.0,86.0,6800000.0,92221.0,102.0,,,,,411000.0,361900.0,361200.0,177000.0,4000000.0,3300000.0,3200000.0,2000000.0,7052.0,6990.0,6970.0,1900.0,98080.0,96258.0,95415.0,34427.0
341,The Craving — Twenty One Pilots,The Craving,Twenty One Pilots,['Alternative'],2.8977833333333334,2024-05-22,2024-06-08,83,83,1,13400000.0,5837797696.0,1100000.0,66.0,7800000.0,8673457.0,1502.0,35215.0,55426.0,128230.0,33999.0,171000.0,133800.0,103800.0,0.0,2400000.0,2100000.0,1900000.0,100000.0,300000.0,200000.0,200000.0,100000.0,664200646.0,398780908.0,231868103.0,117956695.0
342,Thought It Was Love — Ty Myers,Thought It Was Love,Ty Myers,['Country'],4.102366666666667,2025-01-24,2025-05-17,79,79,8,21300.0,15017199.0,97000.0,,1000000.0,261237.0,262.0,,,128158.0,52563.0,,8900.0,0.0,0.0,,148300.0,0.0,0.0,,16310.0,10900.0,5200.0,,14342833.0,9438434.0,3633166.0
343,Push 2 Start — Tyla,Push 2 Start,Tyla,"['Pop', 'R&B/Soul']",2.613766666666667,2024-10-09,2025-02-01,88,88,7,4160000.0,1365486331.0,11700000.0,829.0,179800000.0,9102984.0,206.0,7518350.0,4079776.0,1194176.0,326505.0,7600000.0,3800000.0,600000.0,100000.0,109900000.0,48900000.0,14500000.0,2800000.0,3869000.0,1100000.0,210000.0,50000.0,1312655676.0,476728650.0,137812803.0,28236406.0
344,In Your Love — Tyler Childers,In Your Love,Tyler Childers,['Country'],3.7637833333333335,2023-07-18,2023-08-12,43,43,10,604000.0,538854510.0,,,,,,,,,,,,,,,,,,,62000.0,31000.0,10000.0,,93616772.0,47922050.0,15516315.0
345,Dancin' In The Country — Tyler Hubbard,Dancin' In The Country,Tyler Hubbard,['Country'],2.994083333333333,2022-08-19,2023-02-11,100,23,23,,,,,,741611.0,1141.0,,29558.0,30926.0,9832.0,,,,,,,,,,,,,,,,
346,"Dogtooth — Tyler, The Creator",Dogtooth,"Tyler, The Creator","['Rap', 'Hip-Hop/Rap']",2.6840166666666665,2023-03-27,2023-04-08,81,33,4,4460000.0,1620232239.0,,,,13453457.0,499.0,,,85815.0,80223.0,,,,,,,,,,220000.0,110000.0,50000.0,,158066510.0,80768241.0,26762756.0
347,Love Me Again — V,Love Me Again,V,"['K-Pop', 'Pop']",3.0382166666666666,2023-08-11,2023-08-26,96,96,1,,,,,,61043589.0,90.0,11663299.0,5376559.0,2469991.0,445926.0,,,,,,,,,,,,,,,,
348,On My Mama — Victoria Monet,On My Mama,Victoria Monet,['R&B/Soul'],3.1113,2023-06-16,2023-09-09,98,33,25,253000.0,63861804.0,276100.0,132.0,4100000.0,1117553.0,55.0,50151.0,49010.0,55372.0,16263.0,,50300.0,45200.0,6100.0,,1500000.0,1300000.0,300000.0,,26000.0,23000.0,6000.0,,11881431.0,9385487.0,3413303.0
349,Christmastime Is Here — Vince Guaraldi Trio,Christmastime Is Here,Vince Guaraldi Trio,['Holiday'],2.774,1965-12-09,2022-01-01,48,31,7,,,,,,,,,,,,,,,,,,,,,,,,,,,
350,AA — Walker Hayes,AA,Walker Hayes,['Country'],3.1593333333333335,2021-11-19,2022-01-15,87,28,24,,,2200000.0,222.0,21500000.0,571464.0,1125.0,,344969.0,135338.0,48502.0,,,,200000.0,,,,3300000.0,,,,,,,,
351,Pretty Little Poison — Warren Zeiders,Pretty Little Poison,Warren Zeiders,['Country'],3.636,2023-03-17,2023-08-26,86,19,28,247000.0,79869689.0,2000000.0,605.0,26000000.0,625509.0,348.0,141577.0,95963.5,86345.0,58222.0,300000.0,200000.0,100000.0,0.0,7200000.0,3200000.0,1900000.0,900000.0,,35000.0,14000.0,6000.0,,-22013756.0,9528172.0,3210761.0
352,Vice City — XXXTENTACION,Vice City,XXXTENTACION,['Hip-Hop/Rap'],3.6784833333333333,2022-01-28,2022-02-12,89,89,1,,,,,,19843682.0,1.0,,727494.0,477596.0,199420.0,,,,,,,,,,,,,,,,
353,La Diabla — Xavi,La Diabla,Xavi,"['Música Mexicana', 'Latin']",2.8710666666666667,2023-11-30,2023-12-30,76,20,20,427000.0,133395252.0,1600000.0,62.0,15900000.0,846295.0,18.0,813487.0,763052.0,716174.0,317411.0,,1281000.0,1179700.0,500000.0,,10100000.0,8200000.0,2700000.0,383100.0,373800.0,360000.0,168000.0,127924762.0,126093341.0,123269106.0,73139387.0
354,Toxic — YG,Toxic,YG,['Hip-Hop/Rap'],2.9920833333333334,2022-08-16,2022-10-15,81,81,2,,,531500.0,32.0,2100000.0,8296054.0,9.0,981675.0,621162.0,320709.0,46999.0,216600.0,135600.0,68000.0,22616.666666666686,1839500.0,1506000.0,700000.0,400000.0,,,,,,,,
355,Praise Jah In The Moonlight — YG Marley,Praise Jah In The Moonlight,YG Marley,['Reggae'],4.384,2023-12-27,2024-02-10,74,34,13,13300.0,234529.0,,,,107415.0,28.0,60158.0,55883.0,45126.333333333336,42067.0,,,,,,,,,,,,,,,,
356,Soy El Unico — Yahritza y Su Esencia,Soy El Unico,Yahritza Y Su Esencia,"['Música Mexicana', 'Latin']",3.566666666666667,2022-03-25,2022-04-09,20,20,5,,,,,,,,,,,,,,,,,,,,,,,,,,,
357,Money So Big — Yeat,Money So Big,Yeat,['Hip-Hop/Rap'],2.6675333333333335,2021-09-10,2022-04-02,95,95,4,,,,,,149837.0,14.0,142320.0,140704.0,134346.0,87059.0,,,,,,,,,,,,,,,,
358,Money On The Dresser — Young Thug,Money On The Dresser,Young Thug,['Hip-Hop/Rap'],2.216666666666667,2023-06-22,2023-07-08,78,78,1,6060000.0,4036077753.0,1300000.0,111.0,8300000.0,9482637.0,1.0,-31884.0,83322.0,69402.0,91375.0,100000.0,0.0,0.0,0.0,200000.0,100000.0,100000.0,100000.0,,150000.0,70000.0,20000.0,,234683692.0,112792183.0,36105649.0
359,F**k The Industry Pt. 2 — YoungBoy Never Broke Again,F**k The Industry Pt. 2,YoungBoy Never Broke Again,[],,,2023-05-27,87,87,1,,,,,,,,,,,,,,,,,,,,,,,,,,,
360,Betty (Get Money) — Yung Gravy,Betty (Get Money),Yung Gravy,['Hip-Hop/Rap'],2.4411833333333335,2022-06-10,2022-07-23,68,30,17,,,3700000.0,46.0,57700000.0,1546296.0,117.0,67362.0,62092.0,51014.0,31310.0,,800000.0,300000.0,200000.0,,22700000.0,10700000.0,8500000.0,,,,,,,,
361,Out In The Middle — Zac Brown Band,Out In The Middle,Zac Brown Band,[],,,2022-10-08,95,86,6,,,,,,,,,,,,,,,,,,,,,,,,,,,
362,Boons — Zach Bryan,Boons,Zach Bryan,['Country'],3.0862166666666666,2024-07-04,2024-07-20,74,74,1,1170000.0,1218849496.0,2900000.0,153.0,25000000.0,,,,,,,1000000.0,367567.5675675678,203603.60360360378,60000.0,6400000.0,2040540.5405405425,728828.8288288303,240000.0,455000.0,224000.0,120000.0,40000.0,665790849.0,331071048.0,179547486.0,61932333.0
363,I Never Lie — Zach Top,I Never Lie,Zach Top,"['Traditional Country', 'Country']",3.74845,2024-04-05,2024-09-28,95,24,34,20400.0,4075872.0,,,,215064.0,329.0,180106.0,96826.0,59413.0,14687.0,,,,,,,,,,9700.0,6200.0,1700.0,,2886959.0,1914452.0,618950.0
364,Romantic Homicide — d4vd,Romantic Homicide,d4vd,['Alternative'],2.2105166666666665,2022-07-20,2022-09-17,77,33,20,,,,,,3014.0,0.0,,,,,,,,,,,,,,,,,,,,
365,More — j-hope,More,j-hope,"['K-Pop', 'Pop']",3.000366666666667,2022-07-01,2022-07-16,82,82,1,,,,,,37134724.0,107.0,,12094159.0,4802723.0,1566130.0,,,,,,,,,,,,,,,,
366,Back To Friends — sombr,Back To Friends,sombr,"['Indie Rock', 'Alternative']",3.3172,2024-12-27,2025-04-12,90,30,20,37400.0,23637283.0,523600.0,375.0,30800000.0,147886.0,16.0,44306.0,19605.0,13183.0,4383.0,184900.0,94400.0,53800.0,23400.0,17700000.0,11200000.0,5900000.0,2300000.0,24100.0,14300.0,9400.0,3500.0,20229417.0,13863573.0,9382098.0,3066904.0
