song_id,title,artist,song_length,release_date,entry_week_date,entry_week_pos,peak_pos,lifespan,Adult Alternative,African,Afro-Beat,Afro-fusion,Afrobeats,Alte,Alternative,Arena Rock,Bass,Britpop,Children’s Music,Christian,Christmas,Christmas: Classic,College Rock,Contemporary Latin,Contemporary R&B,Contemporary Singer/Songwriter,Country,Dance,Dirty South,Disney,Electronic,Folk,Grunge,Hair Metal,Hard Rock,Hip-Hop,Hip-Hop/Rap,Holiday,House,Indie Pop,Indie Rock,Jazz,K-Pop,Latin,Metal,Musicals,Música Mexicana,Neo-Soul,Oldies,Original Score,Pop,Pop Latino,R&B/Soul,Rap,Reggae,Rock,Singer/Songwriter,Soundtrack,Traditional Country,Urbano latino,Worldwide
Linus & Lucy — Vince Guaraldi Trio,Linus & Lucy,Vince Guaraldi Trio,3.089916666666667,1965-12-09,2022-01-01,37,37,1,0,0,0,0,0,0,0,0,0,0,0,0,0,0,0,0,0,0,0,0,0,0,0,0,0,0,0,0,0,1,0,0,0,0,0,0,0,0,0,0,0,0,0,0,0,0,0,0,0,0,0,0,0
Christmastime Is Here — Vince Guaraldi Trio,Christmastime Is Here,Vince Guaraldi Trio,2.774,1965-12-09,2022-01-01,48,31,7,0,0,0,0,0,0,0,0,0,0,0,0,0,0,0,0,0,0,0,0,0,0,0,0,0,0,0,0,0,1,0,0,0,0,0,0,0,0,0,0,0,0,0,0,0,0,0,0,0,0,0,0,0
25 Million — Roddy Ricch,25 Million,Roddy Ricch,3.410433333333333,2021-12-17,2022-01-01,77,77,1,0,0,0,0,0,0,0,0,0,0,0,0,0,0,0,0,0,0,0,0,0,0,0,0,0,0,0,0,1,0,0,0,0,0,0,0,0,0,0,0,0,0,0,0,0,0,0,0,0,0,0,0,0
Christmas Isn't Canceled (Just You) — Kelly Clarkson,Christmas Isn't Canceled (Just You),Kelly Clarkson,3.85915,2021-10-15,2022-01-01,79,79,2,0,0,0,0,0,0,0,0,0,0,0,0,0,0,0,0,0,0,0,0,0,0,0,0,0,0,0,0,0,1,0,0,0,0,0,0,0,0,0,0,0,0,0,0,0,0,0,0,0,0,0,0,0
Thailand — Roddy Ricch,Thailand,Roddy Ricch,3.3493166666666667,2021-12-17,2022-01-01,95,95,1,0,0,0,0,0,0,0,0,0,0,0,0,0,0,0,0,0,0,0,0,0,0,0,0,0,0,0,0,1,0,0,0,0,0,0,0,0,0,0,0,0,0,0,0,0,0,0,0,0,0,0,0,0
Surface Pressure — Jessica Darrow,Surface Pressure,Jessica Darrow,3.37045,2021-11-19,2022-01-08,54,8,19,0,0,0,0,0,0,0,0,0,0,1,0,0,0,0,0,0,0,0,0,0,1,0,0,0,0,0,0,0,0,0,0,0,0,0,0,0,1,0,0,0,1,0,0,0,0,0,0,0,1,0,0,0
Christmas Tree — V,Christmas Tree,V,3.4991166666666667,2021-12-24,2022-01-08,79,79,1,0,0,0,0,0,0,0,0,0,0,0,0,0,0,0,0,0,0,0,0,0,0,0,0,0,0,0,0,0,0,0,0,0,0,1,0,0,0,0,0,0,0,1,0,0,0,0,0,0,1,0,0,0
Hrs And Hrs — Muni Long,Hrs And Hrs,Muni Long,3.405283333333333,2021-11-19,2022-01-08,83,16,20,0,0,0,0,0,0,0,0,0,0,0,0,0,0,0,0,0,0,0,0,0,0,0,0,0,0,0,0,0,0,0,0,0,0,0,0,0,0,0,0,0,0,0,0,1,0,0,0,0,0,0,0,0
I Am Woman — Emmy Meli,I Am Woman,Emmy Meli,3.8802166666666666,2021-11-18,2022-01-08,92,74,4,0,0,0,0,0,0,0,0,0,0,0,0,0,0,0,0,0,0,0,0,0,0,0,0,0,0,0,0,0,0,0,0,0,0,0,0,0,0,0,0,0,0,1,0,0,0,0,0,0,0,0,0,0
Pressure — Ari Lennox,Pressure,Ari Lennox,3.2213166666666666,2021-09-10,2022-01-08,94,66,17,0,0,0,0,0,0,0,0,0,0,0,0,0,0,0,0,0,0,0,0,0,0,0,0,0,0,0,0,0,0,0,0,0,0,0,0,0,0,0,0,0,0,0,0,1,0,0,0,0,0,0,0,0
23 — Sam Hunt,23,Sam Hunt,2.9953333333333334,2021-09-09,2022-01-08,99,50,20,0,0,0,0,0,0,0,0,0,0,0,0,0,0,0,0,0,0,1,0,0,0,0,0,0,0,0,0,0,0,0,0,0,0,0,0,0,0,0,0,0,0,0,0,0,0,0,0,0,0,0,0,0
Fingers Crossed — Lauren Spencer-Smith,Fingers Crossed,Lauren Spencer-Smith,2.922416666666667,2022-01-15,2022-01-15,69,19,19,0,0,0,0,0,0,0,0,0,0,0,0,0,0,0,0,0,0,0,0,0,0,0,0,0,0,0,0,0,0,0,0,0,0,0,0,0,0,0,0,0,0,1,0,0,0,0,0,0,0,0,0,0
Waiting On A Miracle — Stephanie Beatriz,Waiting On A Miracle,Stephanie Beatriz,2.6973333333333334,2021-11-19,2022-01-15,82,48,12,0,0,0,0,0,0,0,0,0,0,1,0,0,0,0,0,0,0,0,0,0,1,0,0,0,0,0,0,0,0,0,0,0,0,0,0,0,1,0,0,0,1,0,0,0,0,0,0,0,1,0,0,0
Dos Oruguitas — Sebastian Yatra,Dos Oruguitas,Sebastian Yatra,3.5768833333333334,2021-11-24,2022-01-15,83,36,16,0,0,0,0,0,0,0,0,0,0,1,0,0,0,0,0,0,0,0,0,0,1,0,0,0,0,0,0,0,0,0,0,0,0,0,0,0,1,0,0,0,1,0,0,0,0,0,0,0,1,0,0,0
AA — Walker Hayes,AA,Walker Hayes,3.1593333333333335,2021-11-19,2022-01-15,87,28,24,0,0,0,0,0,0,0,0,0,0,0,0,0,0,0,0,0,0,1,0,0,0,0,0,0,0,0,0,0,0,0,0,0,0,0,0,0,0,0,0,0,0,0,0,0,0,0,0,0,0,0,0,0
Home Sweet — Russell Dickerson,Home Sweet,Russell Dickerson,3.43245,2020-06-26,2022-01-15,90,88,7,0,0,0,0,0,0,0,0,0,0,0,0,0,0,0,0,0,0,1,0,0,0,0,0,0,0,0,0,0,0,0,0,0,0,0,0,0,0,0,0,0,0,0,0,0,0,0,0,0,0,0,0,0
Come Back As A Country Boy — Blake Shelton,Come Back As A Country Boy,Blake Shelton,3.69555,2021-10-01,2022-01-15,91,81,13,0,0,0,0,0,0,0,0,0,0,0,0,0,0,0,0,0,0,1,0,0,0,0,0,0,0,0,0,0,0,0,0,0,0,0,0,0,0,0,0,0,0,0,0,0,0,0,0,0,0,0,0,0
I Love You So — The Walters,I Love You So,The Walters,2.6706666666666665,2014-11-28,2022-01-15,97,71,16,0,0,0,0,0,0,1,0,0,0,0,0,0,0,0,0,0,0,0,0,0,0,0,0,0,0,0,0,0,0,0,0,0,0,0,0,0,0,0,0,0,0,0,0,0,0,0,0,0,0,0,0,0
Sacrifice — The Weeknd,Sacrifice,The Weeknd,3.148633333333333,2022-01-07,2022-01-22,11,11,10,0,0,0,0,0,0,0,0,0,0,0,0,0,0,0,0,0,0,0,0,0,0,0,0,0,0,0,0,0,0,0,0,0,0,0,0,0,0,0,0,0,0,0,0,1,0,0,0,0,0,0,0,0
Gasoline — The Weeknd,Gasoline,The Weeknd,3.5361,2022-01-07,2022-01-22,29,29,2,0,0,0,0,0,0,0,0,0,0,0,0,0,0,0,0,0,0,0,0,0,0,0,0,0,0,0,0,0,0,0,0,0,0,0,0,0,0,0,0,0,0,0,0,1,0,0,0,0,0,0,0,0
Is There Someone Else? — The Weeknd,Is There Someone Else?,The Weeknd,3.3185166666666666,2022-01-07,2022-01-22,31,31,2,0,0,0,0,0,0,0,0,0,0,0,0,0,0,0,0,0,0,0,0,0,0,0,0,0,0,0,0,0,0,0,0,0,0,0,0,0,0,0,0,0,0,0,0,1,0,0,0,0,0,0,0,0
Out Of Time — The Weeknd,Out Of Time,The Weeknd,3.56985,2022-01-07,2022-01-22,32,32,3,0,0,0,0,0,0,0,0,0,0,0,0,0,0,0,0,0,0,0,0,0,0,0,0,0,0,0,0,0,0,0,0,0,0,0,0,0,0,0,0,0,0,0,0,1,0,0,0,0,0,0,0,0
How Do I Make You Love Me? — The Weeknd,How Do I Make You Love Me?,The Weeknd,,,2022-01-22,39,39,1,0,0,0,0,0,0,0,0,0,0,0,0,0,0,0,0,0,0,0,0,0,0,0,0,0,0,0,0,0,0,0,0,0,0,0,0,0,0,0,0,0,0,0,0,0,0,0,0,0,0,0,0,0
Poochie Gown — Gunna,Poochie Gown,Gunna,2.355783333333333,2022-01-07,2022-01-22,42,42,2,0,0,0,0,0,0,0,0,0,0,0,0,0,0,0,0,0,0,0,0,0,0,0,0,0,0,0,0,1,0,0,0,0,0,0,0,0,0,0,0,0,0,0,0,0,0,0,0,0,0,0,0,0
Alotta Cake — Gunna,Alotta Cake,Gunna,3.2331166666666666,2022-01-07,2022-01-22,46,46,2,0,0,0,0,0,0,0,0,0,0,0,0,0,0,0,0,0,0,0,0,0,0,0,0,0,0,0,0,1,0,0,0,0,0,0,0,0,0,0,0,0,0,0,0,0,0,0,0,0,0,0,0,0
Less Than Zero — The Weeknd,Less Than Zero,The Weeknd,3.5302333333333333,2022-01-07,2022-01-22,53,53,2,0,0,0,0,0,0,0,0,0,0,0,0,0,0,0,0,0,0,0,0,0,0,0,0,0,0,0,0,0,0,0,0,0,0,0,0,0,0,0,0,0,0,0,0,1,0,0,0,0,0,0,0,0
Best Friends — The Weeknd,Best Friends,The Weeknd,2.7250666666666667,2022-01-07,2022-01-22,60,60,1,0,0,0,0,0,0,0,0,0,0,0,0,0,0,0,0,0,0,0,0,0,0,0,0,0,0,0,0,0,0,0,0,0,0,0,0,0,0,0,0,0,0,0,0,1,0,0,0,0,0,0,0,0
Livin Wild — Gunna,Livin Wild,Gunna,2.37045,2022-01-07,2022-01-22,61,61,2,0,0,0,0,0,0,0,0,0,0,0,0,0,0,0,0,0,0,0,0,0,0,0,0,0,0,0,0,1,0,0,0,0,0,0,0,0,0,0,0,0,0,0,0,0,0,0,0,0,0,0,0,0
Circles Around This Town — Maren Morris,Circles Around This Town,Maren Morris,3.2627166666666665,2022-01-16,2022-01-22,63,52,25,0,0,0,0,0,0,0,0,0,0,0,0,0,0,0,0,0,0,1,0,0,0,0,0,0,0,0,0,0,0,0,0,0,0,0,0,0,0,0,0,0,0,0,0,0,0,0,0,0,0,0,0,0
Dawn FM — The Weeknd,Dawn FM,The Weeknd,1.604,2022-01-07,2022-01-22,65,65,1,0,0,0,0,0,0,0,0,0,0,0,0,0,0,0,0,0,0,0,0,0,0,0,0,0,0,0,0,0,0,0,0,0,0,0,0,0,0,0,0,0,0,0,0,1,0,0,0,0,0,0,0,0
Private Island — Gunna,Private Island,Gunna,2.2,2022-03-30,2022-01-22,68,68,1,0,0,0,0,0,0,0,0,0,0,0,0,0,0,0,0,0,0,0,0,0,0,0,0,0,0,0,0,1,0,0,0,0,0,0,0,0,0,0,0,0,0,0,0,0,0,0,0,0,0,0,0,0
South To West — Gunna,South To West,Gunna,2.0448833333333334,2022-01-07,2022-01-22,70,70,1,0,0,0,0,0,0,0,0,0,0,0,0,0,0,0,0,0,0,0,0,0,0,0,0,0,0,0,0,1,0,0,0,0,0,0,0,0,0,0,0,0,0,0,0,0,0,0,0,0,0,0,0,0
Starry Eyes — The Weeknd,Starry Eyes,The Weeknd,2.466666666666667,2022-01-07,2022-01-22,79,79,1,0,0,0,0,0,0,0,0,0,0,0,0,0,0,0,0,0,0,0,0,0,0,0,0,0,0,0,0,0,0,0,0,0,0,0,0,0,0,0,0,0,0,0,0,1,0,0,0,0,0,0,0,0
Don't Break My Heart — The Weeknd,Don't Break My Heart,The Weeknd,3.4244833333333333,2022-01-07,2022-01-22,85,85,1,0,0,0,0,0,0,0,0,0,0,0,0,0,0,0,0,0,0,0,0,0,0,0,0,0,0,0,0,0,0,0,0,0,0,0,0,0,0,0,0,0,0,0,0,1,0,0,0,0,0,0,0,0
Flooded — Gunna,Flooded,Gunna,2.533333333333333,2022-01-07,2022-01-22,86,86,1,0,0,0,0,0,0,0,0,0,0,0,0,0,0,0,0,0,0,0,0,0,0,0,0,0,0,0,0,1,0,0,0,0,0,0,0,0,0,0,0,0,0,0,0,0,0,0,0,0,0,0,0,0
Every Angel Is Terrifying — The Weeknd,Every Angel Is Terrifying,The Weeknd,2.7876,2022-01-07,2022-01-22,93,93,1,0,0,0,0,0,0,0,0,0,0,0,0,0,0,0,0,0,0,0,0,0,0,0,0,0,0,0,0,0,0,0,0,0,0,0,0,0,0,0,0,0,0,0,0,1,0,0,0,0,0,0,0,0
Cold December — Rod Wave,Cold December,Rod Wave,3.2003666666666666,2022-01-17,2022-01-29,58,38,6,0,0,0,0,0,0,0,0,0,0,0,0,0,0,0,0,0,0,0,0,0,0,0,0,0,0,0,0,1,0,0,0,0,0,0,0,0,0,0,0,0,0,0,0,0,0,0,0,0,0,0,0,0
Bring The Hook — YoungBoy Never Broke Again,Bring The Hook,YoungBoy Never Broke Again,4.41975,2022-01-14,2022-01-29,61,61,2,0,0,0,0,0,0,0,0,0,0,0,0,0,0,0,0,0,0,0,0,0,0,0,0,0,0,0,0,1,0,0,0,0,0,0,0,0,0,0,0,0,0,0,0,0,0,0,0,0,0,0,0,0
Iffy — Chris Brown,Iffy,Chris Brown,2.8924833333333333,2022-01-14,2022-01-29,71,71,8,0,0,0,0,0,0,0,0,0,0,0,0,0,0,0,0,0,0,0,0,0,0,0,0,0,0,0,0,0,0,0,0,0,0,0,0,0,0,0,0,0,0,0,0,1,0,0,0,0,0,0,0,0
Fish Scale — YoungBoy Never Broke Again,Fish Scale,YoungBoy Never Broke Again,2.8493166666666667,2022-01-04,2022-01-29,82,68,3,0,0,0,0,0,0,0,0,0,0,0,0,0,0,0,0,0,0,0,0,0,0,0,0,0,0,0,0,1,0,0,0,0,0,0,0,0,0,0,0,0,0,0,0,0,0,0,0,0,0,0,0,0
Trouble With A Heartbreak — Jason Aldean,Trouble With A Heartbreak,Jason Aldean,3.2671166666666664,2022-01-14,2022-01-29,88,32,20,0,0,0,0,0,0,0,0,0,0,0,0,0,0,0,0,0,0,1,0,0,0,0,0,0,0,0,0,0,0,0,0,0,0,0,0,0,0,0,0,0,0,0,0,0,0,0,0,0,0,0,0,0
Light Switch — Charlie Puth,Light Switch,Charlie Puth,3.1284,2022-01-20,2022-02-05,42,27,15,0,0,0,0,0,0,0,0,0,0,0,0,0,0,0,0,0,0,0,0,0,0,0,0,0,0,0,0,0,0,0,0,0,0,0,0,0,0,0,0,0,0,1,0,0,0,0,0,0,0,0,0,0
No Switch — YoungBoy Never Broke Again,No Switch,YoungBoy Never Broke Again,3.0117666666666665,2022-01-21,2022-02-05,58,58,2,0,0,0,0,0,0,0,0,0,0,0,0,0,0,0,0,0,0,0,0,0,0,0,0,0,0,0,0,1,0,0,0,0,0,0,0,0,0,0,0,0,0,0,0,0,0,0,0,0,0,0,0,0
Bring It On — YoungBoy Never Broke Again,Bring It On,YoungBoy Never Broke Again,4.078216666666667,2022-01-21,2022-02-05,60,60,1,0,0,0,0,0,0,0,0,0,0,0,0,0,0,0,0,0,0,0,0,0,0,0,0,0,0,0,0,1,0,0,0,0,0,0,0,0,0,0,0,0,0,0,0,0,0,0,0,0,0,0,0,0
Proud — Key Glock,Proud,Key Glock,3.0673333333333335,2022-01-18,2022-02-05,73,73,1,0,0,0,0,0,0,0,0,0,0,0,0,0,0,0,0,0,0,0,0,0,0,0,0,0,0,0,0,1,0,0,0,0,0,0,0,0,0,0,0,0,0,0,0,0,0,0,0,0,0,0,0,0
Know Like I Know — YoungBoy Never Broke Again,Know Like I Know,YoungBoy Never Broke Again,3.8722833333333333,2022-01-18,2022-02-05,74,74,1,0,0,0,0,0,0,0,0,0,0,0,0,0,0,0,0,0,0,0,0,0,0,0,0,0,0,0,0,1,0,0,0,0,0,0,0,0,0,0,0,0,0,0,0,0,0,0,0,0,0,0,0,0
2Hoo — YoungBoy Never Broke Again,2Hoo,YoungBoy Never Broke Again,2.7807333333333335,2022-01-21,2022-02-05,86,86,1,0,0,0,0,0,0,0,0,0,0,0,0,0,0,0,0,0,0,0,0,0,0,0,0,0,0,0,0,1,0,0,0,0,0,0,0,0,0,0,0,0,0,0,0,0,0,0,0,0,0,0,0,0
Long Live — YoungBoy Never Broke Again,Long Live,YoungBoy Never Broke Again,2.65115,2022-01-21,2022-02-05,87,87,1,0,0,0,0,0,0,0,0,0,0,0,0,0,0,0,0,0,0,0,0,0,0,0,0,0,0,0,0,1,0,0,0,0,0,0,0,0,0,0,0,0,0,0,0,0,0,0,0,0,0,0,0,0
Dis & That — YoungBoy Never Broke Again,Dis & That,YoungBoy Never Broke Again,2.9253666666666667,2022-01-21,2022-02-05,89,89,1,0,0,0,0,0,0,0,0,0,0,0,0,0,0,0,0,0,0,0,0,0,0,0,0,0,0,0,0,1,0,0,0,0,0,0,0,0,0,0,0,0,0,0,0,0,0,0,0,0,0,0,0,0
Smoke One — YoungBoy Never Broke Again,Smoke One,YoungBoy Never Broke Again,3.4152,2022-01-21,2022-02-05,97,97,1,0,0,0,0,0,0,0,0,0,0,0,0,0,0,0,0,0,0,0,0,0,0,0,0,0,0,0,0,1,0,0,0,0,0,0,0,0,0,0,0,0,0,0,0,0,0,0,0,0,0,0,0,0
High — The Chainsmokers,High,The Chainsmokers,2.919383333333333,2022-01-28,2022-02-12,57,57,9,0,0,0,0,0,0,0,0,0,0,0,0,0,0,0,0,0,0,0,1,0,0,0,0,0,0,0,0,0,0,0,0,0,0,0,0,0,0,0,0,0,0,1,0,0,0,0,0,0,0,0,0,0
If I Was A Cowboy — Miranda Lambert,If I Was A Cowboy,Miranda Lambert,3.2502166666666668,2021-10-15,2022-02-12,82,53,20,0,0,0,0,0,0,0,0,0,0,0,0,0,0,0,0,0,0,1,0,0,0,0,0,0,0,0,0,0,0,0,0,0,0,0,0,0,0,0,0,0,0,0,0,0,0,0,0,0,0,0,0,0
Shotta Flow 6 — NLE Choppa,Shotta Flow 6,NLE Choppa,3.2024666666666666,2022-01-28,2022-02-12,86,86,1,0,0,0,0,0,0,0,0,0,0,0,0,0,0,0,0,0,0,0,0,0,0,0,0,0,0,0,0,1,0,0,0,0,0,0,0,0,0,0,0,0,0,0,0,0,0,0,0,0,0,0,0,0
Vice City — XXXTENTACION,Vice City,XXXTENTACION,3.6784833333333333,2022-01-28,2022-02-12,89,89,1,0,0,0,0,0,0,0,0,0,0,0,0,0,0,0,0,0,0,0,0,0,0,0,0,0,0,0,0,1,0,0,0,0,0,0,0,0,0,0,0,0,0,0,0,0,0,0,0,0,0,0,0,0
Numb Little Bug — Em Beihold,Numb Little Bug,Em Beihold,2.8206333333333333,2022-01-28,2022-02-12,91,18,32,0,0,0,0,0,0,0,0,0,0,0,0,0,0,0,0,0,0,0,0,0,0,0,0,0,0,0,0,0,0,0,0,0,0,0,0,0,0,0,0,0,0,1,0,0,0,0,0,0,0,0,0,0
Infinity — Jaymes Young,Infinity,Jaymes Young,3.960916666666667,2017-06-23,2022-02-12,94,94,1,0,0,0,0,0,0,1,0,0,0,0,0,0,0,0,0,0,0,0,0,0,0,0,0,0,0,0,0,0,0,0,0,0,0,0,0,0,0,0,0,0,0,0,0,0,0,0,0,0,0,0,0,0
Megan's Piano — Megan Thee Stallion,Megan's Piano,Megan Thee Stallion,,,2022-02-12,97,97,2,0,0,0,0,0,0,0,0,0,0,0,0,0,0,0,0,0,0,0,0,0,0,0,0,0,0,0,0,0,0,0,0,0,0,0,0,0,0,0,0,0,0,0,0,0,0,0,0,0,0,0,0,0
"Colombia, Mi Encanto — Carlos Vives","Colombia, Mi Encanto",Carlos Vives,2.921333333333333,2021-11-24,2022-02-12,100,100,1,0,0,0,0,0,0,0,0,0,0,1,0,0,0,0,0,0,0,0,0,0,1,0,0,0,0,0,0,0,0,0,0,0,0,0,0,0,1,0,0,0,1,0,0,0,0,0,0,0,1,0,0,0
Cigarettes — Juice WRLD,Cigarettes,Juice WRLD,3.792116666666667,2022-02-02,2022-02-19,43,43,5,0,0,0,0,0,0,0,0,0,0,0,0,0,0,0,0,0,0,0,0,0,0,0,0,0,0,0,0,1,0,0,0,0,0,0,0,0,0,0,0,0,0,0,0,0,0,0,0,0,0,0,0,0
She's All I Wanna Be — Tate McRae,She's All I Wanna Be,Tate McRae,3.4462,2022-02-04,2022-02-19,52,44,20,0,0,0,0,0,0,0,0,0,0,0,0,0,0,0,0,0,0,0,0,0,0,0,0,0,0,0,0,0,0,0,0,0,0,0,0,0,0,0,0,0,0,1,0,0,0,0,0,0,0,0,0,0
Black Summer — Red Hot Chili Peppers,Black Summer,Red Hot Chili Peppers,3.8735333333333335,2022-02-04,2022-02-19,78,78,1,0,0,0,0,0,0,1,0,0,0,0,0,0,0,0,0,0,0,0,0,0,0,0,0,0,0,0,0,0,0,0,0,0,0,0,0,0,0,0,0,0,0,0,0,0,0,0,0,0,0,0,0,0
Worst Day — Future,Worst Day,Future,3.08155,2022-02-11,2022-02-26,34,34,3,0,0,0,0,0,0,0,0,0,0,0,0,0,0,0,0,0,0,0,0,0,0,0,0,0,0,0,0,1,0,0,0,0,0,0,0,0,0,0,0,0,0,0,0,0,0,0,0,0,0,0,0,0
Boyfriend — Dove Cameron,Boyfriend,Dove Cameron,2.55,2022-02-11,2022-02-26,73,16,24,0,0,0,0,0,0,0,0,0,0,0,0,0,0,0,0,0,0,0,0,0,0,0,0,0,0,0,0,0,0,0,0,0,0,0,0,0,0,0,0,0,0,1,0,0,0,0,0,0,0,0,0,0
Good Morning Gorgeous — Mary J. Blige,Good Morning Gorgeous,Mary J. Blige,2.9088333333333334,2021-12-03,2022-02-26,83,83,3,0,0,0,0,0,0,0,0,0,0,0,0,0,0,0,0,0,0,0,0,0,0,0,0,0,0,0,0,0,0,0,0,0,0,0,0,0,0,0,0,0,0,0,0,1,0,0,0,0,0,0,0,0
Stay Alive — Jung Kook,Stay Alive,Jung Kook,3.5154666666666667,2022-02-11,2022-02-26,95,95,1,0,0,0,0,0,0,0,0,0,0,0,0,0,0,0,0,0,0,0,0,0,0,0,0,0,0,0,0,0,0,0,0,0,0,1,0,0,0,0,0,0,0,1,0,0,0,0,0,0,0,0,0,0
Nail Tech — Jack Harlow,Nail Tech,Jack Harlow,3.43975,2022-02-18,2022-03-05,18,18,12,0,0,0,0,0,0,0,0,0,0,0,0,0,0,0,0,0,0,0,0,0,0,0,0,0,0,0,0,1,0,0,0,0,0,0,0,0,0,0,0,0,0,0,0,0,0,0,0,0,0,0,0,0
Ahhh Ha — Lil Durk,Ahhh Ha,Lil Durk,3.108966666666667,2022-02-22,2022-03-05,42,18,11,0,0,0,0,0,0,0,0,0,0,0,0,0,0,0,0,0,0,0,0,0,0,0,0,0,0,0,0,1,0,0,0,0,0,0,0,0,0,0,0,0,0,0,0,0,0,0,0,0,0,0,0,0
Banking On Me — Gunna,Banking On Me,Gunna,3.3333333333333335,2022-01-07,2022-03-05,61,61,10,0,0,0,0,0,0,0,0,0,0,0,0,0,0,0,0,0,0,0,0,0,0,0,0,0,0,0,0,1,0,0,0,0,0,0,0,0,0,0,0,0,0,0,0,0,0,0,0,0,0,0,0,0
Poppin — Yeat,Poppin,Yeat,2.78645,2022-02-18,2022-03-05,91,91,1,0,0,0,0,0,0,0,0,0,0,0,0,0,0,0,0,0,0,0,0,0,0,0,0,0,0,0,0,1,0,0,0,0,0,0,0,0,0,0,0,0,0,0,0,0,0,0,0,0,0,0,0,0
Pray — Jessie Murph,Pray,Jessie Murph,2.4377833333333334,2022-02-18,2022-03-05,95,95,1,0,0,0,0,0,0,1,0,0,0,0,0,0,0,0,0,0,0,0,0,0,0,0,0,0,0,0,0,0,0,0,0,0,0,0,0,0,0,0,0,0,0,1,0,0,0,0,0,0,0,0,0,0
Give Heaven Some Hell — HARDY,Give Heaven Some Hell,HARDY,3.6300333333333334,2020-07-24,2022-03-05,100,69,10,0,0,0,0,0,0,0,0,0,0,0,0,0,0,0,0,0,0,1,0,0,0,0,0,0,0,0,0,0,0,0,0,0,0,0,0,0,0,0,0,0,0,0,0,0,0,0,0,0,0,0,0,0
I Hate YoungBoy — YoungBoy Never Broke Again,I Hate YoungBoy,YoungBoy Never Broke Again,4.3636333333333335,2022-02-22,2022-03-12,79,79,4,0,0,0,0,0,0,0,0,0,0,0,0,0,0,0,0,0,0,0,0,0,0,0,0,0,0,0,0,1,0,0,0,0,0,0,0,0,0,0,0,0,0,0,0,0,0,0,0,0,0,0,0,0
Usain Boo — Kodak Black,Usain Boo,Kodak Black,3.1113,2022-02-25,2022-03-12,81,81,1,0,0,0,0,0,0,0,0,0,0,0,0,0,0,0,0,0,0,0,0,0,0,0,0,0,0,0,0,1,0,0,0,0,0,0,0,0,0,0,0,0,0,0,0,0,0,0,0,0,0,0,0,0
I Wish — Kodak Black,I Wish,Kodak Black,2.7626666666666666,2022-02-21,2022-03-12,90,90,1,0,0,0,0,0,0,0,0,0,0,0,0,0,0,0,0,0,0,0,0,0,0,0,0,0,0,0,0,1,0,0,0,0,0,0,0,0,0,0,0,0,0,0,0,0,0,0,0,0,0,0,0,0
Rocking A Cardigan In Atlanta — Lil Shordie Scott,Rocking A Cardigan In Atlanta,Lil Shordie Scott,1.6137666666666666,2022-01-29,2022-03-12,100,77,3,0,0,0,0,0,0,0,0,0,0,0,0,0,0,0,0,0,0,0,0,0,0,0,0,0,0,0,0,1,0,0,0,0,0,0,0,0,0,0,0,0,0,0,0,0,1,0,0,0,0,0,0,0
Publicity Stunt — Gucci Mane,Publicity Stunt,Gucci Mane,3.277633333333333,2022-03-04,2022-03-19,72,72,1,0,0,0,0,0,0,0,0,0,0,0,0,0,0,0,0,0,0,0,0,0,0,0,0,0,0,0,0,1,0,0,0,0,0,0,0,0,0,0,0,0,0,0,0,0,0,0,0,0,0,0,0,0
War — King Von,War,King Von,2.6688833333333335,2022-03-02,2022-03-19,73,73,1,0,0,0,0,0,0,0,0,0,0,0,0,0,0,0,0,0,0,0,0,0,0,0,0,0,0,0,0,1,0,0,0,0,0,0,0,0,0,0,0,0,0,0,0,0,0,0,0,0,0,0,0,0
No Interviews — Lil Durk,No Interviews,Lil Durk,2.996766666666667,2022-03-11,2022-03-26,30,30,3,0,0,0,0,0,0,0,0,0,0,0,0,0,0,0,0,0,0,0,0,0,0,0,0,0,0,0,0,1,0,0,0,0,0,0,0,0,0,0,0,0,0,0,0,0,0,0,0,0,0,0,0,0
Golden Child — Lil Durk,Golden Child,Lil Durk,1.9096666666666666,2022-03-10,2022-03-26,34,34,2,0,0,0,0,0,0,0,0,0,0,0,0,0,0,0,0,0,0,0,0,0,0,0,0,0,0,0,0,1,0,0,0,0,0,0,0,0,0,0,0,0,0,0,0,0,0,0,0,0,0,0,0,0
Something In The Way — Nirvana,Something In The Way,Nirvana,3.8697166666666667,1991-09-24,2022-03-26,46,46,1,1,0,0,0,0,0,1,0,0,0,0,0,0,0,1,0,0,0,0,0,0,0,0,0,1,0,0,0,0,0,0,0,0,0,0,0,0,0,0,0,0,0,0,0,0,0,0,1,0,0,0,0,0
Barbarian — Lil Durk,Barbarian,Lil Durk,2.4874,2022-03-11,2022-03-26,48,48,2,0,0,0,0,0,0,0,0,0,0,0,0,0,0,0,0,0,0,0,0,0,0,0,0,0,0,0,0,1,0,0,0,0,0,0,0,0,0,0,0,0,0,0,0,0,0,0,0,0,0,0,0,0
Shootout @ My Crib — Lil Durk,Shootout @ My Crib,Lil Durk,2.56355,2022-03-11,2022-03-26,53,53,1,0,0,0,0,0,0,0,0,0,0,0,0,0,0,0,0,0,0,0,0,0,0,0,0,0,0,0,0,1,0,0,0,0,0,0,0,0,0,0,0,0,0,0,0,0,0,0,0,0,0,0,0,0
Started From — Lil Durk,Started From,Lil Durk,2.0176666666666665,2022-03-11,2022-03-26,55,55,1,0,0,0,0,0,0,0,0,0,0,0,0,0,0,0,0,0,0,0,0,0,0,0,0,0,0,0,0,1,0,0,0,0,0,0,0,0,0,0,0,0,0,0,0,0,0,0,0,0,0,0,0,0
Headtaps — Lil Durk,Headtaps,Lil Durk,2.898,2022-03-11,2022-03-26,58,58,1,0,0,0,0,0,0,0,0,0,0,0,0,0,0,0,0,0,0,0,0,0,0,0,0,0,0,0,0,1,0,0,0,0,0,0,0,0,0,0,0,0,0,0,0,0,0,0,0,0,0,0,0,0
Smoking & Thinking — Lil Durk,Smoking & Thinking,Lil Durk,2.4565333333333332,2022-03-11,2022-03-26,60,60,2,0,0,0,0,0,0,0,0,0,0,0,0,0,0,0,0,0,0,0,0,0,0,0,0,0,0,0,0,1,0,0,0,0,0,0,0,0,0,0,0,0,0,0,0,0,0,0,0,0,0,0,0,0
Grow Up/Keep It On Speaker — Lil Durk,Grow Up/Keep It On Speaker,Lil Durk,3.27235,2022-03-11,2022-03-26,65,65,1,0,0,0,0,0,0,0,0,0,0,0,0,0,0,0,0,0,0,0,0,0,0,0,0,0,0,0,0,1,0,0,0,0,0,0,0,0,0,0,0,0,0,0,0,0,0,0,0,0,0,0,0,0
Blocklist — Lil Durk,Blocklist,Lil Durk,2.1108833333333332,2022-03-11,2022-03-26,69,69,1,0,0,0,0,0,0,0,0,0,0,0,0,0,0,0,0,0,0,0,0,0,0,0,0,0,0,0,0,1,0,0,0,0,0,0,0,0,0,0,0,0,0,0,0,0,0,0,0,0,0,0,0,0
Federal Nightmares — Lil Durk,Federal Nightmares,Lil Durk,2.5223333333333335,2022-03-11,2022-03-26,85,85,1,0,0,0,0,0,0,0,0,0,0,0,0,0,0,0,0,0,0,0,0,0,0,0,0,0,0,0,0,1,0,0,0,0,0,0,0,0,0,0,0,0,0,0,0,0,0,0,0,0,0,0,0,0
Bones — Imagine Dragons,Bones,Imagine Dragons,2.7544166666666667,2021-03-11,2022-03-26,93,47,20,0,0,0,0,0,0,1,0,0,0,0,0,0,0,0,0,0,0,0,0,0,0,0,0,0,0,0,0,0,0,0,0,0,0,0,0,0,0,0,0,0,0,0,0,0,0,0,0,0,0,0,0,0
Nobody Like U — 4*TOWN (From Disney And Pixar's Turning Red),Nobody Like U,4*TOWN (From Disney And Pixar's Turning Red),2.9553833333333333,2019-11-27,2022-04-02,50,49,5,0,0,0,0,0,0,0,0,0,0,0,0,0,0,0,0,0,0,0,0,0,0,0,0,0,0,0,0,0,0,0,0,0,0,0,0,0,0,0,0,0,0,0,0,0,0,0,0,0,1,0,0,0
Sometimes — Juice WRLD,Sometimes,Juice WRLD,4.327866666666667,2022-03-18,2022-04-02,57,57,1,0,0,0,0,0,0,0,0,0,0,0,0,0,0,0,0,0,0,0,0,0,0,0,0,0,0,0,0,1,0,0,0,0,0,0,0,0,0,0,0,0,0,0,0,0,0,0,0,0,0,0,0,0
Computer Murderers — Lil Durk,Computer Murderers,Lil Durk,2.32555,2022-03-18,2022-04-02,61,61,1,0,0,0,0,0,0,0,0,0,0,0,0,0,0,0,0,0,0,0,0,0,0,0,0,0,0,0,0,1,0,0,0,0,0,0,0,0,0,0,0,0,0,0,0,0,0,0,0,0,0,0,0,0
Ghost Story — Carrie Underwood,Ghost Story,Carrie Underwood,3.0233333333333334,2022-03-18,2022-04-02,72,61,20,0,0,0,0,0,0,0,0,0,0,0,0,0,0,0,0,0,0,1,0,0,0,0,0,0,0,0,0,0,0,0,0,0,0,0,0,0,0,0,0,0,0,0,0,0,0,0,0,0,0,0,0,0
Over — Lucky Daye,Over,Lucky Daye,2.83915,2021-09-22,2022-04-02,92,77,7,0,0,0,0,0,0,0,0,0,0,0,0,0,0,0,0,0,0,0,0,0,0,0,0,0,0,0,0,0,0,0,0,0,0,0,0,0,0,0,0,0,0,0,0,1,0,0,0,0,0,0,0,0
Money So Big — Yeat,Money So Big,Yeat,2.6675333333333335,2021-09-10,2022-04-02,95,95,4,0,0,0,0,0,0,0,0,0,0,0,0,0,0,0,0,0,0,0,0,0,0,0,0,0,0,0,0,1,0,0,0,0,0,0,0,0,0,0,0,0,0,0,0,0,0,0,0,0,0,0,0,0
Soy El Unico — Yahritza y Su Esencia,Soy El Unico,Yahritza Y Su Esencia,3.566666666666667,2022-03-25,2022-04-09,20,20,5,0,0,0,0,0,0,0,0,0,0,0,0,0,0,0,0,0,0,0,0,0,0,0,0,0,0,0,0,0,0,0,0,0,0,0,1,0,0,1,0,0,0,0,0,0,0,0,0,0,0,0,0,0
Envolver — Anitta,Envolver,Anitta,3.2301,2021-11-11,2022-04-09,74,70,6,0,0,0,0,0,0,0,0,0,0,0,0,0,0,0,0,0,0,0,0,0,0,0,0,0,0,0,0,0,0,0,0,0,0,0,1,0,0,0,0,0,0,0,0,0,0,0,0,0,0,0,0,0
Chaotic — Tate McRae,Chaotic,Tate McRae,2.978683333333333,2022-03-25,2022-04-09,80,80,1,0,0,0,0,0,0,0,0,0,0,0,0,0,0,0,0,0,0,0,0,0,0,0,0,0,0,0,0,0,0,0,0,0,0,0,0,0,0,0,0,0,0,1,0,0,0,0,0,0,0,0,0,0
As It Was — Harry Styles,As It Was,Harry Styles,2.7883833333333334,2022-03-31,2022-04-16,1,1,61,0,0,0,0,0,0,0,0,0,0,0,0,0,0,0,0,0,0,0,0,0,0,0,0,0,0,0,0,0,0,0,0,0,0,0,0,0,0,0,0,0,0,1,0,0,0,0,0,0,0,0,0,0
In My Head — Lil Tjay,In My Head,Lil Tjay,2.2544,2022-04-01,2022-04-16,33,33,4,0,0,0,0,0,0,0,0,0,0,0,0,0,0,0,0,0,0,0,0,0,0,0,0,0,0,0,0,1,0,0,0,0,0,0,0,0,0,0,0,0,0,0,0,0,0,0,0,0,0,0,0,0
When You're Gone — Shawn Mendes,When You're Gone,Shawn Mendes,2.8711166666666665,2022-03-31,2022-04-16,38,38,15,0,0,0,0,0,0,0,0,0,0,0,0,0,0,0,0,0,0,0,0,0,0,0,0,0,0,0,0,0,0,0,0,0,0,0,0,0,0,0,0,0,0,1,0,0,0,0,0,0,0,0,0,0
Damn Strait — Scotty McCreery,Damn Strait,Scotty McCreery,3.8371166666666667,2021-09-14,2022-04-16,82,32,20,0,0,0,0,0,0,0,0,0,0,0,0,0,0,0,0,0,0,1,0,0,0,0,0,0,0,0,0,0,0,0,0,0,0,0,0,0,0,0,0,0,0,0,0,0,0,0,0,0,0,0,0,0
Take My Name — Parmalee,Take My Name,Parmalee,2.6317833333333334,2021-07-09,2022-04-16,88,22,20,0,0,0,0,0,0,0,0,0,0,0,0,0,0,0,0,0,0,1,0,0,0,0,0,0,0,0,0,0,0,0,0,0,0,0,0,0,0,0,0,0,0,0,0,0,0,0,0,0,0,0,0,0
Complete Mess — 5 Seconds Of Summer,Complete Mess,5 Seconds Of Summer,3.8614333333333333,2022-03-02,2022-04-16,91,85,3,0,0,0,0,0,0,0,0,0,0,0,0,0,0,0,0,0,0,0,0,0,0,0,0,0,0,0,0,0,0,0,0,0,0,0,0,0,0,0,0,0,0,1,0,0,0,0,0,0,0,0,0,0
4KT Baby — YoungBoy Never Broke Again,4KT Baby,YoungBoy Never Broke Again,2.2857166666666666,2022-04-01,2022-04-16,96,96,1,0,0,0,0,0,0,0,0,0,0,0,0,0,0,0,0,0,0,0,0,0,0,0,0,0,0,0,0,1,0,0,0,0,0,0,0,0,0,0,0,0,0,0,0,0,0,0,0,0,0,0,0,0
First Class — Jack Harlow,First Class,Jack Harlow,2.8991333333333333,2022-04-08,2022-04-23,1,1,28,0,0,0,0,0,0,0,0,0,0,0,0,0,0,0,0,0,0,0,0,0,0,0,0,0,0,0,0,1,0,0,0,0,0,0,0,0,0,0,0,0,0,0,0,0,0,0,0,0,0,0,0,0
Right On — Lil Baby,Right On,Lil Baby,3.5662666666666665,2022-04-08,2022-04-23,13,13,15,0,0,0,0,0,0,0,0,0,0,0,0,0,0,0,0,0,0,0,0,0,0,0,0,0,0,0,0,1,0,0,0,0,0,0,0,0,0,0,0,0,0,0,0,0,0,0,0,0,0,0,0,0
In A Minute — Lil Baby,In A Minute,Lil Baby,3.3411833333333334,2022-04-08,2022-04-23,14,14,28,0,0,0,0,0,0,0,0,0,0,0,0,0,0,0,0,0,0,0,0,0,0,0,0,0,0,0,0,1,0,0,0,0,0,0,0,0,0,0,0,0,0,0,0,0,0,0,0,0,0,0,0,0
Treat Me — Chloe,Treat Me,Chloe,2.4977666666666667,2022-04-08,2022-04-23,81,81,1,0,0,0,0,0,0,0,0,0,0,0,0,0,0,0,0,0,0,0,0,0,0,0,0,0,0,0,0,0,0,0,0,0,0,0,0,0,0,0,0,0,0,1,0,1,0,0,0,0,0,0,0,0
Don't Think Jesus — Morgan Wallen,Don't Think Jesus,Morgan Wallen,3.761083333333333,2022-04-15,2022-04-30,7,7,6,0,0,0,0,0,0,0,0,0,0,0,0,0,0,0,0,0,0,1,0,0,0,0,0,0,0,0,0,0,0,0,0,0,0,0,0,0,0,0,0,0,0,0,0,0,0,0,0,0,0,0,0,0
About Damn Time — Lizzo,About Damn Time,Lizzo,3.1989666666666667,2022-04-14,2022-04-30,50,1,42,0,0,0,0,0,0,0,0,0,0,0,0,0,0,0,0,0,0,0,0,0,0,0,0,0,0,0,0,0,0,0,0,0,0,0,0,0,0,0,0,0,0,1,0,0,0,0,0,0,0,0,0,0
Flowers — Lauren Spencer-Smith,Flowers,Lauren Spencer-Smith,2.6228833333333332,2022-04-14,2022-04-30,55,55,5,0,0,0,0,0,0,0,0,0,0,0,0,0,0,0,0,0,0,0,0,0,0,0,0,0,0,0,0,0,0,0,0,0,0,0,0,0,0,0,0,0,0,1,0,0,0,0,0,0,0,0,0,0
GINE — 6ix9ine,GINE,6ix9ine,2.2474166666666666,2022-04-15,2022-04-30,83,83,1,0,0,0,0,0,0,0,0,0,0,0,0,0,0,0,0,0,0,0,0,0,0,0,0,0,0,0,0,1,0,0,0,0,0,0,0,0,0,0,0,0,0,0,0,0,0,0,0,0,0,0,0,0
Leave You Alone — Kane Brown,Leave You Alone,Kane Brown,3.57065,2022-03-04,2022-04-30,86,86,2,0,0,0,0,0,0,0,0,0,0,0,0,0,0,0,0,0,0,1,0,0,0,0,0,0,0,0,0,0,0,0,0,0,0,0,0,0,0,0,0,0,0,0,0,0,0,0,0,0,0,0,0,0
Fall In Love — Bailey Zimmerman,Fall In Love,Bailey Zimmerman,3.86765,2022-10-14,2022-04-30,99,29,34,0,0,0,0,0,0,0,0,0,0,0,0,0,0,0,0,0,0,1,0,0,0,0,0,0,0,0,0,0,0,0,0,0,0,0,0,0,0,0,0,0,0,0,0,0,0,0,0,0,0,0,0,0
Thousand Miles — The Kid LAROI,Thousand Miles,The Kid LAROI,2.746366666666667,2022-04-22,2022-05-07,15,15,15,0,0,0,0,0,0,0,0,0,0,0,0,0,0,0,0,0,0,0,0,0,0,0,0,0,0,0,0,1,0,0,0,0,0,0,0,0,0,0,0,0,0,1,0,0,0,0,0,0,0,0,0,0
Plan B — Megan Thee Stallion,Plan B,Megan Thee Stallion,2.729416666666667,2022-04-22,2022-05-07,29,29,10,0,0,0,0,0,0,0,0,0,0,0,0,0,0,0,0,0,0,0,0,0,0,0,0,0,0,0,0,1,0,0,0,0,0,0,0,0,0,0,0,0,0,0,0,0,0,0,0,0,0,0,0,0
Provenza — Karol G,Provenza,Karol G,3.4602666666666666,2022-04-21,2022-05-07,36,25,21,0,0,0,0,0,0,0,0,0,0,0,0,0,0,0,0,0,0,0,0,0,0,0,0,0,0,0,0,0,0,0,0,0,0,0,1,0,0,0,0,0,0,0,0,0,0,0,0,0,0,0,1,0
Something In The Orange — Zach Bryan,Something In The Orange,Zach Bryan,3.8002166666666666,2022-04-22,2022-05-07,55,10,66,0,0,0,0,0,0,0,0,0,0,0,0,0,0,0,0,0,0,1,0,0,0,0,0,0,0,0,0,0,0,0,0,0,0,0,0,0,0,0,0,0,0,0,0,0,0,0,0,0,0,0,0,0
Tomorrow Me — Luke Combs,Tomorrow Me,Luke Combs,3.4789,2022-04-22,2022-05-07,61,61,4,0,0,0,0,0,0,0,0,0,0,0,0,0,0,0,0,0,0,1,0,0,0,0,0,0,0,0,0,0,0,0,0,0,0,0,0,0,0,0,0,0,0,0,0,0,0,0,0,0,0,0,0,0
Brambleton — Pusha T,Brambleton,Pusha T,2.848516666666667,2022-04-22,2022-05-07,100,100,1,0,0,0,0,0,0,0,0,0,0,0,0,0,0,0,0,0,0,0,0,0,0,0,0,0,0,0,0,1,0,0,0,0,0,0,0,0,0,0,0,0,0,0,0,0,0,0,0,0,0,0,0,0
Puffin On Zootiez — Future,Puffin On Zootiez,Future,2.882216666666667,2022-04-29,2022-05-14,4,4,19,0,0,0,0,0,0,0,0,0,0,0,0,0,0,0,0,0,0,0,0,0,0,0,0,0,0,0,0,1,0,0,0,0,0,0,0,0,0,0,0,0,0,0,0,0,0,0,0,0,0,0,0,0
712PM — Future,712PM,Future,2.88645,2022-04-29,2022-05-14,8,8,3,0,0,0,0,0,0,0,0,0,0,0,0,0,0,0,0,0,0,0,0,0,0,0,0,0,0,0,0,1,0,0,0,0,0,0,0,0,0,0,0,0,0,0,0,0,0,0,0,0,0,0,0,0
I'm Dat N***a — Future,I'm Dat N***a,Future,,,2022-05-14,10,10,2,0,0,0,0,0,0,0,0,0,0,0,0,0,0,0,0,0,0,0,0,0,0,0,0,0,0,0,0,0,0,0,0,0,0,0,0,0,0,0,0,0,0,0,0,0,0,0,0,0,0,0,0,0
Love You Better — Future,Love You Better,Future,2.158,2022-04-29,2022-05-14,12,12,15,0,0,0,0,0,0,0,0,0,0,0,0,0,0,0,0,0,0,0,0,0,0,0,0,0,0,0,0,1,0,0,0,0,0,0,0,0,0,0,0,0,0,0,0,0,0,0,0,0,0,0,0,0
Massaging Me — Future,Massaging Me,Future,1.7688833333333334,2022-04-29,2022-05-14,20,20,2,0,0,0,0,0,0,0,0,0,0,0,0,0,0,0,0,0,0,0,0,0,0,0,0,0,0,0,0,1,0,0,0,0,0,0,0,0,0,0,0,0,0,0,0,0,0,0,0,0,0,0,0,0
Gold Stacks — Future,Gold Stacks,Future,2.70555,2022-04-29,2022-05-14,29,29,1,0,0,0,0,0,0,0,0,0,0,0,0,0,0,0,0,0,0,0,0,0,0,0,0,0,0,0,0,1,0,0,0,0,0,0,0,0,0,0,0,0,0,0,0,0,0,0,0,0,0,0,0,0
We Jus Wanna Get High — Future,We Jus Wanna Get High,Future,,,2022-05-14,45,45,1,0,0,0,0,0,0,0,0,0,0,0,0,0,0,0,0,0,0,0,0,0,0,0,0,0,0,0,0,0,0,0,0,0,0,0,0,0,0,0,0,0,0,0,0,0,0,0,0,0,0,0,0,0
Holy Ghost — Future,Holy Ghost,Future,2.8377833333333333,2022-04-29,2022-05-14,46,46,1,0,0,0,0,0,0,0,0,0,0,0,0,0,0,0,0,0,0,0,0,0,0,0,0,0,0,0,0,1,0,0,0,0,0,0,0,0,0,0,0,0,0,0,0,0,0,0,0,0,0,0,0,0
Frozen — Lil Baby,Frozen,Lil Baby,2.9858166666666666,2022-04-29,2022-05-14,54,54,2,0,0,0,0,0,0,0,0,0,0,0,0,0,0,0,0,0,0,0,0,0,0,0,0,0,0,0,0,1,0,0,0,0,0,0,0,0,0,0,0,0,0,0,0,0,0,0,0,0,0,0,0,0
Back To The Basics — Future,Back To The Basics,Future,2.95045,2022-04-29,2022-05-14,58,58,1,0,0,0,0,0,0,0,0,0,0,0,0,0,0,0,0,0,0,0,0,0,0,0,0,0,0,0,0,1,0,0,0,0,0,0,0,0,0,0,0,0,0,0,0,0,0,0,0,0,0,0,0,0
The Way Things Going — Future,The Way Things Going,Future,,,2022-05-14,60,60,1,0,0,0,0,0,0,0,0,0,0,0,0,0,0,0,0,0,0,0,0,0,0,0,0,0,0,0,0,0,0,0,0,0,0,0,0,0,0,0,0,0,0,0,0,0,0,0,0,0,0,0,0,0
In The Stars — Benson Boone,In The Stars,Benson Boone,3.6068333333333333,2022-04-29,2022-05-14,82,82,1,0,0,0,0,0,0,0,0,0,0,0,0,0,0,0,0,0,0,0,0,0,0,0,0,0,0,0,0,0,0,0,0,0,0,0,0,0,0,0,0,0,0,1,0,0,0,0,0,0,0,0,0,0
Love Me More — Sam Smith,Love Me More,Sam Smith,3.17765,2022-04-28,2022-05-14,94,73,10,0,0,0,0,0,0,0,0,0,0,0,0,0,0,0,0,0,0,0,0,0,0,0,0,0,0,0,0,0,0,0,0,0,0,0,0,0,0,0,0,0,0,1,0,0,0,0,0,0,0,0,0,0
Moscow Mule — Bad Bunny,Moscow Mule,Bad Bunny,4.099,2022-05-06,2022-05-21,4,4,23,0,0,0,0,0,0,0,0,0,0,0,0,0,0,0,0,0,0,0,0,0,0,0,0,0,0,0,0,0,0,0,0,0,0,0,1,0,0,0,0,0,0,0,0,0,0,0,0,0,0,0,0,0
Titi Me Pregunto — Bad Bunny,Titi Me Pregunto,Bad Bunny,4.06195,2022-05-06,2022-05-21,5,5,30,0,0,0,0,0,0,0,0,0,0,0,0,0,0,0,0,0,0,0,0,0,0,0,0,0,0,0,0,0,0,0,0,0,0,0,1,0,0,0,0,0,0,0,0,0,0,0,0,0,0,0,0,0
Despues de La Playa — Bad Bunny,Despues de La Playa,Bad Bunny,3.84,2022-05-06,2022-05-21,6,6,20,0,0,0,0,0,0,0,0,0,0,0,0,0,0,0,0,0,0,0,0,0,0,0,0,0,0,0,0,0,0,0,0,0,0,0,1,0,0,0,0,0,0,0,0,0,0,0,0,0,0,0,0,0
Thought You Should Know — Morgan Wallen,Thought You Should Know,Morgan Wallen,3.5928666666666667,2022-05-06,2022-05-21,12,7,52,0,0,0,0,0,0,0,0,0,0,0,0,0,0,0,0,0,0,1,0,0,0,0,0,0,0,0,0,0,0,0,0,0,0,0,0,0,0,0,0,0,0,0,0,0,0,0,0,0,0,0,0,0
The Heart Part 5 — Kendrick Lamar,The Heart Part 5,Kendrick Lamar,5.53715,2022-05-08,2022-05-21,15,15,2,0,0,0,0,0,0,0,0,0,0,0,0,0,0,0,0,0,0,0,0,0,0,0,0,0,0,0,0,1,0,0,0,0,0,0,0,0,0,0,0,0,0,0,0,0,0,0,0,0,0,0,0,0
Un Ratito — Bad Bunny,Un Ratito,Bad Bunny,2.948933333333333,2022-05-06,2022-05-21,16,16,16,0,0,0,0,0,0,0,0,0,0,0,0,0,0,0,0,0,0,0,0,0,0,0,0,0,0,0,0,0,0,0,0,0,0,0,1,0,0,0,0,0,0,0,0,0,0,0,0,0,0,0,0,0
Dua Lipa — Jack Harlow,Dua Lipa,Jack Harlow,2.2508833333333333,2022-05-06,2022-05-21,21,21,4,0,0,0,0,0,0,0,0,0,0,0,0,0,0,0,0,0,0,0,0,0,0,0,0,0,0,0,0,1,0,0,0,0,0,0,0,0,0,0,0,0,0,0,0,0,0,0,0,0,0,0,0,0
Yo No Soy Celoso — Bad Bunny,Yo No Soy Celoso,Bad Bunny,,,2022-05-21,22,22,6,0,0,0,0,0,0,0,0,0,0,0,0,0,0,0,0,0,0,0,0,0,0,0,0,0,0,0,0,0,0,0,0,0,0,0,0,0,0,0,0,0,0,0,0,0,0,0,0,0,0,0,0,0
Neverita — Bad Bunny,Neverita,Bad Bunny,2.8853166666666668,2022-05-06,2022-05-21,31,31,14,0,0,0,0,0,0,0,0,0,0,0,0,0,0,0,0,0,0,0,0,0,0,0,0,0,0,0,0,0,0,0,0,0,0,0,1,0,0,0,0,0,0,0,0,0,0,0,0,0,0,0,0,0
Efecto — Bad Bunny,Efecto,Bad Bunny,3.5510166666666665,2022-05-06,2022-05-21,34,34,22,0,0,0,0,0,0,0,0,0,0,0,0,0,0,0,0,0,0,0,0,0,0,0,0,0,0,0,0,0,0,0,0,0,0,0,1,0,0,0,0,0,0,0,0,0,0,0,0,0,0,0,0,0
Aguacero — Bad Bunny,Aguacero,Bad Bunny,3.5164833333333334,2022-05-06,2022-05-21,44,44,3,0,0,0,0,0,0,0,0,0,0,0,0,0,0,0,0,0,0,0,0,0,0,0,0,0,0,0,0,0,0,0,0,0,0,0,1,0,0,0,0,0,0,0,0,0,0,0,0,0,0,0,0,0
Dos Mil 16 — Bad Bunny,Dos Mil 16,Bad Bunny,,,2022-05-21,45,45,3,0,0,0,0,0,0,0,0,0,0,0,0,0,0,0,0,0,0,0,0,0,0,0,0,0,0,0,0,0,0,0,0,0,0,0,0,0,0,0,0,0,0,0,0,0,0,0,0,0,0,0,0,0
This Love (Taylor's Version) — Taylor Swift,This Love (Taylor's Version),Taylor Swift,3.7182166666666667,2021-11-12,2022-05-21,50,42,2,0,0,0,0,0,0,0,0,0,0,0,0,0,0,0,0,0,0,0,0,0,0,0,0,0,0,0,0,0,0,0,0,0,0,0,0,0,0,0,0,0,0,1,0,0,0,0,0,0,0,0,0,0
El Apagon — Bad Bunny,El Apagon,Bad Bunny,3.3636,2022-05-06,2022-05-21,54,54,2,0,0,0,0,0,0,0,0,0,0,0,0,0,0,0,0,0,0,0,0,0,0,0,0,0,0,0,0,0,0,0,0,0,0,0,1,0,0,0,0,0,0,0,0,0,0,0,0,0,0,0,0,0
Un Verano Sin Ti — Bad Bunny,Un Verano Sin Ti,Bad Bunny,,,2022-05-21,55,55,1,0,0,0,0,0,0,0,0,0,0,0,0,0,0,0,0,0,0,0,0,0,0,0,0,0,0,0,0,0,0,0,0,0,0,0,0,0,0,0,0,0,0,0,0,0,0,0,0,0,0,0,0,0
Un Coco — Bad Bunny,Un Coco,Bad Bunny,3.27355,2022-05-06,2022-05-21,56,56,3,0,0,0,0,0,0,0,0,0,0,0,0,0,0,0,0,0,0,0,0,0,0,0,0,0,0,0,0,0,0,0,0,0,0,0,1,0,0,0,0,0,0,0,0,0,0,0,0,0,0,0,0,0
Me Fui de Vacaciones — Bad Bunny,Me Fui de Vacaciones,Bad Bunny,,,2022-05-21,59,59,2,0,0,0,0,0,0,0,0,0,0,0,0,0,0,0,0,0,0,0,0,0,0,0,0,0,0,0,0,0,0,0,0,0,0,0,0,0,0,0,0,0,0,0,0,0,0,0,0,0,0,0,0,0
Ensename A Bailar — Bad Bunny,Ensename A Bailar,Bad Bunny,2.933333333333333,2022-05-06,2022-05-21,60,60,2,0,0,0,0,0,0,0,0,0,0,0,0,0,0,0,0,0,0,0,0,0,0,0,0,0,0,0,0,0,0,0,0,0,0,0,1,0,0,0,0,0,0,0,0,0,0,0,0,0,0,0,0,0
Agosto — Bad Bunny,Agosto,Bad Bunny,2.31735,2022-05-06,2022-05-21,74,74,1,0,0,0,0,0,0,0,0,0,0,0,0,0,0,0,0,0,0,0,0,0,0,0,0,0,0,0,0,0,0,0,0,0,0,0,1,0,0,0,0,0,0,0,0,0,0,0,0,0,0,0,0,0
Hold My Hand — Lady Gaga,Hold My Hand,Lady Gaga,3.755,2022-05-03,2022-05-21,82,49,10,0,0,0,0,0,0,0,0,0,0,0,0,0,0,0,0,0,0,0,0,0,0,0,0,0,0,0,0,0,0,0,0,0,0,0,0,0,0,0,0,0,0,1,0,0,0,0,0,0,0,0,0,0
Whiskey On You — Nate Smith,Whiskey On You,Nate Smith,3.0631666666666666,2023-04-17,2022-05-21,84,43,34,0,0,0,0,0,0,0,0,0,0,0,0,0,0,0,0,0,0,1,0,0,0,0,0,0,0,0,0,0,0,0,0,0,0,0,0,0,0,0,0,0,0,0,0,0,0,0,0,0,0,0,0,0
I'd Do Anything To Make You Smile — Jack Harlow,I'd Do Anything To Make You Smile,Jack Harlow,3.229416666666667,2022-05-06,2022-05-21,88,88,1,0,0,0,0,0,0,0,0,0,0,0,0,0,0,0,0,0,0,0,0,0,0,0,0,0,0,0,0,1,0,0,0,0,0,0,0,0,0,0,0,0,0,0,0,0,0,0,0,0,0,0,0,0
Young Harleezy — Jack Harlow,Young Harleezy,Jack Harlow,3.7473666666666667,2022-05-06,2022-05-21,97,97,1,0,0,0,0,0,0,0,0,0,0,0,0,0,0,0,0,0,0,0,0,0,0,0,0,0,0,0,0,1,0,0,0,0,0,0,0,0,0,0,0,0,0,0,0,0,0,0,0,0,0,0,0,0
N95 — Kendrick Lamar,N95,Kendrick Lamar,3.265833333333333,2022-05-13,2022-05-28,3,3,6,0,0,0,0,0,0,0,0,0,0,0,0,0,0,0,0,0,0,0,0,0,0,0,0,0,0,0,0,1,0,0,0,0,0,0,0,0,0,0,0,0,0,0,0,0,0,0,0,0,0,0,0,0
You Proof — Morgan Wallen,You Proof,Morgan Wallen,2.624633333333333,2022-05-13,2022-05-28,6,5,62,0,0,0,0,0,0,0,0,0,0,0,0,0,0,0,0,0,0,1,0,0,0,0,0,0,0,0,0,0,0,0,0,0,0,0,0,0,0,0,0,0,0,0,0,0,0,0,0,0,0,0,0,0
United In Grief — Kendrick Lamar,United In Grief,Kendrick Lamar,4.2563,2022-05-13,2022-05-28,8,8,2,0,0,0,0,0,0,0,0,0,0,0,0,0,0,0,0,0,0,0,0,0,0,0,0,0,0,0,0,1,0,0,0,0,0,0,0,0,0,0,0,0,0,0,0,0,0,0,0,0,0,0,0,0
Rich Spirit — Kendrick Lamar,Rich Spirit,Kendrick Lamar,3.3714333333333335,2022-05-13,2022-05-28,13,13,3,0,0,0,0,0,0,0,0,0,0,0,0,0,0,0,0,0,0,0,0,0,0,0,0,0,0,0,0,1,0,0,0,0,0,0,0,0,0,0,0,0,0,0,0,0,0,0,0,0,0,0,0,0
Worldwide Steppers — Kendrick Lamar,Worldwide Steppers,Kendrick Lamar,3.38945,2022-05-13,2022-05-28,19,19,1,0,0,0,0,0,0,0,0,0,0,0,0,0,0,0,0,0,0,0,0,0,0,0,0,0,0,0,0,1,0,0,0,0,0,0,0,0,0,0,0,0,0,0,0,0,0,0,0,0,0,0,0,0
Count Me Out — Kendrick Lamar,Count Me Out,Kendrick Lamar,4.727366666666667,2022-05-13,2022-05-28,20,20,2,0,0,0,0,0,0,0,0,0,0,0,0,0,0,0,0,0,0,0,0,0,0,0,0,0,0,0,0,1,0,0,0,0,0,0,0,0,0,0,0,0,0,0,0,0,0,0,0,0,0,0,0,0
Rich (Interlude) — Kendrick Lamar,Rich (Interlude),Kendrick Lamar,1.7219833333333334,2022-05-13,2022-05-28,33,33,1,0,0,0,0,0,0,0,0,0,0,0,0,0,0,0,0,0,0,0,0,0,0,0,0,0,0,0,0,1,0,0,0,0,0,0,0,0,0,0,0,0,0,0,0,0,0,0,0,0,0,0,0,0
Crown — Kendrick Lamar,Crown,Kendrick Lamar,4.404983333333333,2022-05-13,2022-05-28,41,41,1,0,0,0,0,0,0,0,0,0,0,0,0,0,0,0,0,0,0,0,0,0,0,0,0,0,0,0,0,1,0,0,0,0,0,0,0,0,0,0,0,0,0,0,0,0,0,0,0,0,0,0,0,0
Auntie Diaries — Kendrick Lamar,Auntie Diaries,Kendrick Lamar,4.6845,2022-05-13,2022-05-28,47,47,1,0,0,0,0,0,0,0,0,0,0,0,0,0,0,0,0,0,0,0,0,0,0,0,0,0,0,0,0,1,0,0,0,0,0,0,0,0,0,0,0,0,0,0,0,0,0,0,0,0,0,0,0,0
Savior (Interlude) — Kendrick Lamar,Savior (Interlude),Kendrick Lamar,2.5497666666666667,2022-05-13,2022-05-28,51,51,1,0,0,0,0,0,0,0,0,0,0,0,0,0,0,0,0,0,0,0,0,0,0,0,0,0,0,0,0,1,0,0,0,0,0,0,0,0,0,0,0,0,0,0,0,0,0,0,0,0,0,0,0,0
Mirror — Kendrick Lamar,Mirror,Kendrick Lamar,4.2668,2022-05-13,2022-05-28,55,55,1,0,0,0,0,0,0,0,0,0,0,0,0,0,0,0,0,0,0,0,0,0,0,0,0,0,0,0,0,1,0,0,0,0,0,0,0,0,0,0,0,0,0,0,0,0,0,0,0,0,0,0,0,0
Late Night Talking — Harry Styles,Late Night Talking,Harry Styles,2.9659166666666668,2022-05-20,2022-06-04,4,3,24,0,0,0,0,0,0,0,0,0,0,0,0,0,0,0,0,0,0,0,0,0,0,0,0,0,0,0,0,0,0,0,0,0,0,0,0,0,0,0,0,0,0,1,0,0,0,0,0,0,0,0,0,0
Music For A Sushi Restaurant — Harry Styles,Music For A Sushi Restaurant,Harry Styles,3.2302166666666667,2022-05-20,2022-06-04,8,8,18,0,0,0,0,0,0,0,0,0,0,0,0,0,0,0,0,0,0,0,0,0,0,0,0,0,0,0,0,0,0,0,0,0,0,0,0,0,0,0,0,0,0,1,0,0,0,0,0,0,0,0,0,0
Matilda — Harry Styles,Matilda,Harry Styles,4.0994,2022-05-20,2022-06-04,9,9,4,0,0,0,0,0,0,0,0,0,0,0,0,0,0,0,0,0,0,0,0,0,0,0,0,0,0,0,0,0,0,0,0,0,0,0,0,0,0,0,0,0,0,1,0,0,0,0,0,0,0,0,0,0
Daylight — Harry Styles,Daylight,Harry Styles,2.7422166666666667,2022-05-20,2022-06-04,13,13,4,0,0,0,0,0,0,0,0,0,0,0,0,0,0,0,0,0,0,0,0,0,0,0,0,0,0,0,0,0,0,0,0,0,0,0,0,0,0,0,0,0,0,1,0,0,0,0,0,0,0,0,0,0
Little Freak — Harry Styles,Little Freak,Harry Styles,3.3697166666666667,2022-05-20,2022-06-04,14,14,3,0,0,0,0,0,0,0,0,0,0,0,0,0,0,0,0,0,0,0,0,0,0,0,0,0,0,0,0,0,0,0,0,0,0,0,0,0,0,0,0,0,0,1,0,0,0,0,0,0,0,0,0,0
Grapejuice — Harry Styles,Grapejuice,Harry Styles,3.199316666666667,2022-05-20,2022-06-04,15,15,3,0,0,0,0,0,0,0,0,0,0,0,0,0,0,0,0,0,0,0,0,0,0,0,0,0,0,0,0,0,0,0,0,0,0,0,0,0,0,0,0,0,0,1,0,0,0,0,0,0,0,0,0,0
Satellite — Harry Styles,Satellite,Harry Styles,3.64295,2022-05-20,2022-06-04,21,21,3,0,0,0,0,0,0,0,0,0,0,0,0,0,0,0,0,0,0,0,0,0,0,0,0,0,0,0,0,0,0,0,0,0,0,0,0,0,0,0,0,0,0,1,0,0,0,0,0,0,0,0,0,0
Cinema — Harry Styles,Cinema,Harry Styles,4.058466666666667,2022-05-20,2022-06-04,22,22,2,0,0,0,0,0,0,0,0,0,0,0,0,0,0,0,0,0,0,0,0,0,0,0,0,0,0,0,0,0,0,0,0,0,0,0,0,0,0,0,0,0,0,1,0,0,0,0,0,0,0,0,0,0
Daydreaming — Harry Styles,Daydreaming,Harry Styles,3.1223666666666667,2022-05-20,2022-06-04,24,24,2,0,0,0,0,0,0,0,0,0,0,0,0,0,0,0,0,0,0,0,0,0,0,0,0,0,0,0,0,0,0,0,0,0,0,0,0,0,0,0,0,0,0,1,0,0,0,0,0,0,0,0,0,0
Keep Driving — Harry Styles,Keep Driving,Harry Styles,2.3373666666666666,2022-05-20,2022-06-04,25,25,2,0,0,0,0,0,0,0,0,0,0,0,0,0,0,0,0,0,0,0,0,0,0,0,0,0,0,0,0,0,0,0,0,0,0,0,0,0,0,0,0,0,0,1,0,0,0,0,0,0,0,0,0,0
Love Of My Life — Harry Styles,Love Of My Life,Harry Styles,3.193966666666667,2022-05-20,2022-06-04,29,29,2,0,0,0,0,0,0,0,0,0,0,0,0,0,0,0,0,0,0,0,0,0,0,0,0,0,0,0,0,0,0,0,0,0,0,0,0,0,0,0,0,0,0,1,0,0,0,0,0,0,0,0,0,0
Boyfriends — Harry Styles,Boyfriends,Harry Styles,3.2424,2022-05-20,2022-06-04,30,30,2,0,0,0,0,0,0,0,0,0,0,0,0,0,0,0,0,0,0,0,0,0,0,0,0,0,0,0,0,0,0,0,0,0,0,0,0,0,0,0,0,0,0,1,0,0,0,0,0,0,0,0,0,0
Like I Love Country Music — Kane Brown,Like I Love Country Music,Kane Brown,3.9133333333333336,2022-05-06,2022-06-04,74,26,20,0,0,0,0,0,0,0,0,0,0,0,0,0,0,0,0,0,0,1,0,0,0,0,0,0,0,0,0,0,0,0,0,0,0,0,0,0,0,0,0,0,0,0,0,0,0,0,0,0,0,0,0,0
DFMU — Ella Mai,DFMU,Ella Mai,3.29195,2022-01-28,2022-06-04,99,85,4,0,0,0,0,0,0,0,0,0,0,0,0,0,0,0,0,0,0,0,0,0,0,0,0,0,0,0,0,0,0,0,0,0,0,0,0,0,0,0,0,0,0,0,0,1,0,0,0,0,0,0,0,0
See Wat I'm Sayin — Moneybagg Yo,See Wat I'm Sayin,Moneybagg Yo,2.445533333333333,2022-05-27,2022-06-11,59,59,3,0,0,0,0,0,0,0,0,0,0,0,0,0,0,0,0,0,0,0,0,0,0,0,0,0,0,0,0,1,0,0,0,0,0,0,0,0,0,0,0,0,0,0,0,0,0,0,0,0,0,0,0,0
She Had Me At Heads Carolina — Cole Swindell,She Had Me At Heads Carolina,Cole Swindell,3.4351166666666666,2012-06-22,2022-06-11,86,16,36,0,0,0,0,0,0,0,0,0,0,0,0,0,0,0,0,0,0,1,0,0,0,0,0,0,0,0,0,0,0,0,0,0,0,0,0,0,0,0,0,0,0,0,0,0,0,0,0,0,0,0,0,0
Wild Hearts — Keith Urban,Wild Hearts,Keith Urban,3.0488333333333335,2021-08-19,2022-06-11,97,97,1,0,0,0,0,0,0,0,0,0,0,0,0,0,0,0,0,0,0,1,0,0,0,0,0,0,0,0,0,0,0,0,0,0,0,0,0,0,0,0,0,0,0,0,0,0,0,0,0,0,0,0,0,0
Last Night Lonely — Jon Pardi,Last Night Lonely,Jon Pardi,3.033183333333333,2022-02-17,2022-06-11,98,27,20,0,0,0,0,0,0,0,0,0,0,0,0,0,0,0,0,0,0,1,0,0,0,0,0,0,0,0,0,0,0,0,0,0,0,0,0,0,0,0,0,0,0,0,0,0,0,0,0,0,0,0,0,0
7500 OBO — Tim McGraw,7500 OBO,Tim McGraw,3.69,2020-08-14,2022-06-11,99,66,8,0,0,0,0,0,0,0,0,0,0,0,0,0,0,0,0,0,0,1,0,0,0,0,0,0,0,0,0,0,0,0,0,0,0,0,0,0,0,0,0,0,0,0,0,0,0,0,0,0,0,0,0,0
Until I Found You — Stephen Sanchez,Until I Found You,Stephen Sanchez,3.081583333333333,2022-03-11,2022-06-11,100,23,41,0,0,0,0,0,0,0,0,0,0,0,0,0,0,0,0,0,0,0,0,0,0,0,0,0,0,0,0,0,0,0,0,0,0,0,0,0,0,0,0,0,0,0,0,0,0,0,0,1,0,0,0,0
Distraction — Polo G,Distraction,Polo G,2.8553166666666665,2022-06-02,2022-06-18,39,39,2,0,0,0,0,0,0,0,0,0,0,0,0,0,0,0,0,0,0,0,0,0,0,0,0,0,0,0,0,1,0,0,0,0,0,0,0,0,0,0,0,0,0,0,0,0,0,0,0,0,0,0,0,0
Wrapped Around Your Finger — Post Malone,Wrapped Around Your Finger,Post Malone,3.2260833333333334,2022-06-03,2022-06-18,47,47,2,0,0,0,0,0,0,0,0,0,0,0,0,0,0,0,0,0,0,0,0,0,0,0,0,0,0,0,0,1,0,0,0,0,0,0,0,0,0,0,0,0,0,0,0,0,0,0,0,0,0,0,0,0
Lemon Tree — Post Malone,Lemon Tree,Post Malone,4.0581,2022-06-03,2022-06-18,53,53,1,0,0,0,0,0,0,0,0,0,0,0,0,0,0,0,0,0,0,0,0,0,0,0,0,0,0,0,0,1,0,0,0,0,0,0,0,0,0,0,0,0,0,0,0,0,0,0,0,0,0,0,0,0
Reputation — Post Malone,Reputation,Post Malone,4.1363,2022-06-03,2022-06-18,54,54,1,0,0,0,0,0,0,0,0,0,0,0,0,0,0,0,0,0,0,0,0,0,0,0,0,0,0,0,0,1,0,0,0,0,0,0,0,0,0,0,0,0,0,0,0,0,0,0,0,0,0,0,0,0
Insane — Post Malone,Insane,Post Malone,2.8276833333333333,2022-06-03,2022-06-18,62,62,1,0,0,0,0,0,0,0,0,0,0,0,0,0,0,0,0,0,0,0,0,0,0,0,0,0,0,0,0,1,0,0,0,0,0,0,0,0,0,0,0,0,0,0,0,0,0,0,0,0,0,0,0,0
Vegas — Doja Cat,Vegas,Doja Cat,3.04845,2022-06-10,2022-06-18,75,10,30,0,0,0,0,0,0,0,0,0,0,0,0,0,0,0,0,0,0,0,0,0,0,0,0,0,0,0,0,0,0,0,0,0,0,0,0,0,0,0,0,0,0,1,0,0,0,0,0,0,0,0,0,0
When I'm Alone — Post Malone,When I'm Alone,Post Malone,3.25185,2022-06-03,2022-06-18,97,97,1,0,0,0,0,0,0,0,0,0,0,0,0,0,0,0,0,0,0,0,0,0,0,0,0,0,0,0,0,1,0,0,0,0,0,0,0,0,0,0,0,0,0,0,0,0,0,0,0,0,0,0,0,0
Euthanasia — Post Malone,Euthanasia,Post Malone,2.4299333333333335,2022-06-03,2022-06-18,100,100,1,0,0,0,0,0,0,0,0,0,0,0,0,0,0,0,0,0,0,0,0,0,0,0,0,0,0,0,0,1,0,0,0,0,0,0,0,0,0,0,0,0,0,0,0,0,0,0,0,0,0,0,0,0
Glimpse Of Us — Joji,Glimpse Of Us,Joji,3.8908833333333335,2022-06-10,2022-06-25,10,8,20,0,0,0,0,0,0,1,0,0,0,0,0,0,0,0,0,0,0,0,0,0,0,0,0,0,0,0,0,0,0,0,0,0,0,0,0,0,0,0,0,0,0,1,0,0,0,0,0,0,0,0,0,0
Yet To Come — BTS,Yet To Come,BTS,3.226566666666667,2022-06-10,2022-06-25,13,13,2,0,0,0,0,0,0,0,0,0,0,0,0,0,0,0,0,0,0,0,0,0,0,0,0,0,0,0,0,0,0,0,0,0,0,1,0,0,0,0,0,0,0,1,0,0,0,0,0,0,0,0,0,0
Rock And A Hard Place — Bailey Zimmerman,Rock And A Hard Place,Bailey Zimmerman,3.2049166666666666,2023-01-11,2022-06-25,24,10,54,0,0,0,0,0,0,0,0,0,0,0,0,0,0,0,0,0,0,1,0,0,0,0,0,0,0,0,0,0,0,0,0,0,0,0,0,0,0,0,0,0,0,0,0,0,0,0,0,0,0,0,0,0
So Good — Halsey,So Good,Halsey,2.9343166666666667,2022-06-09,2022-06-25,55,51,16,0,0,0,0,0,0,1,0,0,0,0,0,0,0,0,0,0,0,0,0,0,0,0,0,0,0,0,0,0,0,0,0,0,0,0,0,0,0,0,0,0,0,0,0,0,0,0,0,0,0,0,0,0
Run BTS — BTS,Run BTS,BTS,3.4156666666666666,2022-06-10,2022-06-25,73,73,1,0,0,0,0,0,0,0,0,0,0,0,0,0,0,0,0,0,0,0,0,0,0,0,0,0,0,0,0,0,0,0,0,0,0,1,0,0,0,0,0,0,0,1,0,0,0,0,0,0,0,0,0,0
I Ain't Worried — OneRepublic,I Ain't Worried,OneRepublic,2.89075,2023-05-12,2022-06-25,76,6,30,0,0,0,0,0,0,0,0,0,0,0,0,0,0,0,0,0,0,0,0,0,0,0,0,0,0,0,0,0,0,0,0,0,0,0,0,0,0,0,0,0,0,1,0,0,0,0,0,0,0,0,0,0
5 Foot 9 — Tyler Hubbard,5 Foot 9,Tyler Hubbard,3.163,2022-05-20,2022-06-25,84,22,22,0,0,0,0,0,0,0,0,0,0,0,0,0,0,0,0,0,0,1,0,0,0,0,0,0,0,0,0,0,0,0,0,0,0,0,0,0,0,0,0,0,0,0,0,0,0,0,0,0,0,0,0,0
New Truck — Dylan Scott,New Truck,Dylan Scott,2.906,2021-07-23,2022-06-25,99,61,9,0,0,0,0,0,0,0,0,0,0,0,0,0,0,0,0,0,0,1,0,0,0,0,0,0,0,0,0,0,0,0,0,0,0,0,0,0,0,0,0,0,0,0,0,0,0,0,0,0,0,0,0,0
Sticky — Drake,Sticky,Drake,4.0538,2022-06-17,2022-07-02,6,6,13,0,0,0,0,0,0,0,0,0,0,0,0,0,0,0,0,0,0,0,1,0,0,0,0,0,0,0,0,0,0,0,0,0,0,0,0,0,0,0,0,0,0,0,0,0,0,0,0,0,0,0,0,0
Falling Back — Drake,Falling Back,Drake,4.4363166666666665,2022-06-17,2022-07-02,7,7,2,0,0,0,0,0,0,0,0,0,0,0,0,0,0,0,0,0,0,0,1,0,0,0,0,0,0,0,0,0,0,0,0,0,0,0,0,0,0,0,0,0,0,0,0,0,0,0,0,0,0,0,0,0
Texts Go Green — Drake,Texts Go Green,Drake,5.147,2022-06-17,2022-07-02,13,13,2,0,0,0,0,0,0,0,0,0,0,0,0,0,0,0,0,0,0,0,1,0,0,0,0,0,0,0,0,0,0,0,0,0,0,0,0,0,0,0,0,0,0,0,0,0,0,0,0,0,0,0,0,0
Massive — Drake,Massive,Drake,5.6154,2022-06-17,2022-07-02,14,14,7,0,0,0,0,0,0,0,0,0,0,0,0,0,0,0,0,0,0,0,1,0,0,0,0,0,0,0,0,0,0,0,0,0,0,0,0,0,0,0,0,0,0,0,0,0,0,0,0,0,0,0,0,0
Break My Soul — Beyonce,Break My Soul,Beyonce,4.6380333333333335,2022-06-21,2022-07-02,15,1,18,0,0,0,0,0,0,0,0,0,0,0,0,0,0,0,0,0,0,0,1,0,0,0,0,0,0,0,0,0,0,0,0,0,0,0,0,0,0,0,0,0,0,1,0,0,0,0,0,0,0,0,0,0
The Kind Of Love We Make — Luke Combs,The Kind Of Love We Make,Luke Combs,3.7405833333333334,2022-06-16,2022-07-02,18,8,32,0,0,0,0,0,0,0,0,0,0,0,0,0,0,0,0,0,0,1,0,0,0,0,0,0,0,0,0,0,0,0,0,0,0,0,0,0,0,0,0,0,0,0,0,0,0,0,0,0,0,0,0,0
Calling My Name — Drake,Calling My Name,Drake,2.1660833333333334,2022-06-17,2022-07-02,20,20,1,0,0,0,0,0,0,0,0,0,0,0,0,0,0,0,0,0,0,0,1,0,0,0,0,0,0,0,0,0,0,0,0,0,0,0,0,0,0,0,0,0,0,0,0,0,0,0,0,0,0,0,0,0
A Keeper — Drake,A Keeper,Drake,2.88495,2022-06-17,2022-07-02,21,21,1,0,0,0,0,0,0,0,0,0,0,0,0,0,0,0,0,0,0,0,1,0,0,0,0,0,0,0,0,0,0,0,0,0,0,0,0,0,0,0,0,0,0,0,0,0,0,0,0,0,0,0,0,0
Currents — Drake,Currents,Drake,2.6231666666666666,2022-06-17,2022-07-02,23,23,1,0,0,0,0,0,0,0,0,0,0,0,0,0,0,0,0,0,0,0,1,0,0,0,0,0,0,0,0,0,0,0,0,0,0,0,0,0,0,0,0,0,0,0,0,0,0,0,0,0,0,0,0,0
Flight's Booked — Drake,Flight's Booked,Drake,,,2022-07-02,28,28,1,0,0,0,0,0,0,0,0,0,0,0,0,0,0,0,0,0,0,0,0,0,0,0,0,0,0,0,0,0,0,0,0,0,0,0,0,0,0,0,0,0,0,0,0,0,0,0,0,0,0,0,0,0
Overdrive — Drake,Overdrive,Drake,3.3741833333333333,2022-06-17,2022-07-02,42,42,1,0,0,0,0,0,0,0,0,0,0,0,0,0,0,0,0,0,0,0,1,0,0,0,0,0,0,0,0,0,0,0,0,0,0,0,0,0,0,0,0,0,0,0,0,0,0,0,0,0,0,0,0,0
Liability — Drake,Liability,Drake,3.96555,2022-06-17,2022-07-02,47,47,1,0,0,0,0,0,0,0,0,0,0,0,0,0,0,0,0,0,0,0,1,0,0,0,0,0,0,0,0,0,0,0,0,0,0,0,0,0,0,0,0,0,0,0,0,0,0,0,0,0,0,0,0,0
Down Hill — Drake,Down Hill,Drake,4.1810833333333335,2022-06-17,2022-07-02,62,62,1,0,0,0,0,0,0,0,0,0,0,0,0,0,0,0,0,0,0,0,1,0,0,0,0,0,0,0,0,0,0,0,0,0,0,0,0,0,0,0,0,0,0,0,0,0,0,0,0,0,0,0,0,0
Tie That Binds — Drake,Tie That Binds,Drake,5.600083333333333,2022-06-17,2022-07-02,66,66,1,0,0,0,0,0,0,0,0,0,0,0,0,0,0,0,0,0,0,0,1,0,0,0,0,0,0,0,0,0,0,0,0,0,0,0,0,0,0,0,0,0,0,0,0,0,0,0,0,0,0,0,0,0
Wild As Her — Corey Kent,Wild As Her,Corey Kent,3.3366666666666664,2022-03-04,2022-07-02,89,40,32,0,0,0,0,0,0,0,0,0,0,0,0,0,0,0,0,0,0,1,0,0,0,0,0,0,0,0,0,0,0,0,0,0,0,0,0,0,0,0,0,0,0,0,0,0,0,0,0,0,0,0,0,0
Carolina — Taylor Swift,Carolina,Taylor Swift,4.4073166666666665,2022-06-24,2022-07-09,60,60,1,0,0,0,0,0,0,0,0,0,0,0,0,0,0,0,0,0,0,0,0,0,0,0,0,0,0,0,0,0,0,0,0,0,0,0,0,0,0,0,0,0,0,0,0,0,0,0,0,0,1,0,0,0
WE (Warm Embrace) — Chris Brown,WE (Warm Embrace),Chris Brown,3.915783333333333,2022-04-01,2022-07-09,79,79,1,0,0,0,0,0,0,0,0,0,0,0,0,0,0,0,0,0,0,0,0,0,0,0,0,0,0,0,0,0,0,0,0,0,0,0,0,0,0,0,0,0,0,0,0,1,0,0,0,0,0,0,0,0
Master Of Puppets — Metallica,Master Of Puppets,Metallica,8.574666666666667,1986-03-03,2022-07-16,40,35,3,0,0,0,0,0,0,0,0,0,0,0,0,0,0,0,0,0,0,0,0,0,0,0,0,0,0,0,0,0,0,0,0,0,0,0,0,0,0,0,0,0,0,0,0,0,0,0,0,0,1,0,0,0
Son Of A Sinner — Jelly Roll,Son Of A Sinner,Jelly Roll,,,2022-07-16,67,31,28,0,0,0,0,0,0,0,0,0,0,0,0,0,0,0,0,0,0,0,0,0,0,0,0,0,0,0,0,0,0,0,0,0,0,0,0,0,0,0,0,0,0,0,0,0,0,0,0,0,0,0,0,0
Country On — Luke Bryan,Country On,Luke Bryan,,,2022-07-16,76,72,17,0,0,0,0,0,0,0,0,0,0,0,0,0,0,0,0,0,0,0,0,0,0,0,0,0,0,0,0,0,0,0,0,0,0,0,0,0,0,0,0,0,0,0,0,0,0,0,0,0,0,0,0,0
More — j-hope,More,j-hope,3.000366666666667,2022-07-01,2022-07-16,82,82,1,0,0,0,0,0,0,0,0,0,0,0,0,0,0,0,0,0,0,0,0,0,0,0,0,0,0,0,0,0,0,0,0,0,0,1,0,0,0,0,0,0,0,1,0,0,0,0,0,0,0,0,0,0
Best Thing Since Backroads — Jake Owen,Best Thing Since Backroads,Jake Owen,3.123883333333333,2021-08-06,2022-07-16,96,72,4,0,0,0,0,0,0,0,0,0,0,0,0,0,0,0,0,0,0,1,0,0,0,0,0,0,0,0,0,0,0,0,0,0,0,0,0,0,0,0,0,0,0,0,0,0,0,0,0,0,0,0,0,0
Unstoppable — Sia,Unstoppable,Sia,3.29585,2022-10-27,2022-07-16,98,28,29,0,0,0,0,0,0,0,0,0,0,0,0,0,0,0,0,0,0,0,1,0,0,0,0,0,0,0,0,0,0,0,0,0,0,0,0,0,0,0,0,0,0,1,0,0,0,0,0,0,0,0,0,0
Rich Minion — Yeat,Rich Minion,Yeat,2.7586166666666667,2022-06-27,2022-07-16,99,99,1,0,0,0,0,0,0,0,0,0,0,0,0,0,0,0,0,0,0,0,0,0,0,0,0,0,0,0,0,1,0,0,0,0,0,0,0,0,0,0,0,0,0,0,0,0,0,0,0,0,1,0,0,0
Bad Habit — Steve Lacy,Bad Habit,Steve Lacy,3.1889333333333334,2022-07-14,2022-07-16,100,1,35,0,0,0,0,0,0,0,0,0,0,0,0,0,0,0,0,0,0,0,0,0,0,0,0,0,0,0,0,0,0,0,0,0,0,0,0,0,0,0,0,0,0,0,0,1,0,0,0,0,0,0,0,0
All Mine — Brent Faiyaz,All Mine,Brent Faiyaz,3.60105,2022-07-08,2022-07-23,42,42,20,0,0,0,0,0,0,0,0,0,0,0,0,0,0,0,0,0,0,0,0,0,0,0,0,0,0,0,0,0,0,0,0,0,0,0,0,0,0,0,0,0,0,0,0,1,0,0,0,0,0,0,0,0
Loose Change — Brent Faiyaz,Loose Change,Brent Faiyaz,3.76685,2022-07-08,2022-07-23,52,52,1,0,0,0,0,0,0,0,0,0,0,0,0,0,0,0,0,0,0,0,0,0,0,0,0,0,0,0,0,0,0,0,0,0,0,0,0,0,0,0,0,0,0,0,0,1,0,0,0,0,0,0,0,0
Price Of Fame — Brent Faiyaz,Price Of Fame,Brent Faiyaz,6.3167333333333335,2022-06-24,2022-07-23,67,67,1,0,0,0,0,0,0,0,0,0,0,0,0,0,0,0,0,0,0,0,0,0,0,0,0,0,0,0,0,0,0,0,0,0,0,0,0,0,0,0,0,0,0,0,0,1,0,0,0,0,0,0,0,0
Betty (Get Money) — Yung Gravy,Betty (Get Money),Yung Gravy,2.4411833333333335,2022-06-10,2022-07-23,68,30,17,0,0,0,0,0,0,0,0,0,0,0,0,0,0,0,0,0,0,0,0,0,0,0,0,0,0,0,0,1,0,0,0,0,0,0,0,0,0,0,0,0,0,0,0,0,0,0,0,0,0,0,0,0
Rolling Stone — Brent Faiyaz,Rolling Stone,Brent Faiyaz,2.7001166666666667,2022-07-08,2022-07-23,84,84,1,0,0,0,0,0,0,0,0,0,0,0,0,0,0,0,0,0,0,0,0,0,0,0,0,0,0,0,0,0,0,0,0,0,0,0,0,0,0,0,0,0,0,0,0,1,0,0,0,0,0,0,0,0
Last Last — Burna Boy,Last Last,Burna Boy,2.8723666666666667,2022-05-13,2022-07-23,86,44,19,0,1,0,1,0,0,0,0,0,0,0,0,0,0,0,0,0,0,0,0,0,0,0,0,0,0,0,0,0,0,0,0,0,0,0,0,0,0,0,0,0,0,0,0,0,0,0,0,0,0,0,0,1
Heal Your Heart (Interlude) — Brent Faiyaz,Heal Your Heart (Interlude),Brent Faiyaz,1.2507166666666667,2022-07-08,2022-07-23,93,93,1,0,0,0,0,0,0,0,0,0,0,0,0,0,0,0,0,0,0,0,0,0,0,0,0,0,0,0,0,0,0,0,0,0,0,0,0,0,0,0,0,0,0,0,0,1,0,0,0,0,0,0,0,0
2 Be Loved (Am I Ready) — Lizzo,2 Be Loved (Am I Ready),Lizzo,3.1184666666666665,2022-07-15,2022-07-30,84,55,13,0,0,0,0,0,0,0,0,0,0,0,0,0,0,0,0,0,0,0,0,0,0,0,0,0,0,0,0,0,0,0,0,0,0,0,0,0,0,0,0,0,0,1,0,0,0,0,0,0,0,0,0,0
Truth About You — Mitchell Tenpenny,Truth About You,Mitchell Tenpenny,3.38395,2021-07-09,2022-07-30,85,54,13,0,0,0,0,0,0,0,0,0,0,0,0,0,0,0,0,0,0,1,0,0,0,0,0,0,0,0,0,0,0,0,0,0,0,0,0,0,0,0,0,0,0,0,0,0,0,0,0,0,0,0,0,0
Free Mind — Tems,Free Mind,Tems,4.126316666666667,2020-09-25,2022-07-30,90,46,21,0,1,0,0,0,1,0,0,0,0,0,0,0,0,0,0,0,0,0,0,0,0,0,0,0,0,0,0,0,0,0,0,0,0,0,0,0,0,0,0,0,0,0,0,0,0,0,0,0,0,0,0,0
Arson — j-hope,Arson,j-hope,2.6627,2022-07-15,2022-07-30,96,96,1,0,0,0,0,0,0,0,0,0,0,0,0,0,0,0,0,0,0,0,0,0,0,0,0,0,0,0,0,0,0,0,0,0,0,1,0,0,0,0,0,0,0,1,0,0,0,0,0,0,0,0,0,0
Pick Me Up — Gabby Barrett,Pick Me Up,Gabby Barrett,2.824,2020-06-19,2022-07-30,100,55,22,0,0,0,0,0,0,0,0,0,0,0,0,0,0,0,0,0,0,1,0,0,0,0,0,0,0,0,0,0,0,0,0,0,0,0,0,0,0,0,0,0,0,0,0,0,0,0,0,0,0,0,0,0
TV — Billie Eilish,TV,Billie Eilish,4.689683333333333,2022-07-21,2022-08-06,52,52,1,0,0,0,0,0,0,1,0,0,0,0,0,0,0,0,0,0,0,0,0,0,0,0,0,0,0,0,0,0,0,0,0,0,0,0,0,0,0,0,0,0,0,0,0,0,0,0,0,0,0,0,0,0
Progress — John Rich,Progress,John Rich,3.1146666666666665,2022-07-21,2022-08-06,65,65,1,0,0,0,0,0,0,0,0,0,0,0,0,0,0,0,0,0,0,1,0,0,0,0,0,0,0,0,0,0,0,0,0,0,0,0,0,0,0,0,0,0,0,0,0,0,0,0,0,1,0,0,0,0
The 30th — Billie Eilish,The 30th,Billie Eilish,3.607466666666667,2022-07-21,2022-08-06,79,79,1,0,0,0,0,0,0,1,0,0,0,0,0,0,0,0,0,0,0,0,0,0,0,0,0,0,0,0,0,0,0,0,0,0,0,0,0,0,0,0,0,0,0,0,0,0,0,0,0,0,0,0,0,0
With A Woman You Love — Justin Moore,With A Woman You Love,Justin Moore,2.7896,2021-10-01,2022-08-06,90,59,12,0,0,0,0,0,0,0,0,0,0,0,0,0,0,0,0,0,0,1,0,0,0,0,0,0,0,0,0,0,0,0,0,0,0,0,0,0,0,0,0,0,0,0,0,0,0,0,0,0,0,0,0,0
Love Lost — Mac Miller,Love Lost,Mac Miller,2.7146,2021-11-25,2022-08-06,91,91,1,0,0,0,0,0,0,0,0,0,0,0,0,0,0,0,0,0,0,0,0,0,0,0,0,0,0,0,0,1,0,0,0,0,0,0,0,0,0,0,0,0,0,0,0,0,0,0,0,0,0,0,0,0
Vette Motors — YoungBoy Never Broke Again,Vette Motors,YoungBoy Never Broke Again,2.8903166666666666,2022-06-10,2022-08-06,94,62,3,0,0,0,0,0,0,0,0,0,0,0,0,0,0,0,0,0,0,0,0,0,0,0,0,0,0,0,0,1,0,0,0,0,0,0,0,0,0,0,0,0,0,0,0,0,0,0,0,0,0,0,0,0
Cuff It — Beyonce,Cuff It,Beyonce,3.756483333333333,2022-07-29,2022-08-13,13,6,35,0,0,0,0,0,0,0,0,0,0,0,0,0,0,0,0,0,0,0,0,0,0,0,0,0,0,0,0,0,0,0,0,0,0,0,0,0,0,0,0,0,0,1,0,0,0,0,0,0,0,0,0,0
Alien Superstar — Beyonce,Alien Superstar,Beyonce,3.591,2022-07-29,2022-08-13,19,19,5,0,0,0,0,0,0,0,0,0,0,0,0,0,0,0,0,0,0,0,0,0,0,0,0,0,0,0,0,0,0,0,0,0,0,0,0,0,0,0,0,0,0,1,0,0,0,0,0,0,0,0,0,0
Church Girl — Beyonce,Church Girl,Beyonce,3.741216666666667,2022-07-29,2022-08-13,22,22,3,0,0,0,0,0,0,0,0,0,0,0,0,0,0,0,0,0,0,0,0,0,0,0,0,0,0,0,0,0,0,0,0,0,0,0,0,0,0,0,0,0,0,1,0,0,0,0,0,0,0,0,0,0
I'm That Girl — Beyonce,I'm That Girl,Beyonce,3.4669,2022-07-29,2022-08-13,26,26,2,0,0,0,0,0,0,0,0,0,0,0,0,0,0,0,0,0,0,0,0,0,0,0,0,0,0,0,0,0,0,0,0,0,0,0,0,0,0,0,0,0,0,1,0,0,0,0,0,0,0,0,0,0
Cozy — Beyonce,Cozy,Beyonce,3.5062,2022-07-29,2022-08-13,30,30,2,0,0,0,0,0,0,0,0,0,0,0,0,0,0,0,0,0,0,0,0,0,0,0,0,0,0,0,0,0,0,0,0,0,0,0,0,0,0,0,0,0,0,1,0,0,0,0,0,0,0,0,0,0
Plastic Off The Sofa — Beyonce,Plastic Off The Sofa,Beyonce,,,2022-08-13,41,41,1,0,0,0,0,0,0,0,0,0,0,0,0,0,0,0,0,0,0,0,0,0,0,0,0,0,0,0,0,0,0,0,0,0,0,0,0,0,0,0,0,0,0,0,0,0,0,0,0,0,0,0,0,0
Virgo's Groove — Beyonce,Virgo's Groove,Beyonce,,,2022-08-13,43,43,1,0,0,0,0,0,0,0,0,0,0,0,0,0,0,0,0,0,0,0,0,0,0,0,0,0,0,0,0,0,0,0,0,0,0,0,0,0,0,0,0,0,0,0,0,0,0,0,0,0,0,0,0,0
Summer Renaissance — Beyonce,Summer Renaissance,Beyonce,4.566633333333334,2022-07-29,2022-08-13,47,47,1,0,0,0,0,0,0,0,0,0,0,0,0,0,0,0,0,0,0,0,0,0,0,0,0,0,0,0,0,0,0,0,0,0,0,0,0,0,0,0,0,0,0,1,0,0,0,0,0,0,0,0,0,0
Heated — Beyonce,Heated,Beyonce,4.346183333333333,2022-07-29,2022-08-13,51,51,1,0,0,0,0,0,0,0,0,0,0,0,0,0,0,0,0,0,0,0,0,0,0,0,0,0,0,0,0,0,0,0,0,0,0,0,0,0,0,0,0,0,0,1,0,0,0,0,0,0,0,0,0,0
Thique — Beyonce,Thique,Beyonce,4.079866666666667,2022-07-29,2022-08-13,53,53,1,0,0,0,0,0,0,0,0,0,0,0,0,0,0,0,0,0,0,0,0,0,0,0,0,0,0,0,0,0,0,0,0,0,0,0,0,0,0,0,0,0,0,1,0,0,0,0,0,0,0,0,0,0
Pure/Honey — Beyonce,Pure/Honey,Beyonce,4.80425,2022-07-29,2022-08-13,64,64,1,0,0,0,0,0,0,0,0,0,0,0,0,0,0,0,0,0,0,0,0,0,0,0,0,0,0,0,0,0,0,0,0,0,0,0,0,0,0,0,0,0,0,1,0,0,0,0,0,0,0,0,0,0
America Has A Problem — Beyonce,America Has A Problem,Beyonce,,,2022-08-13,69,69,1,0,0,0,0,0,0,0,0,0,0,0,0,0,0,0,0,0,0,0,0,0,0,0,0,0,0,0,0,0,0,0,0,0,0,0,0,0,0,0,0,0,0,0,0,0,0,0,0,0,0,0,0,0
All Up In Your Mind — Beyonce,All Up In Your Mind,Beyonce,,,2022-08-13,70,70,1,0,0,0,0,0,0,0,0,0,0,0,0,0,0,0,0,0,0,0,0,0,0,0,0,0,0,0,0,0,0,0,0,0,0,0,0,0,0,0,0,0,0,0,0,0,0,0,0,0,0,0,0,0
Victoria’s Secret — Jax,Victoria’s Secret,Jax,2.93225,2022-06-30,2022-08-13,83,35,18,0,0,0,0,0,0,0,0,0,0,0,0,0,0,0,0,0,0,0,0,0,0,0,0,0,0,0,0,0,0,0,0,0,0,0,0,0,0,0,0,0,0,1,0,0,0,0,0,0,0,0,0,0
Dah Dah DahDah — Nardo Wick,Dah Dah DahDah,Nardo Wick,2.5296,2022-07-22,2022-08-13,89,48,11,0,0,0,0,0,0,0,0,0,0,0,0,0,0,0,0,0,0,0,0,0,0,0,0,0,0,0,0,1,0,0,0,0,0,0,0,0,0,0,0,0,0,0,0,0,0,0,0,0,0,0,0,0
Umm Hmm — YoungBoy Never Broke Again,Umm Hmm,YoungBoy Never Broke Again,2.2125,2021-08-05,2022-08-20,37,37,1,0,0,0,0,0,0,0,0,0,0,0,0,0,0,0,0,0,0,0,0,0,0,0,0,0,0,0,0,1,0,0,0,0,0,0,0,0,0,0,0,0,0,0,0,0,0,0,0,0,0,0,0,0
I Know — YoungBoy Never Broke Again,I Know,YoungBoy Never Broke Again,2.514283333333333,2020-10-26,2022-08-20,46,46,1,0,0,0,0,0,0,0,0,0,0,0,0,0,0,0,0,0,0,0,0,0,0,0,0,0,0,0,0,1,0,0,0,0,0,0,0,0,0,0,0,0,0,0,0,0,0,0,0,0,0,0,0,0
Fuck Da Industry — YoungBoy Never Broke Again,Fuck Da Industry,YoungBoy Never Broke Again,3.018866666666667,2020-10-26,2022-08-20,63,63,1,0,0,0,0,0,0,0,0,0,0,0,0,0,0,0,0,0,0,0,0,0,0,0,0,0,0,0,0,1,0,0,0,0,0,0,0,0,0,0,0,0,0,0,0,0,0,0,0,0,0,0,0,0
Free Dem 5's — YoungBoy Never Broke Again,Free Dem 5's,YoungBoy Never Broke Again,,,2022-08-20,68,68,1,0,0,0,0,0,0,0,0,0,0,0,0,0,0,0,0,0,0,0,0,0,0,0,0,0,0,0,0,0,0,0,0,0,0,0,0,0,0,0,0,0,0,0,0,0,0,0,0,0,0,0,0,0
Lost Soul Survivor — YoungBoy Never Broke Again,Lost Soul Survivor,YoungBoy Never Broke Again,2.5946,2020-10-26,2022-08-20,75,75,1,0,0,0,0,0,0,0,0,0,0,0,0,0,0,0,0,0,0,0,0,0,0,0,0,0,0,0,0,1,0,0,0,0,0,0,0,0,0,0,0,0,0,0,0,0,0,0,0,0,0,0,0,0
Hold Your Own — YoungBoy Never Broke Again,Hold Your Own,YoungBoy Never Broke Again,3.1232166666666665,2020-10-26,2022-08-20,83,83,1,0,0,0,0,0,0,0,0,0,0,0,0,0,0,0,0,0,0,0,0,0,0,0,0,0,0,0,0,1,0,0,0,0,0,0,0,0,0,0,0,0,0,0,0,0,0,0,0,0,0,0,0,0
Top Sound — YoungBoy Never Broke Again,Top Sound,YoungBoy Never Broke Again,1.6842166666666667,2021-08-05,2022-08-20,86,86,1,0,0,0,0,0,0,0,0,0,0,0,0,0,0,0,0,0,0,0,0,0,0,0,0,0,0,0,0,1,0,0,0,0,0,0,0,0,0,0,0,0,0,0,0,0,0,0,0,0,0,0,0,0
Kamikaze — YoungBoy Never Broke Again,Kamikaze,YoungBoy Never Broke Again,3.3333333333333335,2020-10-26,2022-08-20,88,88,1,0,0,0,0,0,0,0,0,0,0,0,0,0,0,0,0,0,0,0,0,0,0,0,0,0,0,0,0,1,0,0,0,0,0,0,0,0,0,0,0,0,0,0,0,0,0,0,0,0,0,0,0,0
My Time — YoungBoy Never Broke Again,My Time,YoungBoy Never Broke Again,,,2022-08-20,90,90,1,0,0,0,0,0,0,0,0,0,0,0,0,0,0,0,0,0,0,0,0,0,0,0,0,0,0,0,0,0,0,0,0,0,0,0,0,0,0,0,0,0,0,0,0,0,0,0,0,0,0,0,0,0
Despecha — Rosalia,Despecha,Rosalia,2.6131333333333333,2022-07-28,2022-08-20,98,63,12,0,0,0,0,0,0,0,0,0,0,0,0,0,0,0,0,0,0,0,0,0,0,0,0,0,0,0,0,0,0,0,0,0,0,0,1,0,0,0,0,0,0,0,1,0,0,0,0,0,0,0,0,0
7 Days — YoungBoy Never Broke Again,7 Days,YoungBoy Never Broke Again,2.926833333333333,2021-08-05,2022-08-20,100,100,1,0,0,0,0,0,0,0,0,0,0,0,0,0,0,0,0,0,0,0,0,0,0,0,0,0,0,0,0,1,0,0,0,0,0,0,0,0,0,0,0,0,0,0,0,0,0,0,0,0,0,0,0,0
Super Freaky Girl — Nicki Minaj,Super Freaky Girl,Nicki Minaj,2.8496166666666665,2022-08-12,2022-08-27,1,1,25,0,0,0,0,0,0,0,0,0,0,0,0,0,0,0,0,0,0,0,0,0,0,0,0,0,0,0,0,1,0,0,0,0,0,0,0,0,0,0,0,0,0,0,0,0,0,0,0,0,0,0,0,0
Alone — Rod Wave,Alone,Rod Wave,3.185983333333333,2022-08-08,2022-08-27,21,21,5,0,0,0,0,0,0,0,0,0,0,0,0,0,0,0,0,0,0,0,0,0,0,0,0,0,0,0,0,1,0,0,0,0,0,0,0,0,0,0,0,0,0,0,0,0,0,0,0,0,0,0,0,0
Never Get Over Me — Rod Wave,Never Get Over Me,Rod Wave,2.83545,2022-08-12,2022-08-27,48,48,1,0,0,0,0,0,0,0,0,0,0,0,0,0,0,0,0,0,0,0,0,0,0,0,0,0,0,0,0,1,0,0,0,0,0,0,0,0,0,0,0,0,0,0,0,0,0,0,0,0,0,0,0,0
Sweet Little Lies — Rod Wave,Sweet Little Lies,Rod Wave,2.9125,2022-08-12,2022-08-27,51,51,2,0,0,0,0,0,0,0,0,0,0,0,0,0,0,0,0,0,0,0,0,0,0,0,0,0,0,0,0,1,0,0,0,0,0,0,0,0,0,0,0,0,0,0,0,0,0,0,0,0,0,0,0,0
Forever — Rod Wave,Forever,Rod Wave,3.5697666666666668,2022-08-12,2022-08-27,58,58,1,0,0,0,0,0,0,0,0,0,0,0,0,0,0,0,0,0,0,0,0,0,0,0,0,0,0,0,0,1,0,0,0,0,0,0,0,0,0,0,0,0,0,0,0,0,0,0,0,0,0,0,0,0
Her — Megan Thee Stallion,Her,Megan Thee Stallion,2.2851166666666667,2022-08-12,2022-08-27,62,62,1,0,0,0,0,0,0,0,0,0,0,0,0,0,0,0,0,0,0,0,0,0,0,0,0,0,0,0,0,1,0,0,0,0,0,0,0,0,0,0,0,0,0,0,0,0,0,0,0,0,0,0,0,0
Stone Rolling — Rod Wave,Stone Rolling,Rod Wave,3.0117666666666665,2022-07-27,2022-08-27,66,66,1,0,0,0,0,0,0,0,0,0,0,0,0,0,0,0,0,0,0,0,0,0,0,0,0,0,0,0,0,1,0,0,0,0,0,0,0,0,0,0,0,0,0,0,0,0,0,0,0,0,0,0,0,0
No Deal — Rod Wave,No Deal,Rod Wave,3.128833333333333,2022-08-12,2022-08-27,71,71,1,0,0,0,0,0,0,0,0,0,0,0,0,0,0,0,0,0,0,0,0,0,0,0,0,0,0,0,0,1,0,0,0,0,0,0,0,0,0,0,0,0,0,0,0,0,0,0,0,0,0,0,0,0
I Know It — Rod Wave,I Know It,Rod Wave,2.625766666666667,2022-08-12,2022-08-27,74,74,1,0,0,0,0,0,0,0,0,0,0,0,0,0,0,0,0,0,0,0,0,0,0,0,0,0,0,0,0,1,0,0,0,0,0,0,0,0,0,0,0,0,0,0,0,0,0,0,0,0,0,0,0,0
Pieces — Rod Wave,Pieces,Rod Wave,3.469883333333333,2022-08-12,2022-08-27,86,86,1,0,0,0,0,0,0,0,0,0,0,0,0,0,0,0,0,0,0,0,0,0,0,0,0,0,0,0,0,1,0,0,0,0,0,0,0,0,0,0,0,0,0,0,0,0,0,0,0,0,0,0,0,0
Rockstar Heart — Rod Wave,Rockstar Heart,Rod Wave,2.29945,2022-08-12,2022-08-27,90,90,1,0,0,0,0,0,0,0,0,0,0,0,0,0,0,0,0,0,0,0,0,0,0,0,0,0,0,0,0,1,0,0,0,0,0,0,0,0,0,0,0,0,0,0,0,0,0,0,0,0,0,0,0,0
Time Kills (Love Birds) — Rod Wave,Time Kills (Love Birds),Rod Wave,2.8903,2022-08-12,2022-08-27,95,95,1,0,0,0,0,0,0,0,0,0,0,0,0,0,0,0,0,0,0,0,0,0,0,0,0,0,0,0,0,1,0,0,0,0,0,0,0,0,0,0,0,0,0,0,0,0,0,0,0,0,0,0,0,0
Fading — Rod Wave,Fading,Rod Wave,2.725,2022-08-12,2022-08-27,96,96,1,0,0,0,0,0,0,0,0,0,0,0,0,0,0,0,0,0,0,0,0,0,0,0,0,0,0,0,0,1,0,0,0,0,0,0,0,0,0,0,0,0,0,0,0,0,0,0,0,0,0,0,0,0
What My World Spins Around — Jordan Davis,What My World Spins Around,Jordan Davis,3.113183333333333,2022-05-27,2022-08-27,100,40,28,0,0,0,0,0,0,0,0,0,0,0,0,0,0,0,0,0,0,1,0,0,0,0,0,0,0,0,0,0,0,0,0,0,0,0,0,0,0,0,0,0,0,0,0,0,0,0,0,0,0,0,0,0
Pink Venom — BLACKPINK,Pink Venom,BLACKPINK,3.1160666666666668,2022-08-19,2022-09-03,22,22,6,0,0,0,0,0,0,0,0,0,0,0,0,0,0,0,0,0,0,0,0,0,0,0,0,0,0,0,0,0,0,0,0,0,0,1,0,0,0,0,0,0,0,1,0,0,0,0,0,0,0,0,0,0
Where It Ends — Bailey Zimmerman,Where It Ends,Bailey Zimmerman,2.9882333333333335,2022-10-14,2022-09-03,32,32,27,0,0,0,0,0,0,0,0,0,0,0,0,0,0,0,0,0,0,1,0,0,0,0,0,0,0,0,0,0,0,0,0,0,0,0,0,0,0,0,0,0,0,0,0,0,0,0,0,0,0,0,0,0
54321 — Offset,54321,Offset,3.0387666666666666,2022-08-19,2022-09-03,88,88,1,0,0,0,0,0,0,0,0,0,0,0,0,0,0,0,0,0,0,0,0,0,0,0,0,0,0,0,0,1,0,0,0,0,0,0,0,0,0,0,0,0,0,0,0,0,0,0,0,0,0,0,0,0
Don't Come Lookin' — Jackson Dean,Don't Come Lookin',Jackson Dean,3.132616666666667,2021-04-30,2022-09-03,90,50,15,0,0,0,0,0,0,0,0,0,0,0,0,0,0,0,0,0,0,1,0,0,0,0,0,0,0,0,0,0,0,0,0,0,0,0,0,0,0,0,0,0,0,0,0,0,0,0,0,0,0,0,0,0
29 — Demi Lovato,29,Demi Lovato,2.7171333333333334,2022-08-16,2022-09-03,96,96,1,0,0,0,0,0,0,0,0,0,0,0,0,0,0,0,0,0,0,0,0,0,0,0,0,0,0,0,0,0,0,0,0,0,0,0,0,0,0,0,0,0,0,1,0,0,0,0,0,0,0,0,0,0
Snap — Rosa Linn,Snap,Rosa Linn,2.9925166666666665,2022-03-19,2022-09-03,97,67,15,0,0,0,0,0,0,1,0,0,0,0,0,0,0,0,0,0,0,0,0,0,0,0,0,0,0,0,0,0,0,0,1,0,0,0,0,0,0,0,0,0,0,0,0,0,0,0,0,0,0,0,0,0
Soul — Lee Brice,Soul,Lee Brice,2.7946666666666666,2020-11-20,2022-09-03,99,83,6,0,0,0,0,0,0,0,0,0,0,0,0,0,0,0,0,0,0,1,0,0,0,0,0,0,0,0,0,0,0,0,0,0,0,0,0,0,0,0,0,0,0,0,0,0,0,0,0,0,0,0,0,0
La Bachata — Manuel Turizo,La Bachata,Manuel Turizo,2.7106333333333335,2022-05-26,2022-09-03,100,67,21,0,0,0,0,0,0,0,0,0,0,0,0,0,0,0,0,0,0,0,0,0,0,0,0,0,0,0,0,0,0,0,0,0,0,0,1,0,0,0,0,0,0,0,0,0,0,0,0,0,0,0,1,0
Beat The Odds — Lil Tjay,Beat The Odds,Lil Tjay,2.5,2022-08-26,2022-09-10,36,36,4,0,0,0,0,0,0,0,0,0,0,0,0,0,0,0,0,0,0,0,0,0,0,0,0,0,0,0,0,1,0,0,0,0,0,0,0,0,0,0,0,0,0,1,0,0,0,0,0,0,0,0,0,0
Golden Hour — JVKE,Golden Hour,JVKE,3.4876666666666667,2022-07-15,2022-09-10,71,10,33,0,0,0,0,0,0,0,0,0,0,0,0,0,0,0,0,0,0,0,0,0,0,0,0,0,0,0,0,0,0,0,0,0,0,0,0,0,0,0,0,0,0,1,0,0,0,0,0,0,0,0,0,0
Detox — Lil Baby,Detox,Lil Baby,2.69395,2022-09-02,2022-09-17,25,25,4,0,0,0,0,0,0,0,0,0,0,0,0,0,0,0,0,0,0,0,0,0,0,0,0,0,0,0,0,1,0,0,0,0,0,0,0,0,0,0,0,0,0,0,0,0,0,0,0,0,0,0,0,0
Talk — Yeat,Talk,Yeat,2.914283333333333,2022-09-02,2022-09-17,42,42,5,0,0,0,0,0,0,0,0,0,0,0,0,0,0,0,0,0,0,0,0,0,0,0,0,0,0,0,0,1,0,0,0,0,0,0,0,0,0,0,0,0,0,0,0,0,0,0,0,0,0,0,0,0
Romantic Homicide — d4vd,Romantic Homicide,d4vd,2.2105166666666665,2022-07-20,2022-09-17,77,33,20,0,0,0,0,0,0,1,0,0,0,0,0,0,0,0,0,0,0,0,0,0,0,0,0,0,0,0,0,0,0,0,0,0,0,0,0,0,0,0,0,0,0,0,0,0,0,0,0,0,0,0,0,0
Static — Steve Lacy,Static,Steve Lacy,2.608966666666667,2022-07-15,2022-09-17,98,78,7,0,0,0,0,0,0,0,0,0,0,0,0,0,0,0,0,0,0,0,0,0,0,0,0,0,0,0,0,0,0,0,0,0,0,0,0,0,0,0,0,0,0,0,0,1,0,0,0,0,0,0,0,0
Billie Eilish. — Armani White,Billie Eilish.,Armani White,1.9335166666666668,2022-11-25,2022-09-17,99,58,14,0,0,0,0,0,0,0,0,0,0,0,0,0,0,0,0,0,0,0,0,0,0,0,0,0,0,0,0,1,0,0,0,0,0,0,0,0,0,0,0,0,0,0,0,0,0,0,0,0,0,0,0,0
Under The Influence — Chris Brown,Under The Influence,Chris Brown,3.0700666666666665,2019-10-04,2022-09-24,36,12,41,0,0,0,0,0,0,0,0,0,0,0,0,0,0,0,0,0,0,0,0,0,0,0,0,0,0,0,0,0,0,0,0,0,0,0,0,0,0,0,0,0,0,0,0,1,0,0,0,0,0,0,0,0
Put It On Me — YoungBoy Never Broke Again,Put It On Me,YoungBoy Never Broke Again,,,2022-09-24,66,63,5,0,0,0,0,0,0,0,0,0,0,0,0,0,0,0,0,0,0,0,0,0,0,0,0,0,0,0,0,0,0,0,0,0,0,0,0,0,0,0,0,0,0,0,0,0,0,0,0,0,0,0,0,0
Freestyle — Lil Baby,Freestyle,Lil Baby,2.7008833333333335,2017-12-01,2022-09-24,68,59,25,0,0,0,0,0,0,0,0,0,0,0,0,0,0,0,0,0,0,0,0,0,0,0,0,0,0,0,0,1,0,0,0,0,0,0,0,0,0,0,0,0,0,0,0,0,0,0,0,0,0,0,0,0
Mary On A Cross — Ghost,Mary On A Cross,Ghost,4.579716666666667,2022-08-26,2022-09-24,90,90,2,0,0,0,0,0,0,0,0,0,0,0,0,0,0,0,0,0,0,0,0,0,0,0,0,0,0,0,0,0,0,0,0,0,0,0,0,1,0,0,0,0,0,0,0,0,0,0,1,0,0,0,0,0
Purge Me — YoungBoy Never Broke Again,Purge Me,YoungBoy Never Broke Again,2.270966666666667,2022-09-05,2022-09-24,95,95,1,0,0,0,0,0,0,0,0,0,0,0,0,0,0,0,0,0,0,0,0,0,0,0,0,0,0,0,0,1,0,0,0,0,0,0,0,0,0,0,0,0,0,0,0,0,0,0,0,0,0,0,0,0
"Burn, Burn, Burn — Zach Bryan","Burn, Burn, Burn",Zach Bryan,4.226816666666667,2022-09-08,2022-09-24,100,93,3,0,0,0,0,0,0,0,0,0,0,0,0,0,0,0,0,0,0,1,0,0,0,0,0,0,0,0,0,0,0,0,0,0,0,0,0,0,0,0,0,0,0,0,0,0,0,0,0,0,0,0,0,0
Shut Down — BLACKPINK,Shut Down,BLACKPINK,2.9314833333333334,2022-09-16,2022-10-01,25,25,3,0,0,0,0,0,0,0,0,0,0,0,0,0,0,0,0,0,0,0,0,0,0,0,0,0,0,0,0,0,0,0,0,0,0,1,0,0,0,0,0,0,0,1,0,0,0,0,0,0,0,0,0,0
Evergreen — Omar Apollo,Evergreen,Omar Apollo,3.6113333333333335,2022-04-08,2022-10-01,62,51,7,0,0,0,0,0,0,0,0,0,0,0,0,0,0,0,0,0,0,0,0,0,0,0,0,0,0,0,0,0,0,0,0,0,0,0,0,0,0,0,0,0,0,1,0,0,0,0,0,0,0,0,0,0
Hell Yeah — Little Big Town,Hell Yeah,Little Big Town,2.9306666666666668,2022-04-11,2022-10-01,91,91,1,0,0,0,0,0,0,0,0,0,0,0,0,0,0,0,0,0,0,1,0,0,0,0,0,0,0,0,0,0,0,0,0,0,0,0,0,0,0,0,0,0,0,0,0,0,0,0,0,0,0,0,0,0
Dark Red — Steve Lacy,Dark Red,Steve Lacy,2.8850666666666664,2017-02-20,2022-10-01,95,78,5,0,0,0,0,0,0,1,0,0,0,0,0,0,0,0,0,0,0,0,0,0,0,0,0,0,0,0,0,0,0,0,0,0,0,0,0,0,0,0,0,0,0,0,0,1,0,0,0,0,0,0,0,0
Star Walkin' (League Of Legends Worlds Anthem) — Lil Nas X,Star Walkin' (League Of Legends Worlds Anthem),Lil Nas X,3.5096,2022-09-22,2022-10-08,32,32,18,0,0,0,0,0,0,0,0,0,0,0,0,0,0,0,0,0,0,0,0,0,0,0,0,0,0,0,0,0,0,0,0,0,0,0,0,0,0,0,0,0,0,1,0,0,0,0,0,0,0,0,0,0
Out In The Middle — Zac Brown Band,Out In The Middle,Zac Brown Band,,,2022-10-08,95,86,6,0,0,0,0,0,0,0,0,0,0,0,0,0,0,0,0,0,0,0,0,0,0,0,0,0,0,0,0,0,0,0,0,0,0,0,0,0,0,0,0,0,0,0,0,0,0,0,0,0,0,0,0,0
Blow — Moneybagg Yo,Blow,Moneybagg Yo,3.0422166666666666,2022-09-22,2022-10-08,96,96,1,0,0,0,0,0,0,0,0,0,0,0,0,0,0,0,0,0,0,0,0,0,0,0,0,0,0,0,0,1,0,0,0,0,0,0,0,0,0,0,0,0,0,0,0,0,0,0,0,0,0,0,0,0
World's Smallest Violin — AJR,World's Smallest Violin,AJR,2.2802,2020-07-15,2022-10-08,97,91,3,0,0,0,0,0,0,1,0,0,0,0,0,0,0,0,0,0,0,0,0,0,0,0,0,0,0,0,0,0,0,0,0,0,0,0,0,0,0,0,0,0,0,0,0,0,0,0,0,0,0,0,0,0
Oklahoma Smoke Show — Zach Bryan,Oklahoma Smoke Show,Zach Bryan,3.528983333333333,2022-07-07,2022-10-08,98,80,9,0,0,0,0,0,0,0,0,0,0,0,0,0,0,0,0,0,0,1,0,0,0,0,0,0,0,0,0,0,0,0,0,0,0,0,0,0,0,0,0,0,0,0,0,0,0,0,0,0,0,0,0,0
No Se Va — Grupo Frontera,No Se Va,Grupo Frontera,3.23365,2022-03-18,2022-10-08,99,57,20,0,0,0,0,0,0,0,0,0,0,0,0,0,0,0,0,0,0,0,0,0,0,0,0,0,0,0,0,0,0,0,0,0,0,0,1,0,0,1,0,0,0,0,0,0,0,0,0,0,0,0,0,0
Down Home — Jimmie Allen,Down Home,Jimmie Allen,3.3751166666666665,2022-03-14,2022-10-08,100,61,9,0,0,0,0,0,0,0,0,0,0,0,0,0,0,0,0,0,0,1,0,0,0,0,0,0,0,0,0,0,0,0,0,0,0,0,0,0,0,0,0,0,0,0,0,0,0,0,0,0,0,0,0,0
Toxic — YG,Toxic,YG,2.9920833333333334,2022-08-16,2022-10-15,81,81,2,0,0,0,0,0,0,0,0,0,0,0,0,0,0,0,0,0,0,0,0,0,0,0,0,0,0,0,0,1,0,0,0,0,0,0,0,0,0,0,0,0,0,0,0,0,0,0,0,0,0,0,0,0
Tennessee Orange — Megan Moroney,Tennessee Orange,Megan Moroney,3.7186666666666666,2022-09-01,2022-10-15,94,30,28,0,0,0,0,0,0,0,0,0,0,0,0,0,0,0,0,0,0,1,0,0,0,0,0,0,0,0,0,0,0,0,0,0,0,0,0,0,0,0,0,0,0,0,0,0,0,0,0,0,0,0,0,0
Forget Me — Lewis Capaldi,Forget Me,Lewis Capaldi,3.3912,2022-09-09,2022-10-15,97,58,14,0,0,0,0,0,0,1,0,0,0,0,0,0,0,0,0,0,0,0,0,0,0,0,0,0,0,0,0,0,0,0,0,0,0,0,0,0,0,0,0,0,0,0,0,0,0,0,0,0,0,0,0,0
What He Didn't Do — Carly Pearce,What He Didn't Do,Carly Pearce,3.187116666666667,2021-09-17,2022-10-15,99,37,17,0,0,0,0,0,0,0,0,0,0,0,0,0,0,0,0,0,0,1,0,0,0,0,0,0,0,0,0,0,0,0,0,0,0,0,0,0,0,0,0,0,0,0,0,0,0,0,0,0,0,0,0,0
Poland — Lil Yachty,Poland,Lil Yachty,1.3866666666666667,2022-10-04,2022-10-22,65,40,3,0,0,0,0,0,0,0,0,0,0,0,0,0,0,0,0,0,0,0,0,0,0,0,0,0,0,0,0,1,0,0,0,0,0,0,0,0,0,0,0,0,0,0,0,0,0,0,0,0,0,0,0,0
Heyy — Lil Baby,Heyy,Lil Baby,3.2121166666666667,2022-10-10,2022-10-22,77,21,12,0,0,0,0,0,0,0,0,0,0,0,0,0,0,0,0,0,0,0,0,0,0,0,0,0,0,0,0,1,0,0,0,0,0,0,0,0,0,0,0,0,0,0,0,0,0,0,0,0,0,0,0,0
Walk — Kodak Black,Walk,Kodak Black,2.767316666666667,2019-10-25,2022-10-22,100,100,1,0,0,0,0,0,0,0,0,0,0,0,0,0,0,0,0,0,0,0,0,0,0,0,0,0,0,0,0,1,0,0,0,0,0,0,0,0,0,0,0,0,0,0,0,0,0,0,0,0,0,0,0,0
California Breeze — Lil Baby,California Breeze,Lil Baby,2.96315,2022-10-14,2022-10-29,4,4,14,0,0,0,0,0,0,0,0,0,0,0,0,0,0,0,0,0,0,0,0,0,0,0,0,0,0,0,0,1,0,0,0,0,0,0,0,0,0,0,0,0,0,0,0,0,0,0,0,0,0,0,0,0
Real Spill — Lil Baby,Real Spill,Lil Baby,3.3120333333333334,2022-10-14,2022-10-29,10,10,3,0,0,0,0,0,0,0,0,0,0,0,0,0,0,0,0,0,0,0,0,0,0,0,0,0,0,0,0,1,0,0,0,0,0,0,0,0,0,0,0,0,0,0,0,0,0,0,0,0,0,0,0,0
Stand On It — Lil Baby,Stand On It,Lil Baby,2.7814833333333335,2022-10-14,2022-10-29,22,22,3,0,0,0,0,0,0,0,0,0,0,0,0,0,0,0,0,0,0,0,0,0,0,0,0,0,0,0,0,1,0,0,0,0,0,0,0,0,0,0,0,0,0,0,0,0,0,0,0,0,0,0,0,0
Not Finished — Lil Baby,Not Finished,Lil Baby,2.7242333333333333,2022-10-14,2022-10-29,26,26,2,0,0,0,0,0,0,0,0,0,0,0,0,0,0,0,0,0,0,0,0,0,0,0,0,0,0,0,0,1,0,0,0,0,0,0,0,0,0,0,0,0,0,0,0,0,0,0,0,0,0,0,0,0
Perfect Timing — Lil Baby,Perfect Timing,Lil Baby,2.6870166666666666,2022-10-14,2022-10-29,32,32,2,0,0,0,0,0,0,0,0,0,0,0,0,0,0,0,0,0,0,0,0,0,0,0,0,0,0,0,0,1,0,0,0,0,0,0,0,0,0,0,0,0,0,0,0,0,0,0,0,0,0,0,0,0
Waterfall Flow — Lil Baby,Waterfall Flow,Lil Baby,2.74285,2022-10-14,2022-10-29,45,45,1,0,0,0,0,0,0,0,0,0,0,0,0,0,0,0,0,0,0,0,0,0,0,0,0,0,0,0,0,1,0,0,0,0,0,0,0,0,0,0,0,0,0,0,0,0,0,0,0,0,0,0,0,0
Everything — Lil Baby,Everything,Lil Baby,2.34575,2022-10-14,2022-10-29,52,52,1,0,0,0,0,0,0,0,0,0,0,0,0,0,0,0,0,0,0,0,0,0,0,0,0,0,0,0,0,1,0,0,0,0,0,0,0,0,0,0,0,0,0,0,0,0,0,0,0,0,0,0,0,0
Double Down — Lil Baby,Double Down,Lil Baby,3.3788833333333335,2022-10-14,2022-10-29,54,54,1,0,0,0,0,0,0,0,0,0,0,0,0,0,0,0,0,0,0,0,0,0,0,0,0,0,0,0,0,1,0,0,0,0,0,0,0,0,0,0,0,0,0,0,0,0,0,0,0,0,0,0,0,0
Edging — Blink-182,Edging,Blink-182,2.491233333333333,2022-10-14,2022-10-29,61,61,1,0,0,0,0,0,0,0,0,0,0,0,0,0,0,0,0,0,0,0,0,0,0,0,0,0,0,0,0,0,0,0,0,0,0,0,0,0,0,0,0,0,0,0,0,0,0,0,1,0,0,0,0,0
Top Priority — Lil Baby,Top Priority,Lil Baby,3.127266666666667,2022-10-14,2022-10-29,64,64,1,0,0,0,0,0,0,0,0,0,0,0,0,0,0,0,0,0,0,0,0,0,0,0,0,0,0,0,0,1,0,0,0,0,0,0,0,0,0,0,0,0,0,0,0,0,0,0,0,0,0,0,0,0
Danger — Lil Baby,Danger,Lil Baby,2.5263666666666666,2022-10-14,2022-10-29,69,69,1,0,0,0,0,0,0,0,0,0,0,0,0,0,0,0,0,0,0,0,0,0,0,0,0,0,0,0,0,1,0,0,0,0,0,0,0,0,0,0,0,0,0,0,0,0,0,0,0,0,0,0,0,0
Russian Roulette — Lil Baby,Russian Roulette,Lil Baby,2.9313833333333332,2022-10-14,2022-10-29,70,70,1,0,0,0,0,0,0,0,0,0,0,0,0,0,0,0,0,0,0,0,0,0,0,0,0,0,0,0,0,1,0,0,0,0,0,0,0,0,0,0,0,0,0,0,0,0,0,0,0,0,0,0,0,0
FR — Lil Baby,FR,Lil Baby,2.9189,2022-10-14,2022-10-29,76,76,1,0,0,0,0,0,0,0,0,0,0,0,0,0,0,0,0,0,0,0,0,0,0,0,0,0,0,0,0,1,0,0,0,0,0,0,0,0,0,0,0,0,0,0,0,0,0,0,0,0,0,0,0,0
No Fly Zone — Lil Baby,No Fly Zone,Lil Baby,3.5814,2022-10-14,2022-10-29,80,80,1,0,0,0,0,0,0,0,0,0,0,0,0,0,0,0,0,0,0,0,0,0,0,0,0,0,0,0,0,1,0,0,0,0,0,0,0,0,0,0,0,0,0,0,0,0,0,0,0,0,0,0,0,0
Just Wanna Rock — Lil Uzi Vert,Just Wanna Rock,Lil Uzi Vert,1.59475,2023-07-21,2022-10-29,86,10,32,0,0,0,0,0,0,0,0,1,0,0,0,0,0,0,0,0,0,0,1,0,0,1,0,0,0,0,0,0,0,1,0,0,0,0,0,0,0,0,0,0,0,0,0,0,0,0,0,0,0,0,0,0
Anti-Hero — Taylor Swift,Anti-Hero,Taylor Swift,3.3448333333333333,2022-10-21,2022-11-05,1,1,53,0,0,0,0,0,0,0,0,0,0,0,0,0,0,0,0,0,0,0,0,0,0,0,0,0,0,0,0,0,0,0,0,0,0,0,0,0,0,0,0,0,0,1,0,0,0,0,0,0,0,0,0,0
Lavender Haze — Taylor Swift,Lavender Haze,Taylor Swift,3.373266666666667,2022-10-21,2022-11-05,2,2,29,0,0,0,0,0,0,0,0,0,0,0,0,0,0,0,0,0,0,0,0,0,0,0,0,0,0,0,0,0,0,0,0,0,0,0,0,0,0,0,0,0,0,1,0,0,0,0,0,0,0,0,0,0
Maroon — Taylor Swift,Maroon,Taylor Swift,3.63785,2022-10-21,2022-11-05,3,3,7,0,0,0,0,0,0,0,0,0,0,0,0,0,0,0,0,0,0,0,0,0,0,0,0,0,0,0,0,0,0,0,0,0,0,0,0,0,0,0,0,0,0,1,0,0,0,0,0,0,0,0,0,0
Midnight Rain — Taylor Swift,Midnight Rain,Taylor Swift,2.91305,2022-10-21,2022-11-05,5,5,8,0,0,0,0,0,0,0,0,0,0,0,0,0,0,0,0,0,0,0,0,0,0,0,0,0,0,0,0,0,0,0,0,0,0,0,0,0,0,0,0,0,0,1,0,0,0,0,0,0,0,0,0,0
Bejeweled — Taylor Swift,Bejeweled,Taylor Swift,3.2361,2022-10-21,2022-11-05,6,6,9,0,0,0,0,0,0,0,0,0,0,0,0,0,0,0,0,0,0,0,0,0,0,0,0,0,0,0,0,0,0,0,0,0,0,0,0,0,0,0,0,0,0,1,0,0,0,0,0,0,0,0,0,0
Question...? — Taylor Swift,Question...?,Taylor Swift,3.5092833333333333,2022-10-21,2022-11-05,7,7,5,0,0,0,0,0,0,0,0,0,0,0,0,0,0,0,0,0,0,0,0,0,0,0,0,0,0,0,0,0,0,0,0,0,0,0,0,0,0,0,0,0,0,1,0,0,0,0,0,0,0,0,0,0
"You're On Your Own, Kid — Taylor Swift","You're On Your Own, Kid",Taylor Swift,,,2022-11-05,8,8,6,0,0,0,0,0,0,0,0,0,0,0,0,0,0,0,0,0,0,0,0,0,0,0,0,0,0,0,0,0,0,0,0,0,0,0,0,0,0,0,0,0,0,0,0,0,0,0,0,0,0,0,0,0
Karma — Taylor Swift,Karma,Taylor Swift,3.358216666666667,2022-10-21,2022-11-05,9,9,11,0,0,0,0,0,0,0,0,0,0,0,0,0,0,0,0,0,0,0,0,0,0,0,0,0,0,0,0,0,0,0,0,0,0,0,0,0,0,0,0,0,0,1,0,0,0,0,0,0,0,0,0,0
Vigilante Shit — Taylor Swift,Vigilante Shit,Taylor Swift,2.7466833333333334,2022-10-21,2022-11-05,10,10,6,0,0,0,0,0,0,0,0,0,0,0,0,0,0,0,0,0,0,0,0,0,0,0,0,0,0,0,0,0,0,0,0,0,0,0,0,0,0,0,0,0,0,1,0,0,0,0,0,0,0,0,0,0
Mastermind — Taylor Swift,Mastermind,Taylor Swift,3.1839833333333334,2022-10-21,2022-11-05,13,13,5,0,0,0,0,0,0,0,0,0,0,0,0,0,0,0,0,0,0,0,0,0,0,0,0,0,0,0,0,0,0,0,0,0,0,0,0,0,0,0,0,0,0,1,0,0,0,0,0,0,0,0,0,0
Labyrinth — Taylor Swift,Labyrinth,Taylor Swift,4.1327,2022-10-21,2022-11-05,14,14,5,0,0,0,0,0,0,0,0,0,0,0,0,0,0,0,0,0,0,0,0,0,0,0,0,0,0,0,0,0,0,0,0,0,0,0,0,0,0,0,0,0,0,1,0,0,0,0,0,0,0,0,0,0
Sweet Nothing — Taylor Swift,Sweet Nothing,Taylor Swift,3.1416166666666667,2022-10-21,2022-11-05,15,15,5,0,0,0,0,0,0,0,0,0,0,0,0,0,0,0,0,0,0,0,0,0,0,0,0,0,0,0,0,0,0,0,0,0,0,0,0,0,0,0,0,0,0,1,0,0,0,0,0,0,0,0,0,0
"Would've, Could've, Should've — Taylor Swift","Would've, Could've, Should've",Taylor Swift,4.339366666666667,2022-10-21,2022-11-05,20,20,4,0,0,0,0,0,0,0,0,0,0,0,0,0,0,0,0,0,0,0,0,0,0,0,0,0,0,0,0,0,0,0,0,0,0,0,0,0,0,0,0,0,0,1,0,0,0,0,0,0,0,0,0,0
Bigger Than The Whole Sky — Taylor Swift,Bigger Than The Whole Sky,Taylor Swift,3.6417166666666665,2022-10-21,2022-11-05,21,21,4,0,0,0,0,0,0,0,0,0,0,0,0,0,0,0,0,0,0,0,0,0,0,0,0,0,0,0,0,0,0,0,0,0,0,0,0,0,0,0,0,0,0,1,0,0,0,0,0,0,0,0,0,0
The Great War — Taylor Swift,The Great War,Taylor Swift,4.005933333333333,2022-10-21,2022-11-05,26,26,4,0,0,0,0,0,0,0,0,0,0,0,0,0,0,0,0,0,0,0,0,0,0,0,0,0,0,0,0,0,0,0,0,0,0,0,0,0,0,0,0,0,0,1,0,0,0,0,0,0,0,0,0,0
Paris — Taylor Swift,Paris,Taylor Swift,3.270983333333333,2022-10-21,2022-11-05,32,32,3,0,0,0,0,0,0,0,0,0,0,0,0,0,0,0,0,0,0,0,0,0,0,0,0,0,0,0,0,0,0,0,0,0,0,0,0,0,0,0,0,0,0,1,0,0,0,0,0,0,0,0,0,0
High Infidelity — Taylor Swift,High Infidelity,Taylor Swift,3.8579166666666667,2022-10-21,2022-11-05,33,33,3,0,0,0,0,0,0,0,0,0,0,0,0,0,0,0,0,0,0,0,0,0,0,0,0,0,0,0,0,0,0,0,0,0,0,0,0,0,0,0,0,0,0,1,0,0,0,0,0,0,0,0,0,0
Glitch — Taylor Swift,Glitch,Taylor Swift,2.4796833333333335,2022-10-21,2022-11-05,41,41,2,0,0,0,0,0,0,0,0,0,0,0,0,0,0,0,0,0,0,0,0,0,0,0,0,0,0,0,0,0,0,0,0,0,0,0,0,0,0,0,0,0,0,1,0,0,0,0,0,0,0,0,0,0
Dear Reader — Taylor Swift,Dear Reader,Taylor Swift,3.753233333333333,2022-10-21,2022-11-05,45,45,2,0,0,0,0,0,0,0,0,0,0,0,0,0,0,0,0,0,0,0,0,0,0,0,0,0,0,0,0,0,0,0,0,0,0,0,0,0,0,0,0,0,0,1,0,0,0,0,0,0,0,0,0,0
Made You Look — Meghan Trainor,Made You Look,Meghan Trainor,2.2376,2022-10-13,2022-11-05,95,11,21,0,0,0,0,0,0,0,0,0,0,0,0,0,0,0,0,0,0,0,0,0,0,0,0,0,0,0,0,0,0,0,0,0,0,0,0,0,0,0,0,0,0,1,0,0,0,0,0,0,0,0,0,0
Lift Me Up — Rihanna,Lift Me Up,Rihanna,3.258583333333333,2022-10-28,2022-11-12,2,2,20,0,0,0,0,0,0,0,0,0,0,0,0,0,0,0,0,0,0,0,0,0,0,0,0,0,0,0,0,0,0,0,0,0,0,0,0,0,0,0,0,0,0,1,0,0,0,0,0,0,1,0,0,0
Shirt — SZA,Shirt,SZA,3.030666666666667,2022-10-28,2022-11-12,11,11,23,0,0,0,0,0,0,0,0,0,0,0,0,0,0,0,0,0,0,0,0,0,0,0,0,0,0,0,0,0,0,0,0,0,0,0,0,0,0,0,0,0,0,0,0,1,0,0,0,0,0,0,0,0
In My Head — Juice WRLD,In My Head,Juice WRLD,3.2,2022-10-28,2022-11-12,23,23,2,0,0,0,0,0,0,0,0,0,0,0,0,0,0,0,0,0,0,0,0,0,0,0,0,0,0,0,0,1,0,0,0,0,0,0,0,0,0,0,0,0,0,0,0,0,0,0,0,0,0,0,0,0
The Astronaut — JIN,The Astronaut,Jin,4.707716666666666,2022-10-28,2022-11-12,51,51,1,0,0,0,0,0,0,0,0,0,0,0,0,0,0,0,0,0,0,0,0,0,0,0,0,0,0,0,0,0,0,0,0,0,0,1,0,0,0,0,0,0,0,1,0,0,0,0,0,0,0,0,0,0
300 Blackout — Kodak Black,300 Blackout,Kodak Black,2.7749,2022-10-07,2022-11-12,96,96,1,0,0,0,0,0,0,0,0,0,0,0,0,0,0,0,0,0,0,0,0,0,0,0,0,0,0,0,0,1,0,0,0,0,0,0,0,0,0,0,0,0,0,0,0,0,0,0,0,0,0,0,0,0
BackOutsideBoyz — Drake,BackOutsideBoyz,Drake,2.549366666666667,2022-11-04,2022-11-19,9,9,4,0,0,0,0,0,0,0,0,0,0,0,0,0,0,0,0,0,0,0,0,0,0,0,0,0,0,0,0,1,0,0,0,0,0,0,0,0,0,0,0,0,0,0,0,0,0,0,0,0,0,0,0,0
Middle Of The Ocean — Drake,Middle Of The Ocean,Drake,,,2022-11-19,15,15,3,0,0,0,0,0,0,0,0,0,0,0,0,0,0,0,0,0,0,0,0,0,0,0,0,0,0,0,0,0,0,0,0,0,0,0,0,0,0,0,0,0,0,0,0,0,0,0,0,0,0,0,0,0
Jumbotron Shit Poppin — Drake,Jumbotron Shit Poppin,Drake,2.28585,2022-11-04,2022-11-19,16,16,4,0,0,0,0,0,0,0,0,0,0,0,0,0,0,0,0,0,0,0,0,0,0,0,0,0,0,0,0,1,0,0,0,0,0,0,0,0,0,0,0,0,0,0,0,0,0,0,0,0,0,0,0,0
I Guess It's Fuck Me — Drake,I Guess It's Fuck Me,Drake,4.3998,2022-11-04,2022-11-19,19,19,2,0,0,0,0,0,0,0,0,0,0,0,0,0,0,0,0,0,0,0,0,0,0,0,0,0,0,0,0,1,0,0,0,0,0,0,0,0,0,0,0,0,0,0,0,0,0,0,0,0,0,0,0,0
3AM On Glenwood — 21 Savage,3AM On Glenwood,21 Savage,2.97215,2022-11-04,2022-11-19,27,27,2,0,0,0,0,0,0,0,0,0,0,0,0,0,0,0,0,0,0,0,0,0,0,0,0,0,0,0,0,1,0,0,0,0,0,0,0,0,0,0,0,0,0,0,0,0,0,0,0,0,0,0,0,0
Die For You — Joji,Die For You,Joji,3.5277833333333333,2022-11-04,2022-11-19,53,53,3,0,0,0,0,0,0,1,0,0,0,0,0,0,0,0,0,0,0,0,0,0,0,0,0,0,0,0,0,0,0,0,0,0,0,0,0,0,0,0,0,0,0,0,0,0,0,0,0,0,0,0,0,0
My Mind & Me — Selena Gomez,My Mind & Me,Selena Gomez,2.45995,2022-11-03,2022-11-19,83,83,1,0,0,0,0,0,0,0,0,0,0,0,0,0,0,0,0,0,0,0,0,0,0,0,0,0,0,0,0,0,0,0,0,0,0,0,0,0,0,0,0,0,0,1,0,0,0,0,0,0,0,0,0,0
Heart Like A Truck — Lainey Wilson,Heart Like A Truck,Lainey Wilson,3.31355,2022-08-12,2022-11-26,86,29,23,0,0,0,0,0,0,0,0,0,0,0,0,0,0,0,0,0,0,1,0,0,0,0,0,0,0,0,0,0,0,0,0,0,0,0,0,0,0,0,0,0,0,0,0,0,0,0,0,0,0,0,0,0
Break My Heart — Rod Wave,Break My Heart,Rod Wave,2.8235333333333332,2022-11-09,2022-11-26,91,76,2,0,0,0,0,0,0,0,0,0,0,0,0,0,0,0,0,0,0,0,0,0,0,0,0,0,0,0,0,1,0,0,0,0,0,0,0,0,0,0,0,0,0,0,0,0,1,0,0,0,0,0,0,0
"Going, Going, Gone — Luke Combs","Going, Going, Gone",Luke Combs,2.954066666666667,2022-06-24,2022-11-26,99,23,22,0,0,0,0,0,0,0,0,0,0,0,0,0,0,0,0,0,0,1,0,0,0,0,0,0,0,0,0,0,0,0,0,0,0,0,0,0,0,0,0,0,0,0,0,0,0,0,0,0,0,0,0,0
Got It Right — Rod Wave,Got It Right,Rod Wave,3.5733333333333333,2022-11-18,2022-12-03,95,95,1,0,0,0,0,0,0,0,0,0,0,0,0,0,0,0,0,0,0,0,0,0,0,0,0,0,0,0,0,1,0,0,0,0,0,0,0,0,0,0,0,0,0,0,0,0,1,0,0,0,0,0,0,0
Last Christmas — Lauren Spencer-Smith,Last Christmas,Lauren Spencer-Smith,3.3659166666666667,2023-12-15,2022-12-10,91,72,5,0,0,0,0,0,0,0,0,0,0,0,0,0,0,0,0,0,0,0,0,0,0,0,0,0,0,0,0,0,1,0,0,0,0,0,0,0,0,0,0,0,0,0,0,0,0,0,0,0,0,0,0,0
Someday At Christmas — Lizzo,Someday At Christmas,Lizzo,2.9595666666666665,2022-11-10,2022-12-10,96,59,5,0,0,0,0,0,0,0,0,0,0,0,0,0,0,0,0,0,0,0,0,0,0,0,0,0,0,0,0,0,0,0,0,0,0,0,0,0,0,0,0,0,0,1,0,0,0,0,0,0,0,0,0,0
One Thing At A Time — Morgan Wallen,One Thing At A Time,Morgan Wallen,3.44775,2022-12-02,2022-12-17,37,10,30,0,0,0,0,0,0,0,0,0,0,0,0,0,0,0,0,0,0,1,0,0,0,0,0,0,0,0,0,0,0,0,0,0,0,0,0,0,0,0,0,0,0,0,0,0,0,0,0,0,0,0,0,0
Tennessee Fan — Morgan Wallen,Tennessee Fan,Morgan Wallen,3.30425,2022-12-02,2022-12-17,49,49,7,0,0,0,0,0,0,0,0,0,0,0,0,0,0,0,0,0,0,1,0,0,0,0,0,0,0,0,0,0,0,0,0,0,0,0,0,0,0,0,0,0,0,0,0,0,0,0,0,0,0,0,0,0
Days That End In Why — Morgan Wallen,Days That End In Why,Morgan Wallen,,,2022-12-17,57,57,2,0,0,0,0,0,0,0,0,0,0,0,0,0,0,0,0,0,0,0,0,0,0,0,0,0,0,0,0,0,0,0,0,0,0,0,0,0,0,0,0,0,0,0,0,0,0,0,0,0,0,0,0,0
Blue Christmas — Kane Brown,Blue Christmas,Kane Brown,2.1424666666666665,2023-10-27,2022-12-17,98,73,4,0,0,0,0,0,0,0,0,0,0,0,0,0,0,0,0,0,0,1,0,0,0,0,0,0,0,0,0,0,1,0,0,0,0,0,0,0,0,0,0,0,0,0,0,0,0,0,0,0,0,0,0,0
Kill Bill — SZA,Kill Bill,SZA,2.292133333333333,2023-01-13,2022-12-24,3,1,52,0,0,0,0,0,0,0,0,0,0,0,0,0,0,0,0,0,0,0,0,0,0,0,0,0,0,0,0,0,0,0,0,0,0,0,0,0,0,0,0,0,0,0,0,1,0,0,0,0,0,0,0,0
Nobody Gets Me — SZA,Nobody Gets Me,SZA,3.0142166666666665,2022-12-05,2022-12-24,10,10,17,0,0,0,0,0,0,0,0,0,0,0,0,0,0,0,0,0,0,0,0,0,0,0,0,0,0,0,0,0,0,0,0,0,0,0,0,0,0,0,0,0,0,0,0,1,0,0,0,0,0,0,0,0
Blind — SZA,Blind,SZA,2.512,2022-12-09,2022-12-24,12,12,11,0,0,0,0,0,0,0,0,0,0,0,0,0,0,0,0,0,0,0,0,0,0,0,0,0,0,0,0,0,0,0,0,0,0,0,0,0,0,0,0,0,0,0,0,1,0,0,0,0,0,0,0,0
Low — SZA,Low,SZA,3.018,2022-12-09,2022-12-24,17,17,16,0,0,0,0,0,0,0,0,0,0,0,0,0,0,0,0,0,0,0,0,0,0,0,0,0,0,0,0,0,0,0,0,0,0,0,0,0,0,0,0,0,0,0,0,1,0,0,0,0,0,0,0,0
Love Language — SZA,Love Language,SZA,3.0648833333333334,2022-12-09,2022-12-24,21,21,10,0,0,0,0,0,0,0,0,0,0,0,0,0,0,0,0,0,0,0,0,0,0,0,0,0,0,0,0,0,0,0,0,0,0,0,0,0,0,0,0,0,0,0,0,1,0,0,0,0,0,0,0,0
Seek & Destroy — SZA,Seek & Destroy,SZA,,,2022-12-24,24,24,7,0,0,0,0,0,0,0,0,0,0,0,0,0,0,0,0,0,0,0,0,0,0,0,0,0,0,0,0,0,0,0,0,0,0,0,0,0,0,0,0,0,0,0,0,0,0,0,0,0,0,0,0,0
Snooze — SZA,Snooze,SZA,3.1744166666666667,2023-09-15,2022-12-24,29,2,70,0,0,0,0,0,0,0,0,0,0,0,0,0,0,0,0,0,0,0,0,0,0,0,0,0,0,0,0,0,0,0,0,0,0,0,0,0,0,0,0,0,0,0,0,1,0,0,0,0,0,0,0,0
SOS — SZA,SOS,SZA,1.9628833333333333,2022-12-09,2022-12-24,32,32,5,0,0,0,0,0,0,0,0,0,0,0,0,0,0,0,0,0,0,0,0,0,0,0,0,0,0,0,0,0,0,0,0,0,0,0,0,0,0,0,0,0,0,0,0,1,0,0,0,0,0,0,0,0
Special — SZA,Special,SZA,2.6473333333333335,2022-12-09,2022-12-24,37,37,6,0,0,0,0,0,0,0,0,0,0,0,0,0,0,0,0,0,0,0,0,0,0,0,0,0,0,0,0,0,0,0,0,0,0,0,0,0,0,0,0,0,0,0,0,1,0,0,0,0,0,0,0,0
Gone Girl — SZA,Gone Girl,SZA,4.067116666666666,2022-12-09,2022-12-24,43,43,5,0,0,0,0,0,0,0,0,0,0,0,0,0,0,0,0,0,0,0,0,0,0,0,0,0,0,0,0,0,0,0,0,0,0,0,0,0,0,0,0,0,0,0,0,1,0,0,0,0,0,0,0,0
Notice Me — SZA,Notice Me,SZA,2.682,2022-12-09,2022-12-24,44,44,3,0,0,0,0,0,0,0,0,0,0,0,0,0,0,0,0,0,0,0,0,0,0,0,0,0,0,0,0,0,0,0,0,0,0,0,0,0,0,0,0,0,0,0,0,1,0,0,0,0,0,0,0,0
Smoking On My Ex Pack — SZA,Smoking On My Ex Pack,SZA,,,2022-12-24,52,52,2,0,0,0,0,0,0,0,0,0,0,0,0,0,0,0,0,0,0,0,0,0,0,0,0,0,0,0,0,0,0,0,0,0,0,0,0,0,0,0,0,0,0,0,0,0,0,0,0,0,0,0,0,0
F2F — SZA,F2F,SZA,3.084,2022-12-09,2022-12-24,55,55,2,0,0,0,0,0,0,0,0,0,0,0,0,0,0,0,0,0,0,0,0,0,0,0,0,0,0,0,0,0,0,0,0,0,0,0,0,0,0,0,0,0,0,0,0,1,0,0,0,0,0,0,0,0
Conceited — SZA,Conceited,SZA,2.52355,2022-12-09,2022-12-24,58,58,2,0,0,0,0,0,0,0,0,0,0,0,0,0,0,0,0,0,0,0,0,0,0,0,0,0,0,0,0,0,0,0,0,0,0,0,0,0,0,0,0,0,0,0,0,1,0,0,0,0,0,0,0,0
Far — SZA,Far,SZA,3.0113333333333334,2022-12-09,2022-12-24,61,61,2,0,0,0,0,0,0,0,0,0,0,0,0,0,0,0,0,0,0,0,0,0,0,0,0,0,0,0,0,0,0,0,0,0,0,0,0,0,0,0,0,0,0,0,0,1,0,0,0,0,0,0,0,0
Too Late — SZA,Too Late,SZA,2.74045,2022-12-09,2022-12-24,62,62,1,0,0,0,0,0,0,0,0,0,0,0,0,0,0,0,0,0,0,0,0,0,0,0,0,0,0,0,0,0,0,0,0,0,0,0,0,0,0,0,0,0,0,0,0,1,0,0,0,0,0,0,0,0
Face 2 Face — Juice WRLD,Face 2 Face,Juice WRLD,2.0759666666666665,2022-12-15,2022-12-31,92,92,1,0,0,0,0,0,0,0,0,0,0,0,0,0,0,0,0,0,0,0,0,0,0,0,0,0,0,0,0,1,0,0,0,0,0,0,0,0,0,0,0,0,0,0,0,0,0,0,0,0,0,0,0,0
Bloody Mary — Lady Gaga,Bloody Mary,Lady Gaga,4.079416666666667,2011-05-23,2023-01-14,68,41,18,0,0,0,0,0,0,0,0,0,0,0,0,0,0,0,0,0,0,0,0,0,0,0,0,0,0,0,0,0,0,0,0,0,0,0,0,0,0,0,0,0,0,1,0,0,0,0,0,0,0,0,0,0
Handle On You — Parker McCollum,Handle On You,Parker McCollum,3.6661333333333332,2022-08-05,2023-01-14,69,30,20,0,0,0,0,0,0,0,0,0,0,0,0,0,0,0,0,0,0,1,0,0,0,0,0,0,0,0,0,0,0,0,0,0,0,0,0,0,0,0,0,0,0,0,0,0,0,0,0,0,0,0,0,0
The Color Violet — Tory Lanez,The Color Violet,Tory Lanez,3.77445,2021-12-10,2023-01-14,87,63,9,0,0,0,0,0,0,0,0,0,0,0,0,0,0,0,0,0,0,0,0,0,0,0,0,0,0,0,0,0,0,0,0,0,0,0,0,0,0,0,0,0,0,0,0,1,0,0,0,0,0,0,0,0
Here With Me — d4vd,Here With Me,d4vd,4.041416666666667,2022-07-17,2023-01-14,88,60,10,0,0,0,0,0,0,1,0,0,0,0,0,0,0,0,0,0,0,0,0,0,0,0,0,0,0,0,0,0,0,0,0,0,0,0,0,0,0,0,0,0,0,0,0,0,0,0,0,0,0,0,0,0
Shut Up My Moms Calling — Hotel Ugly,Shut Up My Moms Calling,Hotel Ugly,2.2588166666666667,2022-09-14,2023-01-14,96,68,8,0,0,0,0,0,0,0,0,0,0,0,0,0,0,0,0,0,0,0,0,0,0,0,0,0,0,0,0,0,0,0,0,0,0,0,0,0,0,0,1,0,0,0,0,1,0,0,0,0,0,0,0,0
Players — Coi Leray,Players,Coi Leray,2.326,2023-06-16,2023-01-14,98,9,26,0,0,0,0,0,0,0,0,0,0,0,0,0,0,0,0,0,0,0,0,0,0,0,0,0,0,0,0,1,0,0,0,0,0,0,0,0,0,0,0,0,0,0,0,0,0,0,0,0,0,0,0,0
Black — YoungBoy Never Broke Again,Black,YoungBoy Never Broke Again,2.1333333333333333,2023-01-04,2023-01-21,93,93,1,0,0,0,0,0,0,0,0,0,0,0,0,0,0,0,0,0,0,0,0,0,0,0,0,0,0,0,0,1,0,0,0,0,0,0,0,0,0,0,0,0,0,0,0,0,0,0,0,0,0,0,0,0
Ditto — NewJeans,Ditto,NewJeans,3.0917833333333333,2022-12-19,2023-01-21,96,82,5,0,0,0,0,0,0,0,0,0,0,0,0,0,0,0,0,0,0,0,0,0,0,0,0,0,0,0,0,0,0,0,0,0,0,1,0,0,0,0,0,0,0,1,0,0,0,0,0,0,0,0,0,0
That's What Tequila Does — Jason Aldean,That's What Tequila Does,Jason Aldean,3.155116666666667,2021-11-12,2023-01-21,97,77,8,0,0,0,0,0,0,0,0,0,0,0,0,0,0,0,0,0,0,1,0,0,0,0,0,0,0,0,0,0,0,0,0,0,0,0,0,0,0,0,0,0,0,0,0,0,0,0,0,0,0,0,0,0
You Didn't — Brett Young,You Didn't,Brett Young,3.76355,2021-06-04,2023-01-21,100,63,12,0,0,0,0,0,0,0,0,0,0,0,0,0,0,0,0,0,0,1,0,0,0,0,0,0,0,0,0,0,0,0,0,0,0,0,0,0,0,0,0,0,0,0,0,0,0,0,0,0,0,0,0,0
Flowers — Miley Cyrus,Flowers,Miley Cyrus,3.3433333333333333,2023-01-12,2023-01-28,1,1,55,0,0,0,0,0,0,0,0,0,0,0,0,0,0,0,0,0,0,0,0,0,0,0,0,0,0,0,0,0,0,0,0,0,0,0,0,0,0,0,0,0,0,1,0,0,0,0,0,0,0,0,0,0
Nonsense — Sabrina Carpenter,Nonsense,Sabrina Carpenter,2.291916666666667,2022-11-14,2023-01-28,75,56,19,0,0,0,0,0,0,0,0,0,0,0,0,0,0,0,0,0,0,0,0,0,0,0,0,0,0,0,0,0,0,0,0,0,0,0,0,0,0,0,0,0,0,1,0,0,0,0,0,0,0,0,0,0
OMG — NewJeans,OMG,NewJeans,2.5133666666666667,2023-02-10,2023-01-28,91,74,6,0,0,0,0,0,0,0,0,0,0,0,0,0,0,0,0,0,0,0,1,0,0,0,0,0,0,0,1,1,0,0,0,0,0,0,0,0,0,0,0,0,0,0,0,0,0,0,0,0,0,0,0,0
Human — Cody Johnson,Human,Cody Johnson,3.692,2021-10-08,2023-01-28,94,61,19,0,0,0,0,0,0,0,0,0,0,0,0,0,0,0,0,0,0,1,0,0,0,0,0,0,0,0,0,0,0,0,0,0,0,0,0,0,0,0,0,0,0,0,0,0,0,0,0,0,0,0,0,0
Heart To Heart — Mac DeMarco,Heart To Heart,Mac DeMarco,3.519,2019-05-10,2023-01-28,98,83,4,0,0,0,0,0,0,1,0,0,0,0,0,0,0,0,0,0,0,0,0,0,0,0,0,0,0,0,0,0,0,0,0,0,0,0,0,0,0,0,0,0,0,0,0,0,0,0,0,0,0,0,0,0
I Wish You Roses — Kali Uchis,I Wish You Roses,Kali Uchis,3.6659166666666665,2023-01-25,2023-02-04,81,81,2,0,0,0,0,0,0,0,0,0,0,0,0,0,0,0,0,0,0,0,0,0,0,0,0,0,0,0,0,0,0,0,0,0,0,0,0,0,0,0,0,0,0,0,0,1,0,0,0,0,0,0,0,0
Moonlight Sunrise — TWICE,Moonlight Sunrise,TWICE,3.005333333333333,2023-01-20,2023-02-04,84,84,1,0,0,0,0,0,0,0,0,0,0,0,0,0,0,0,0,0,0,0,0,0,0,0,0,0,0,0,0,0,0,0,0,0,0,0,0,0,0,0,0,0,0,1,0,0,0,0,0,0,0,0,0,0
Next Thing You Know — Jordan Davis,Next Thing You Know,Jordan Davis,2.9206333333333334,2022-08-12,2023-02-04,91,23,31,0,0,0,0,0,0,0,0,0,0,0,0,0,0,0,0,0,0,1,0,0,0,0,0,0,0,0,0,0,0,0,0,0,0,0,0,0,0,0,0,0,0,0,0,0,0,0,0,0,0,0,0,0
Back End — Finesse2Tymes,Back End,Finesse2Tymes,2.7579833333333332,2022-07-22,2023-02-04,98,86,5,0,0,0,0,0,0,0,0,0,0,0,0,0,0,0,0,0,0,0,0,0,0,0,0,0,0,0,0,1,0,0,0,0,0,0,0,0,0,0,0,0,0,0,0,0,0,0,0,0,0,0,0,0
Spit In My Face! — ThxSoMch,Spit In My Face!,ThxSoMch,2.464583333333333,2022-11-01,2023-02-04,100,100,1,0,0,0,0,0,0,0,0,0,0,0,0,0,0,0,0,0,0,0,0,0,0,0,0,0,0,0,0,1,0,0,0,0,0,0,0,0,0,0,0,0,0,0,0,0,0,0,0,0,0,0,0,0
Last Night — Morgan Wallen,Last Night,Morgan Wallen,2.730916666666667,2023-02-02,2023-02-11,27,1,60,0,0,0,0,0,0,0,0,0,0,0,0,0,0,0,0,0,0,1,0,0,0,0,0,0,0,0,0,0,0,0,0,0,0,0,0,0,0,0,0,0,0,0,0,0,0,0,0,0,0,0,0,0
Love Again — The Kid LAROI,Love Again,The Kid LAROI,2.4440166666666667,2023-01-27,2023-02-11,40,40,12,0,0,0,0,0,0,0,0,0,0,0,0,0,0,0,0,0,0,0,0,0,0,0,0,0,0,0,0,1,0,0,0,0,0,0,0,0,0,0,0,0,0,1,0,0,1,0,0,0,0,0,0,0
I Wrote The Book — Morgan Wallen,I Wrote The Book,Morgan Wallen,3.02945,2023-02-02,2023-02-11,58,18,19,0,0,0,0,0,0,0,0,0,0,0,0,0,0,0,0,0,0,1,0,0,0,0,0,0,0,0,0,0,0,0,0,0,0,0,0,0,0,0,0,0,0,0,0,0,0,0,0,0,0,0,0,0
Everything I Love — Morgan Wallen,Everything I Love,Morgan Wallen,3.11745,2023-02-02,2023-02-11,61,14,42,0,0,0,0,0,0,0,0,0,0,0,0,0,0,0,0,0,0,1,0,0,0,0,0,0,0,0,0,0,0,0,0,0,0,0,0,0,0,0,0,0,0,0,0,0,0,0,0,0,0,0,0,0
Growin' Up And Gettin' Old — Luke Combs,Growin' Up And Gettin' Old,Luke Combs,3.8765833333333335,2023-01-27,2023-02-11,64,54,5,0,0,0,0,0,0,0,0,0,0,0,0,0,0,0,0,0,0,1,0,0,0,0,0,0,0,0,0,0,0,0,0,0,0,0,0,0,0,0,0,0,0,0,0,0,0,0,0,0,0,0,0,0
I'm Not Here To Make Friends — Sam Smith,I'm Not Here To Make Friends,Sam Smith,,,2023-02-11,71,71,2,0,0,0,0,0,0,0,0,0,0,0,0,0,0,0,0,0,0,0,0,0,0,0,0,0,0,0,0,0,0,0,0,0,0,0,0,0,0,0,0,0,0,0,0,0,0,0,0,0,0,0,0,0
The Black Seminole. — Lil Yachty,The Black Seminole.,Lil Yachty,6.8652,2023-01-27,2023-02-11,80,80,1,0,0,0,0,0,0,1,0,0,0,0,0,0,0,0,0,0,0,0,0,0,0,0,0,0,0,0,0,0,0,0,0,0,0,0,0,0,0,0,0,0,0,0,0,0,0,0,0,0,0,0,0,0
Never Gonna Not Dance Again — P!nk,Never Gonna Not Dance Again,P!nk,3.7631666666666668,2022-11-04,2023-02-11,99,99,2,0,0,0,0,0,0,0,0,0,0,0,0,0,0,0,0,0,0,0,0,0,0,0,0,0,0,0,0,0,0,0,0,0,0,0,0,0,0,0,0,0,0,1,0,0,0,0,0,0,0,0,0,0
Dancin' In The Country — Tyler Hubbard,Dancin' In The Country,Tyler Hubbard,2.994083333333333,2022-08-19,2023-02-11,100,23,23,0,0,0,0,0,0,0,0,0,0,0,0,0,0,0,0,0,0,1,0,0,0,0,0,0,0,0,0,0,0,0,0,0,0,0,0,0,0,0,0,0,0,0,0,0,0,0,0,0,0,0,0,0
Watch The World Burn — Falling In Reverse,Watch The World Burn,Falling In Reverse,3.3991333333333333,2023-01-31,2023-02-18,83,83,1,0,0,0,0,0,0,0,0,0,0,0,0,0,0,0,0,0,0,0,0,0,0,0,0,0,0,0,0,0,0,0,0,0,0,0,0,0,0,0,0,0,0,0,0,0,0,0,1,0,0,0,0,0
In Ha Mood — Ice Spice,In Ha Mood,Ice Spice,2.1560333333333332,2023-01-06,2023-02-18,85,58,16,0,0,0,0,0,0,0,0,0,0,0,0,0,0,0,0,0,0,0,0,0,0,0,0,0,0,0,0,1,0,0,0,0,0,0,0,0,0,0,0,0,0,0,0,0,0,0,0,0,0,0,0,0
Love You Anyway — Luke Combs,Love You Anyway,Luke Combs,3.82375,2023-02-10,2023-02-25,15,15,33,0,0,0,0,0,0,0,0,0,0,0,0,0,0,0,0,0,0,1,0,0,0,0,0,0,0,0,0,0,0,0,0,0,0,0,0,0,0,0,0,0,0,0,0,0,0,0,0,0,0,0,0,0
Lost — Linkin Park,Lost,Linkin Park,3.3223666666666665,2023-02-10,2023-02-25,38,38,2,0,0,0,0,0,0,1,0,0,0,0,0,0,0,0,0,0,0,0,0,0,0,0,0,0,0,0,0,0,0,0,0,0,0,0,0,0,0,0,0,0,0,0,0,0,0,0,0,0,0,0,0,0
Fix'n To Break — Bailey Zimmerman,Fix'n To Break,Bailey Zimmerman,3.8815833333333334,2023-02-10,2023-02-25,84,84,1,0,0,0,0,0,0,0,0,0,0,0,0,0,0,0,0,0,0,1,0,0,0,0,0,0,0,0,0,0,0,0,0,0,0,0,0,0,0,0,0,0,0,0,0,0,0,0,0,0,0,0,0,0
Painting Pictures — Superstar Pride,Painting Pictures,Superstar Pride,2.097916666666667,2022-10-22,2023-02-25,99,25,15,0,0,0,0,0,0,0,0,0,0,0,0,0,0,0,0,0,0,0,0,0,0,0,0,0,0,0,0,1,0,0,0,0,0,0,0,0,0,0,0,0,0,0,0,0,0,0,0,0,0,0,0,0
Hope — NF,Hope,NF,4.407883333333333,2023-02-18,2023-03-04,49,49,2,0,0,0,0,0,0,0,0,0,0,0,0,0,0,0,0,0,0,0,0,0,0,0,0,0,0,0,0,1,0,0,0,0,0,0,0,0,0,0,0,0,0,1,0,0,0,0,0,0,0,0,0,0
Favorite Song — Toosii,Favorite Song,Toosii,3.4771666666666667,2023-02-17,2023-03-04,51,5,27,0,0,0,0,0,0,0,0,0,0,0,0,0,0,0,0,0,0,0,0,0,0,0,0,0,0,0,0,1,0,0,0,0,0,0,0,0,0,0,0,0,0,0,0,0,0,0,0,0,0,0,0,0
Watch This (ARIZONATEARS Pluggnb Remix) — Lil Uzi Vert,Watch This (ARIZONATEARS Pluggnb Remix),Lil Uzi Vert,2.7189833333333335,2023-02-05,2023-03-04,62,56,6,0,0,0,0,0,0,0,0,0,0,0,0,0,0,0,0,0,0,0,0,0,0,0,0,0,0,0,0,1,0,0,0,0,0,0,0,0,0,0,0,0,0,0,0,0,0,0,0,0,0,0,0,0
Heaven — Niall Horan,Heaven,Niall Horan,3.1007166666666666,2023-10-26,2023-03-04,63,62,7,0,0,0,0,0,0,0,0,0,0,0,0,0,0,0,0,0,0,0,0,0,0,0,0,0,0,0,0,0,0,0,0,0,0,0,0,0,0,0,0,0,0,1,0,0,0,0,0,0,0,0,0,0
Ceilings — Lizzy McAlpine,Ceilings,Lizzy McAlpine,3.0481333333333334,2020-09-01,2023-03-04,75,54,13,0,0,0,0,0,0,1,0,0,0,0,0,0,0,0,0,0,0,0,0,0,0,0,0,0,0,0,0,0,0,0,0,0,0,0,0,0,0,0,0,0,0,0,0,0,0,0,0,0,0,0,0,0
Trustfall — P!nk,Trustfall,P!nk,3.9532166666666666,2023-01-27,2023-03-04,94,82,4,0,0,0,0,0,0,0,0,0,0,0,0,0,0,0,0,0,0,0,0,0,0,0,0,0,0,0,0,0,0,0,0,0,0,0,0,0,0,0,0,0,0,1,0,0,0,0,0,0,0,0,0,0
Slut Me Out — NLE Choppa,Slut Me Out,NLE Choppa,2.0612166666666667,2022-04-22,2023-03-04,96,28,14,0,0,0,0,0,0,0,0,0,0,0,0,0,0,0,0,0,0,0,0,0,0,0,0,0,0,0,0,1,0,0,0,0,0,0,0,0,0,0,0,0,0,0,0,0,0,0,0,0,0,0,0,0
Gold — Dierks Bentley,Gold,Dierks Bentley,2.796,2022-07-29,2023-03-04,99,68,9,0,0,0,0,0,0,0,0,0,0,0,0,0,0,0,0,0,0,1,0,0,0,0,0,0,0,0,0,0,0,0,0,0,0,0,0,0,0,0,0,0,0,0,0,0,0,0,0,0,0,0,0,0
Mientras Me Curo del Cora — Karol G,Mientras Me Curo del Cora,Karol G,2.7376,2023-02-24,2023-03-11,68,68,1,0,0,0,0,0,0,0,0,0,0,0,0,0,0,0,0,0,0,0,0,0,0,0,0,0,0,0,0,0,0,0,0,0,0,0,1,0,0,0,0,0,0,0,0,0,0,0,0,0,0,0,1,0
Gucci Los Panos — Karol G,Gucci Los Panos,Karol G,3.1071333333333335,2023-02-24,2023-03-11,71,71,1,0,0,0,0,0,0,0,0,0,0,0,0,0,0,0,0,0,0,0,0,0,0,0,0,0,0,0,0,0,0,0,0,0,0,0,1,0,0,0,0,0,0,0,0,0,0,0,0,0,0,0,1,0
Tus Gafitas — Karol G,Tus Gafitas,Karol G,2.8021166666666666,2023-02-24,2023-03-11,73,73,1,0,0,0,0,0,0,0,0,0,0,0,0,0,0,0,0,0,0,0,0,0,0,0,0,0,0,0,0,0,0,0,0,0,0,0,1,0,0,0,0,0,0,0,0,0,0,0,0,0,0,0,1,0
No More Talk — Yeat,No More Talk,Yeat,3.9751166666666666,2023-02-24,2023-03-11,77,77,1,0,0,0,0,0,0,0,0,0,0,0,0,0,0,0,0,0,0,0,0,0,0,0,0,0,0,0,0,1,0,0,0,0,0,0,0,0,0,0,0,0,0,0,0,0,0,0,0,0,0,0,0,0
Split — Yeat,Split,Yeat,2.3911166666666666,2023-02-24,2023-03-11,79,79,1,0,0,0,0,0,0,0,0,0,0,0,0,0,0,0,0,0,0,0,0,0,0,0,0,0,0,0,0,1,0,0,0,0,0,0,0,0,0,0,0,0,0,0,0,0,0,0,0,0,0,0,0,0
Dirt — Key Glock,Dirt,Key Glock,3.32155,2023-02-22,2023-03-11,88,88,1,0,0,0,0,0,0,0,0,0,0,0,0,0,0,0,0,0,0,0,0,0,0,0,0,0,0,0,0,1,0,0,0,0,0,0,0,0,0,0,0,0,0,0,0,0,0,0,0,0,0,0,0,0
Joe — Luke Combs,Joe,Luke Combs,3.6387833333333335,2023-02-24,2023-03-11,89,89,1,0,0,0,0,0,0,0,0,0,0,0,0,0,0,0,0,0,0,1,0,0,0,0,0,0,0,0,0,0,0,0,0,0,0,0,0,0,0,0,0,0,0,0,0,0,0,0,0,0,0,0,0,0
Besties — Karol G,Besties,Karol G,2.70265,2023-02-24,2023-03-11,96,96,1,0,0,0,0,0,0,0,0,0,0,0,0,0,0,0,0,0,0,0,0,0,0,0,0,0,0,0,0,0,0,0,0,0,0,0,1,0,0,0,0,0,0,0,0,0,0,0,0,0,0,0,1,0
Die 4 Me — Halsey,Die 4 Me,Halsey,3.5836833333333336,2023-02-24,2023-03-11,100,100,1,0,0,0,0,0,0,1,0,0,0,0,0,0,0,0,0,0,0,0,0,0,0,0,0,0,0,0,0,0,0,0,0,0,0,0,0,0,0,0,0,0,0,0,0,0,0,0,0,0,0,0,0,0
Thinkin' Bout Me — Morgan Wallen,Thinkin' Bout Me,Morgan Wallen,2.9564666666666666,2023-03-03,2023-03-18,9,7,55,0,0,0,0,0,0,0,0,0,0,0,0,0,0,0,0,0,0,1,0,0,0,0,0,0,0,0,0,0,0,0,0,0,0,0,0,0,0,0,0,0,0,0,0,0,0,0,0,0,0,0,0,0
Ain't That Some — Morgan Wallen,Ain't That Some,Morgan Wallen,2.6334,2023-03-03,2023-03-18,11,11,20,0,0,0,0,0,0,0,0,0,0,0,0,0,0,0,0,0,0,1,0,0,0,0,0,0,0,0,0,0,0,0,0,0,0,0,0,0,0,0,0,0,0,0,0,0,0,0,0,0,0,0,0,0
Red Ruby Da Sleeze — Nicki Minaj,Red Ruby Da Sleeze,Nicki Minaj,3.5740833333333333,2023-03-03,2023-03-18,13,13,12,0,0,0,0,0,0,0,0,0,0,0,0,0,0,0,0,0,0,0,0,0,0,0,0,0,0,0,0,1,0,0,0,0,0,0,0,0,0,0,0,0,0,0,0,0,0,0,0,0,0,0,0,0
'98 Braves — Morgan Wallen,'98 Braves,Morgan Wallen,2.9784,2023-03-03,2023-03-18,27,27,7,0,0,0,0,0,0,0,0,0,0,0,0,0,0,0,0,0,0,1,0,0,0,0,0,0,0,0,0,0,0,0,0,0,0,0,0,0,0,0,0,0,0,0,0,0,0,0,0,0,0,0,0,0
Devil Don't Know — Morgan Wallen,Devil Don't Know,Morgan Wallen,3.4197166666666665,2023-03-03,2023-03-18,29,29,3,0,0,0,0,0,0,0,0,0,0,0,0,0,0,0,0,0,0,1,0,0,0,0,0,0,0,0,0,0,0,0,0,0,0,0,0,0,0,0,0,0,0,0,0,0,0,0,0,0,0,0,0,0
Sunrise — Morgan Wallen,Sunrise,Morgan Wallen,3.0420333333333334,2023-03-03,2023-03-18,30,30,11,0,0,0,0,0,0,0,0,0,0,0,0,0,0,0,0,0,0,1,0,0,0,0,0,0,0,0,0,0,0,0,0,0,0,0,0,0,0,0,0,0,0,0,0,0,0,0,0,0,0,0,0,0
Born With A Beer In My Hand — Morgan Wallen,Born With A Beer In My Hand,Morgan Wallen,,,2023-03-18,32,32,3,0,0,0,0,0,0,0,0,0,0,0,0,0,0,0,0,0,0,0,0,0,0,0,0,0,0,0,0,0,0,0,0,0,0,0,0,0,0,0,0,0,0,0,0,0,0,0,0,0,0,0,0,0
Whiskey Friends — Morgan Wallen,Whiskey Friends,Morgan Wallen,3.4263166666666667,2023-03-03,2023-03-18,35,35,4,0,0,0,0,0,0,0,0,0,0,0,0,0,0,0,0,0,0,1,0,0,0,0,0,0,0,0,0,0,0,0,0,0,0,0,0,0,0,0,0,0,0,0,0,0,0,0,0,0,0,0,0,0
Tennessee Numbers — Morgan Wallen,Tennessee Numbers,Morgan Wallen,3.7521333333333335,2023-03-03,2023-03-18,38,38,2,0,0,0,0,0,0,0,0,0,0,0,0,0,0,0,0,0,0,1,0,0,0,0,0,0,0,0,0,0,0,0,0,0,0,0,0,0,0,0,0,0,0,0,0,0,0,0,0,0,0,0,0,0
Hope That's True — Morgan Wallen,Hope That's True,Morgan Wallen,3.10775,2023-03-03,2023-03-18,41,41,2,0,0,0,0,0,0,0,0,0,0,0,0,0,0,0,0,0,0,1,0,0,0,0,0,0,0,0,0,0,0,0,0,0,0,0,0,0,0,0,0,0,0,0,0,0,0,0,0,0,0,0,0,0
Dying Man — Morgan Wallen,Dying Man,Morgan Wallen,3.0577666666666667,2023-03-03,2023-03-18,43,43,4,0,0,0,0,0,0,0,0,0,0,0,0,0,0,0,0,0,0,1,0,0,0,0,0,0,0,0,0,0,0,0,0,0,0,0,0,0,0,0,0,0,0,0,0,0,0,0,0,0,0,0,0,0
Keith Whitley — Morgan Wallen,Keith Whitley,Morgan Wallen,3.1253166666666665,2023-03-03,2023-03-18,44,44,2,0,0,0,0,0,0,0,0,0,0,0,0,0,0,0,0,0,0,1,0,0,0,0,0,0,0,0,0,0,0,0,0,0,0,0,0,0,0,0,0,0,0,0,0,0,0,0,0,0,0,0,0,0
Neon Star (Country Boy Lullaby) — Morgan Wallen,Neon Star (Country Boy Lullaby),Morgan Wallen,2.85825,2023-03-03,2023-03-18,48,48,3,0,0,0,0,0,0,0,0,0,0,0,0,0,0,0,0,0,0,1,0,0,0,0,0,0,0,0,0,0,0,0,0,0,0,0,0,0,0,0,0,0,0,0,0,0,0,0,0,0,0,0,0,0
Me + All Your Reasons — Morgan Wallen,Me + All Your Reasons,Morgan Wallen,2.91235,2023-03-03,2023-03-18,51,51,3,0,0,0,0,0,0,0,0,0,0,0,0,0,0,0,0,0,0,1,0,0,0,0,0,0,0,0,0,0,0,0,0,0,0,0,0,0,0,0,0,0,0,0,0,0,0,0,0,0,0,0,0,0
I Deserve A Drink — Morgan Wallen,I Deserve A Drink,Morgan Wallen,3.4356333333333335,2023-03-03,2023-03-18,52,52,2,0,0,0,0,0,0,0,0,0,0,0,0,0,0,0,0,0,0,1,0,0,0,0,0,0,0,0,0,0,0,0,0,0,0,0,0,0,0,0,0,0,0,0,0,0,0,0,0,0,0,0,0,0
F150-50 — Morgan Wallen,F150-50,Morgan Wallen,3.1939166666666665,2023-03-03,2023-03-18,53,53,2,0,0,0,0,0,0,0,0,0,0,0,0,0,0,0,0,0,0,1,0,0,0,0,0,0,0,0,0,0,0,0,0,0,0,0,0,0,0,0,0,0,0,0,0,0,0,0,0,0,0,0,0,0
Single Than She Was — Morgan Wallen,Single Than She Was,Morgan Wallen,2.6724666666666668,2023-03-03,2023-03-18,56,56,2,0,0,0,0,0,0,0,0,0,0,0,0,0,0,0,0,0,0,1,0,0,0,0,0,0,0,0,0,0,0,0,0,0,0,0,0,0,0,0,0,0,0,0,0,0,0,0,0,0,0,0,0,0
Wine Into Water — Morgan Wallen,Wine Into Water,Morgan Wallen,3.7328,2023-03-03,2023-03-18,59,59,2,0,0,0,0,0,0,0,0,0,0,0,0,0,0,0,0,0,0,1,0,0,0,0,0,0,0,0,0,0,0,0,0,0,0,0,0,0,0,0,0,0,0,0,0,0,0,0,0,0,0,0,0,0
180 (Lifestyle) — Morgan Wallen,180 (Lifestyle),Morgan Wallen,3.152616666666667,2023-03-03,2023-03-18,63,63,2,0,0,0,0,0,0,0,0,0,0,0,0,0,0,0,0,0,0,1,0,0,0,0,0,0,0,0,0,0,0,0,0,0,0,0,0,0,0,0,0,0,0,0,0,0,0,0,0,0,0,0,0,0
Last Drive Down Main — Morgan Wallen,Last Drive Down Main,Morgan Wallen,3.2194,2023-03-03,2023-03-18,65,65,1,0,0,0,0,0,0,0,0,0,0,0,0,0,0,0,0,0,0,1,0,0,0,0,0,0,0,0,0,0,0,0,0,0,0,0,0,0,0,0,0,0,0,0,0,0,0,0,0,0,0,0,0,0
Good Girl Gone Missin' — Morgan Wallen,Good Girl Gone Missin',Morgan Wallen,2.9171833333333335,2023-03-03,2023-03-18,69,69,1,0,0,0,0,0,0,0,0,0,0,0,0,0,0,0,0,0,0,1,0,0,0,0,0,0,0,0,0,0,0,0,0,0,0,0,0,0,0,0,0,0,0,0,0,0,0,0,0,0,0,0,0,0
Me To Me — Morgan Wallen,Me To Me,Morgan Wallen,,,2023-03-18,71,71,1,0,0,0,0,0,0,0,0,0,0,0,0,0,0,0,0,0,0,0,0,0,0,0,0,0,0,0,0,0,0,0,0,0,0,0,0,0,0,0,0,0,0,0,0,0,0,0,0,0,0,0,0,0
Money On Me — Morgan Wallen,Money On Me,Morgan Wallen,2.9193166666666666,2023-03-03,2023-03-18,72,72,1,0,0,0,0,0,0,0,0,0,0,0,0,0,0,0,0,0,0,1,0,0,0,0,0,0,0,0,0,0,0,0,0,0,0,0,0,0,0,0,0,0,0,0,0,0,0,0,0,0,0,0,0,0
Had It — Morgan Wallen,Had It,Morgan Wallen,3.3184666666666667,2023-03-03,2023-03-18,75,75,1,0,0,0,0,0,0,0,0,0,0,0,0,0,0,0,0,0,0,1,0,0,0,0,0,0,0,0,0,0,0,0,0,0,0,0,0,0,0,0,0,0,0,0,0,0,0,0,0,0,0,0,0,0
Outlook — Morgan Wallen,Outlook,Morgan Wallen,3.22855,2023-03-03,2023-03-18,76,76,1,0,0,0,0,0,0,0,0,0,0,0,0,0,0,0,0,0,0,1,0,0,0,0,0,0,0,0,0,0,0,0,0,0,0,0,0,0,0,0,0,0,0,0,0,0,0,0,0,0,0,0,0,0
River — Miley Cyrus,River,Miley Cyrus,2.7162166666666665,2023-03-10,2023-03-25,32,32,4,0,0,0,0,0,0,0,0,0,0,0,0,0,0,0,0,0,0,0,0,0,0,0,0,0,0,0,0,0,0,0,0,0,0,0,0,0,0,0,0,0,0,1,0,0,0,0,0,0,0,0,0,0
Jaded — Miley Cyrus,Jaded,Miley Cyrus,3.098883333333333,2023-03-10,2023-03-25,56,56,15,0,0,0,0,0,0,0,0,0,0,0,0,0,0,0,0,0,0,0,0,0,0,0,0,0,0,0,0,0,0,0,0,0,0,0,0,0,0,0,0,0,0,1,0,0,0,0,0,0,0,0,0,0
Rose Colored Lenses — Miley Cyrus,Rose Colored Lenses,Miley Cyrus,3.7297833333333332,2023-03-10,2023-03-25,91,91,1,0,0,0,0,0,0,0,0,0,0,0,0,0,0,0,0,0,0,0,0,0,0,0,0,0,0,0,0,0,0,0,0,0,0,0,0,0,0,0,0,0,0,1,0,0,0,0,0,0,0,0,0,0
Por Las Noches — Peso Pluma,Por Las Noches,Peso Pluma,3.9814666666666665,2021-06-11,2023-03-25,92,28,20,0,0,0,0,0,0,0,0,0,0,0,0,0,0,0,0,0,0,0,0,0,0,0,0,0,0,0,0,0,0,0,0,0,0,0,1,0,0,1,0,0,0,0,0,0,0,0,0,0,0,0,0,0
All Of The Girls You Loved Before — Taylor Swift,All Of The Girls You Loved Before,Taylor Swift,3.6901166666666665,2023-03-17,2023-04-01,12,12,6,0,0,0,0,0,0,0,0,0,0,0,0,0,0,0,0,0,0,0,0,0,0,0,0,0,0,0,0,0,0,0,0,0,0,0,0,0,0,0,0,0,0,1,0,0,0,0,0,0,0,0,0,0
"Set Me Free, Pt. 2 — Jimin","Set Me Free, Pt. 2",Jimin,3.3488333333333333,2023-03-17,2023-04-01,30,30,1,0,0,0,0,0,0,0,0,0,0,0,0,0,0,0,0,0,0,0,0,0,0,0,0,0,0,0,0,0,0,0,0,0,0,1,0,0,0,0,0,0,0,1,0,0,0,0,0,0,0,0,0,0
5 Leaf Clover — Luke Combs,5 Leaf Clover,Luke Combs,3.5141666666666667,2023-03-17,2023-04-01,45,33,7,0,0,0,0,0,0,0,0,0,0,0,0,0,0,0,0,0,0,1,0,0,0,0,0,0,0,0,0,0,0,0,0,0,0,0,0,0,0,0,0,0,0,0,0,0,0,0,0,0,0,0,0,0
Eat Your Young — Hozier,Eat Your Young,Hozier,4.038216666666667,2023-03-17,2023-04-01,67,67,2,0,0,0,0,0,0,1,0,0,0,0,0,0,0,0,0,0,0,0,0,0,0,0,0,0,0,0,0,0,0,0,0,0,0,0,0,0,0,0,0,0,0,0,0,0,0,0,0,0,0,0,0,0
El Gordo Trae El Mando — Chino Pacas,El Gordo Trae El Mando,Chino Pacas,1.8681166666666666,2023-01-27,2023-04-01,84,58,13,0,0,0,0,0,0,0,0,0,0,0,0,0,0,0,0,0,0,0,0,0,0,0,0,0,0,0,0,0,0,0,0,0,0,0,1,0,0,1,0,0,0,0,0,0,0,0,0,0,0,0,0,0
ICU — Coco Jones,ICU,Coco Jones,4.027066666666666,2022-10-21,2023-04-01,88,62,20,0,0,0,0,0,0,0,0,0,0,0,0,0,0,0,0,0,0,0,0,0,0,0,0,0,0,0,0,0,0,0,0,0,0,0,0,0,0,0,0,0,0,0,0,1,0,0,0,0,0,0,0,0
Moonlight — Kali Uchis,Moonlight,Kali Uchis,3.1287166666666666,2023-03-03,2023-04-01,92,80,11,0,0,0,0,0,0,0,0,0,0,0,0,0,0,0,0,0,0,0,0,0,0,0,0,0,0,0,0,0,0,0,0,0,0,0,0,0,0,0,0,0,0,0,0,1,0,0,0,0,0,0,0,0
Death — Melanie Martinez,Death,Melanie Martinez,5.1109333333333336,2023-03-10,2023-04-01,95,95,2,0,0,0,0,0,0,1,0,0,0,0,0,0,0,0,0,0,0,0,0,0,0,0,0,0,0,0,0,0,0,0,0,0,0,0,0,0,0,0,0,0,0,0,0,0,0,0,0,0,0,0,0,0
Nasty — Russ,Nasty,Russ,1.9401166666666667,2023-03-17,2023-04-01,96,75,3,0,0,0,0,0,0,0,0,0,0,0,0,0,0,0,0,0,0,0,0,0,0,0,0,0,0,0,0,1,0,0,0,0,0,0,0,0,0,0,0,0,0,0,0,1,0,0,0,0,0,0,0,0
Cupid — Fifty Fifty,Cupid,Fifty Fifty,2.9042166666666667,2023-02-24,2023-04-01,100,17,25,0,0,0,0,0,0,0,0,0,0,0,0,0,0,0,0,0,0,0,0,0,0,0,0,0,0,0,0,0,0,0,0,0,0,1,0,0,0,0,0,0,0,1,0,0,0,0,0,0,0,0,0,0
Like Crazy — Jimin,Like Crazy,Jimin,3.53735,2023-03-24,2023-04-08,1,1,5,0,0,0,0,0,0,0,0,0,0,0,0,0,0,0,0,0,0,0,0,0,0,0,0,0,0,0,0,0,0,0,0,0,0,1,0,0,0,0,0,0,0,1,0,0,0,0,0,0,0,0,0,0
Eyes Closed — Ed Sheeran,Eyes Closed,Ed Sheeran,3.2474833333333333,2023-03-24,2023-04-08,26,19,20,0,0,0,0,0,0,0,0,0,0,0,0,0,0,0,0,0,0,0,0,0,0,0,0,0,0,0,0,0,0,0,0,0,0,0,0,0,0,0,0,0,0,1,0,0,0,0,0,0,0,0,0,0
Fast Car — Luke Combs,Fast Car,Luke Combs,4.4214166666666666,2023-03-24,2023-04-08,44,2,56,0,0,0,0,0,0,0,0,0,0,0,0,0,0,0,0,0,0,1,0,0,0,0,0,0,0,0,0,0,0,0,0,0,0,0,0,0,0,0,0,0,0,0,0,0,0,0,0,0,0,0,0,0
"Dogtooth — Tyler, The Creator",Dogtooth,"Tyler, The Creator",2.6840166666666665,2023-03-27,2023-04-08,81,33,4,0,0,0,0,0,0,0,0,0,0,0,0,0,0,0,0,0,0,0,0,0,0,0,0,0,0,0,0,1,0,0,0,0,0,0,0,0,0,0,0,0,0,0,0,0,1,0,0,0,0,0,0,0
The Light — Juice WRLD,The Light,Juice WRLD,2.8703,2023-03-23,2023-04-08,86,86,1,0,0,0,0,0,0,0,0,0,0,0,0,0,0,0,0,0,0,0,0,0,0,0,0,0,0,0,0,1,0,0,0,0,0,0,0,0,0,0,0,0,0,0,0,0,0,0,0,0,0,0,0,0
Memory Lane — Old Dominion,Memory Lane,Old Dominion,2.8746666666666667,2023-01-05,2023-04-08,100,27,20,0,0,0,0,0,0,0,0,0,0,0,0,0,0,0,0,0,0,1,0,0,0,0,0,0,0,0,0,0,0,0,0,0,0,0,0,0,0,0,0,0,0,0,0,0,0,0,0,0,0,0,0,0
Fight The Feeling — Rod Wave,Fight The Feeling,Rod Wave,2.6785666666666668,2023-03-31,2023-04-15,16,16,20,0,0,0,0,0,0,0,0,0,0,0,0,0,0,0,0,0,0,0,0,0,0,0,0,0,0,0,0,1,0,0,0,0,0,0,0,0,0,0,0,0,0,0,0,0,1,0,0,0,0,0,0,0
"Sorry Not Sorry — Tyler, The Creator",Sorry Not Sorry,"Tyler, The Creator",3.4341666666666666,2023-03-31,2023-04-15,48,48,2,0,0,0,0,0,0,0,0,0,0,0,0,0,0,0,0,0,0,0,0,0,0,0,0,0,0,0,0,1,0,0,0,0,0,0,0,0,0,0,0,0,0,0,0,0,1,0,0,0,0,0,0,0
Void — Melanie Martinez,Void,Melanie Martinez,4.131233333333333,2023-03-10,2023-04-15,61,61,1,0,0,0,0,0,0,1,0,0,0,0,0,0,0,0,0,0,0,0,0,0,0,0,0,0,0,0,0,0,0,0,0,0,0,0,0,0,0,0,0,0,0,0,0,0,0,0,0,0,0,0,0,0
Need A Favor — Jelly Roll,Need A Favor,Jelly Roll,3.29,2023-03-10,2023-04-15,82,13,47,0,0,0,0,0,0,0,0,0,0,0,0,0,0,0,0,0,0,1,0,0,0,0,0,0,0,0,0,0,0,0,0,0,0,0,0,0,0,0,0,0,0,0,0,0,0,0,0,0,0,0,0,0
I Know — Kanii,I Know,Kanii,2.2304833333333334,2022-02-23,2023-04-15,95,90,2,0,0,0,0,0,0,0,0,0,0,0,0,0,0,0,0,0,0,0,1,0,0,0,0,0,0,0,0,0,0,0,0,0,0,0,0,0,0,0,0,0,0,0,0,0,0,0,0,0,0,0,0,0
Search & Rescue — Drake,Search & Rescue,Drake,4.535216666666667,2023-04-07,2023-04-22,2,2,20,0,0,0,0,0,0,0,0,0,0,0,0,0,0,0,0,0,0,0,0,0,0,0,0,0,0,0,0,1,0,0,0,0,0,0,0,0,0,0,0,0,0,0,0,0,0,0,0,0,0,0,0,0
Happy — NF,Happy,NF,4.04485,2023-03-25,2023-04-22,54,54,6,0,0,0,0,0,0,0,0,0,0,0,0,0,0,0,0,0,0,0,0,0,0,0,0,0,0,0,0,1,0,0,0,0,0,0,0,0,0,0,0,0,0,1,0,0,0,0,0,0,0,0,0,0
Strike (Holster) — Lil Yachty,Strike (Holster),Lil Yachty,2.468583333333333,2023-04-07,2023-04-22,71,71,4,0,0,0,0,0,0,0,0,0,0,0,0,0,0,0,0,0,0,0,0,0,0,0,0,0,0,0,0,1,0,0,0,0,0,0,0,0,0,0,0,0,0,0,0,0,0,0,0,0,0,0,0,0
Peaches — Jack Black,Peaches,Jack Black,1.5906666666666667,2023-04-07,2023-04-22,83,56,5,0,0,0,0,0,0,0,0,0,0,0,0,0,0,0,0,0,0,0,0,0,0,0,0,0,0,0,0,0,0,0,0,0,0,0,0,0,0,0,0,0,1,0,0,0,0,0,0,0,1,0,0,0
Never Felt So Alone — Labrinth,Never Felt So Alone,Labrinth,2.6694333333333335,2023-04-07,2023-04-22,94,62,5,0,0,0,0,0,0,1,0,0,0,0,0,0,0,0,0,0,0,0,0,0,0,0,0,0,0,0,0,0,0,0,0,1,0,0,0,0,0,0,0,0,0,1,0,0,0,0,0,0,0,0,0,0
Chemical — Post Malone,Chemical,Post Malone,3.066883333333333,2023-04-14,2023-04-29,13,13,20,0,0,0,0,0,0,0,0,0,0,0,0,0,0,0,0,0,0,0,0,0,0,0,0,0,0,0,0,0,0,0,0,0,0,0,0,0,0,0,0,0,0,1,0,0,0,0,0,0,0,0,0,0
Daylight — David Kushner,Daylight,David Kushner,3.5492333333333335,2023-04-14,2023-04-29,48,33,31,0,0,0,0,0,0,0,0,0,0,0,0,0,0,0,0,0,0,0,0,0,0,0,0,0,0,0,0,0,0,0,0,0,0,0,0,0,0,0,0,0,0,1,0,0,0,0,0,0,0,0,0,0
It Matters To Her — Scotty McCreery,It Matters To Her,Scotty McCreery,2.8646666666666665,2021-09-17,2023-04-29,100,49,10,0,0,0,0,0,0,0,0,0,0,0,0,0,0,0,0,0,0,1,0,0,0,0,0,0,0,0,0,0,0,0,0,0,0,0,0,0,0,0,0,0,0,0,0,0,0,0,0,0,0,0,0,0
Haegeum — Agust D,Haegeum,Agust D,2.81545,2023-04-21,2023-05-06,58,58,1,0,0,0,0,0,0,0,0,0,0,0,0,0,0,0,0,0,0,0,0,0,0,0,0,0,0,0,0,0,0,0,0,0,0,1,0,0,0,0,0,0,0,1,0,0,0,0,0,0,0,0,0,0
Big Truck — YoungBoy Never Broke Again,Big Truck,YoungBoy Never Broke Again,2.7724,2018-12-20,2023-05-06,100,100,1,0,0,0,0,0,0,0,0,0,0,0,0,0,0,0,0,0,0,0,0,0,0,0,0,0,0,0,0,1,0,0,0,0,0,0,0,0,0,0,0,0,0,0,0,0,0,0,0,0,0,0,0,0
They Don't Love It — Jack Harlow,They Don't Love It,Jack Harlow,1.8882,2023-04-27,2023-05-13,54,54,1,0,0,0,0,0,0,0,0,0,0,0,0,0,0,0,0,0,0,0,0,0,0,0,0,0,0,0,0,1,0,0,0,0,0,0,0,0,0,0,0,0,0,0,0,0,0,0,0,0,0,0,0,0
Wreckage — Nate Smith,Wreckage,Nate Smith,3.54575,2023-04-17,2023-05-13,69,69,3,0,0,0,0,0,0,0,0,0,0,0,0,0,0,0,0,0,0,1,0,0,0,0,0,0,0,0,0,0,0,0,0,0,0,0,0,0,0,0,0,0,0,0,0,0,0,0,0,0,0,0,0,0
Waffle House — Jonas Brothers,Waffle House,Jonas Brothers,2.4240166666666667,2023-04-28,2023-05-13,88,57,11,0,0,0,0,0,0,0,0,0,0,0,0,0,0,0,0,0,0,0,0,0,0,0,0,0,0,0,0,0,0,0,0,0,0,0,0,0,0,0,0,0,0,1,0,0,0,0,0,0,0,0,0,0
People — Libianca,People,Libianca,1.0545666666666667,2023-03-24,2023-05-13,91,80,8,0,1,0,0,1,0,0,0,0,0,0,0,0,0,0,0,0,0,0,1,0,0,0,0,0,0,0,0,0,0,0,0,0,0,0,0,0,0,0,0,0,0,0,0,0,0,0,0,0,0,0,0,0
Common Ground — Jack Harlow,Common Ground,Jack Harlow,1.6737333333333333,2023-04-27,2023-05-13,96,96,1,0,0,0,0,0,0,0,0,0,0,0,0,0,0,0,0,0,0,0,0,0,0,0,0,0,0,0,0,1,0,0,0,0,0,0,0,0,0,0,0,0,0,0,0,0,0,0,0,0,0,0,0,0
Area Codes — Kali,Area Codes,Kali,2.3221,2022-04-01,2023-05-20,54,33,8,0,0,0,0,0,0,0,0,0,0,0,0,0,0,0,0,0,0,0,0,0,0,0,0,0,0,0,0,1,0,0,0,0,0,0,0,0,0,0,0,0,0,0,0,0,0,0,0,0,0,0,0,0
Go Hard — Lil Baby,Go Hard,Lil Baby,3.5022166666666665,2002-07-23,2023-05-20,59,59,3,0,0,0,0,0,0,0,0,0,0,0,0,0,0,0,0,0,0,0,0,1,0,0,0,0,0,0,0,1,0,0,0,0,0,0,0,0,0,0,0,0,0,0,0,0,0,0,1,0,0,0,0,0
Religiously — Bailey Zimmerman,Religiously,Bailey Zimmerman,2.9787166666666667,2023-03-17,2023-05-20,66,13,25,0,0,0,0,0,0,0,0,0,0,0,0,0,0,0,0,0,0,1,0,0,0,0,0,0,0,0,0,0,0,0,0,0,0,0,0,0,0,0,0,0,0,0,0,0,0,0,0,0,0,0,0,0
Mathematical Disrespect — Lil Mabu,Mathematical Disrespect,Lil Mabu,1.4717333333333333,2023-05-05,2023-05-20,90,47,4,0,0,0,0,0,0,0,0,0,0,0,0,0,0,0,0,0,0,0,0,0,0,0,0,0,0,0,0,1,0,0,0,0,0,0,0,0,0,0,0,0,0,0,0,0,0,0,0,0,0,0,0,0
Shake Sumn — DaBaby,Shake Sumn,DaBaby,2.0801,2023-05-05,2023-05-20,92,65,16,0,0,0,0,0,0,0,0,0,0,0,0,0,0,0,0,0,0,0,0,0,0,0,0,0,0,0,0,1,0,0,0,0,0,0,0,0,0,0,0,0,0,0,0,0,0,0,0,0,0,0,0,0
Curtains — Ed Sheeran,Curtains,Ed Sheeran,3.7467333333333332,2023-05-05,2023-05-20,97,97,1,0,0,0,0,0,0,0,0,0,0,0,0,0,0,0,0,0,0,0,0,0,0,0,0,0,0,0,0,0,0,0,0,0,0,0,0,0,0,0,0,0,0,1,0,0,0,0,0,0,0,0,0,0
Bitch Let's Do It — YoungBoy Never Broke Again,Bitch Let's Do It,YoungBoy Never Broke Again,3.0852833333333334,2023-05-12,2023-05-27,62,62,1,0,0,0,0,0,0,0,0,0,0,0,0,0,0,0,0,0,0,0,0,0,0,0,0,0,0,0,0,1,0,0,0,0,0,0,0,0,0,0,0,0,0,0,0,0,0,0,0,0,0,0,0,0
Acrostico — Shakira,Acrostico,Shakira,2.846433333333333,2023-05-12,2023-05-27,84,84,1,0,0,0,0,0,0,0,0,0,0,0,0,0,0,0,0,0,0,0,0,0,0,0,0,0,0,0,0,0,0,0,0,0,0,0,1,0,0,0,0,0,0,0,1,0,0,0,0,0,0,0,0,0
Bury Me In Georgia — Kane Brown,Bury Me In Georgia,Kane Brown,4.024666666666667,2022-09-09,2023-05-27,85,34,19,0,0,0,0,0,0,0,0,0,0,0,0,0,0,0,0,0,0,1,0,0,0,0,0,0,0,0,0,0,0,0,0,0,0,0,0,0,0,0,0,0,0,0,0,0,0,0,0,0,0,0,0,0
F**k The Industry Pt. 2 — YoungBoy Never Broke Again,F**k The Industry Pt. 2,YoungBoy Never Broke Again,,,2023-05-27,87,87,1,0,0,0,0,0,0,0,0,0,0,0,0,0,0,0,0,0,0,0,0,0,0,0,0,0,0,0,0,0,0,0,0,0,0,0,0,0,0,0,0,0,0,0,0,0,0,0,0,0,0,0,0,0
Everything She Ain't — Hailey Whitters,Everything She Ain't,Hailey Whitters,2.5328833333333334,2022-03-18,2023-05-27,94,94,1,0,0,0,0,0,0,0,0,0,0,0,0,0,0,0,0,0,0,1,0,0,0,0,0,0,0,0,0,0,0,0,0,0,0,0,0,0,0,0,0,0,0,0,0,0,0,0,0,0,0,0,0,0
Your Heart Or Mine — Jon Pardi,Your Heart Or Mine,Jon Pardi,2.6866666666666665,2022-09-02,2023-05-27,95,47,17,0,0,0,0,0,0,0,0,0,0,0,0,0,0,0,0,0,0,1,0,0,0,0,0,0,0,0,0,0,0,0,0,0,0,0,0,0,0,0,0,0,0,0,0,0,0,0,0,0,0,0,0,0
I Heard — YoungBoy Never Broke Again,I Heard,YoungBoy Never Broke Again,3.0580666666666665,2023-05-12,2023-05-27,98,98,1,0,0,0,0,0,0,0,0,0,0,0,0,0,0,0,0,0,0,0,0,0,0,0,0,0,0,0,0,1,0,0,0,0,0,0,0,0,0,0,0,0,0,0,0,0,0,0,0,0,0,0,0,0
Where She Goes — Bad Bunny,Where She Goes,Bad Bunny,3.8617333333333335,2023-05-18,2023-06-03,8,8,20,0,0,0,0,0,0,0,0,0,0,0,0,0,0,0,0,0,0,0,0,0,0,0,0,0,0,0,0,0,0,0,0,0,0,0,1,0,0,0,0,0,0,0,0,0,0,0,0,0,0,0,0,0
TQM — Fuerza Regida,TQM,Fuerza Regida,2.6494166666666668,2023-05-19,2023-06-03,35,34,17,0,0,0,0,0,0,0,0,0,0,0,0,0,0,0,0,0,0,0,0,0,0,0,0,0,0,0,0,0,0,0,0,0,0,0,1,0,0,1,0,0,0,0,0,0,0,0,0,0,0,0,0,0
Mourning — Post Malone,Mourning,Post Malone,2.46365,2023-05-19,2023-06-03,36,36,13,0,0,0,0,0,0,0,0,0,0,0,0,0,0,0,0,0,0,0,0,0,0,0,0,0,0,0,0,0,0,0,0,0,0,0,0,0,0,0,0,0,0,1,0,0,0,0,0,0,0,0,0,0
Say Yes To Heaven — Lana Del Rey,Say Yes To Heaven,Lana Del Rey,2.601933333333333,2023-05-19,2023-06-03,54,54,3,0,0,0,0,0,0,1,0,0,0,0,0,0,0,0,0,0,0,0,0,0,0,0,0,0,0,0,0,0,0,0,0,0,0,0,0,0,0,0,0,0,0,0,0,0,0,0,0,0,0,0,0,0
You — Dan + Shay,You,Dan + Shay,3.2708833333333334,2021-08-13,2023-06-03,87,87,1,0,0,0,0,0,0,0,0,0,0,0,0,0,0,0,0,0,0,1,0,0,0,0,0,0,0,0,0,0,0,0,0,0,0,0,0,0,0,0,0,0,0,0,0,0,0,0,0,0,0,0,0,0
Hits Different — Taylor Swift,Hits Different,Taylor Swift,3.907783333333333,2022-10-21,2023-06-10,27,27,3,0,0,0,0,0,0,0,0,0,0,0,0,0,0,0,0,0,0,0,0,0,0,0,0,0,0,0,0,0,0,0,0,0,0,0,0,0,0,0,0,0,0,1,0,0,0,0,0,0,0,0,0,0
Pelle Coat — Lil Durk,Pelle Coat,Lil Durk,4.228983333333334,2023-05-24,2023-06-10,35,35,2,0,0,0,0,0,0,0,0,0,0,0,0,0,0,0,0,0,0,0,0,0,0,0,0,0,0,0,0,1,0,0,0,0,0,0,0,0,0,0,0,0,0,0,0,0,1,0,0,0,0,0,0,0
Dance The Night — Dua Lipa,Dance The Night,Dua Lipa,2.9429833333333333,2023-05-27,2023-06-10,43,6,35,0,0,0,0,0,0,0,0,0,0,0,0,0,0,0,0,0,0,0,0,0,0,0,0,0,0,0,0,0,0,0,0,0,0,0,0,0,0,0,0,0,0,1,0,0,0,0,0,0,0,0,0,0
Bye — Peso Pluma,Bye,Peso Pluma,3.5496,2023-06-23,2023-06-10,53,48,9,0,0,0,0,0,0,0,0,0,0,0,0,0,0,0,0,0,0,0,0,0,0,0,0,0,0,0,0,0,0,0,0,0,0,0,1,0,0,1,0,0,0,0,0,0,0,0,0,0,0,0,0,0
Never Again — Lil Durk,Never Again,Lil Durk,2.3306666666666667,2023-05-26,2023-06-10,62,62,1,0,0,0,0,0,0,0,0,0,0,0,0,0,0,0,0,0,0,0,0,0,0,0,0,0,0,0,0,1,0,0,0,0,0,0,0,0,0,0,0,0,0,0,0,0,1,0,0,0,0,0,0,0
Put Em On Ice — Lil Durk,Put Em On Ice,Lil Durk,,,2023-06-10,72,72,1,0,0,0,0,0,0,0,0,0,0,0,0,0,0,0,0,0,0,0,0,0,0,0,0,0,0,0,0,0,0,0,0,0,0,0,0,0,0,0,0,0,0,0,0,0,0,0,0,0,0,0,0,0
300 Urus — Lil Durk,300 Urus,Lil Durk,3.4107,2023-05-26,2023-06-10,73,73,1,0,0,0,0,0,0,0,0,0,0,0,0,0,0,0,0,0,0,0,0,0,0,0,0,0,0,0,0,1,0,0,0,0,0,0,0,0,0,0,0,0,0,0,0,0,1,0,0,0,0,0,0,0
Sad Songs — Lil Durk,Sad Songs,Lil Durk,2.6043666666666665,2023-05-26,2023-06-10,74,74,1,0,0,0,0,0,0,0,0,0,0,0,0,0,0,0,0,0,0,0,0,0,0,0,0,0,0,0,0,1,0,0,0,0,0,0,0,0,0,0,0,0,0,0,0,0,1,0,0,0,0,0,0,0
Before Fajr — Lil Durk,Before Fajr,Lil Durk,2.0021333333333335,2023-05-26,2023-06-10,82,82,1,0,0,0,0,0,0,0,0,0,0,0,0,0,0,0,0,0,0,0,0,0,0,0,0,0,0,0,0,1,0,0,0,0,0,0,0,0,0,0,0,0,0,0,0,0,1,0,0,0,0,0,0,0
B12 — Lil Durk,B12,Lil Durk,2.7180833333333334,2023-05-26,2023-06-10,83,83,1,0,0,0,0,0,0,0,0,0,0,0,0,0,0,0,0,0,0,0,0,0,0,0,0,0,0,0,0,1,0,0,0,0,0,0,0,0,0,0,0,0,0,0,0,0,1,0,0,0,0,0,0,0
You Got Em — Lil Durk,You Got Em,Lil Durk,,,2023-06-10,86,86,1,0,0,0,0,0,0,0,0,0,0,0,0,0,0,0,0,0,0,0,0,0,0,0,0,0,0,0,0,0,0,0,0,0,0,0,0,0,0,0,0,0,0,0,0,0,0,0,0,0,0,0,0,0
Bread & Butter — Gunna,Bread & Butter,Gunna,3.7666666666666666,2023-06-02,2023-06-17,48,48,4,0,0,0,0,0,0,0,0,0,0,0,0,0,0,0,0,0,0,0,0,0,0,0,0,0,0,0,0,1,0,0,0,0,0,0,0,0,0,0,0,0,0,0,0,0,0,0,0,0,0,0,0,0
Ocean Spray — Moneybagg Yo,Ocean Spray,Moneybagg Yo,2.7462666666666666,2023-05-24,2023-06-17,69,69,2,0,0,0,0,0,0,0,0,0,0,0,0,0,0,0,0,0,0,0,0,0,0,0,0,0,0,0,0,1,0,0,0,0,0,0,0,0,0,0,0,0,0,0,0,0,0,0,0,0,0,0,0,0
Dial Drunk — Noah Kahan,Dial Drunk,Noah Kahan,3.563616666666667,2023-06-09,2023-06-24,43,39,5,0,0,0,0,0,0,1,0,0,0,0,0,0,0,0,0,0,0,0,0,0,0,0,0,0,0,0,0,0,0,0,0,0,0,0,0,0,0,0,0,0,0,0,0,0,0,0,0,0,0,0,0,0
Take Two — BTS,Take Two,BTS,3.83255,2023-06-09,2023-06-24,48,48,1,0,0,0,0,0,0,0,0,0,0,0,0,0,0,0,0,0,0,0,0,0,0,0,0,0,0,0,0,0,0,0,0,0,0,1,0,0,0,0,0,0,0,1,0,0,0,0,0,0,0,0,0,0
Truck Bed — HARDY,Truck Bed,HARDY,2.79225,2022-10-10,2023-06-24,89,27,41,0,0,0,0,0,0,0,0,0,0,0,0,0,0,0,0,0,0,0,0,0,0,0,0,0,0,0,0,0,0,0,0,0,0,0,0,0,0,0,0,0,0,0,0,0,0,0,1,0,0,0,0,0
Fukumean — Gunna,Fukumean,Gunna,2.084,2023-05-15,2023-07-01,16,4,32,0,0,0,0,0,0,0,0,0,0,0,0,0,0,0,0,0,0,0,0,0,0,0,0,0,0,0,0,1,0,0,0,0,0,0,0,0,0,0,0,0,0,0,0,0,0,0,0,0,0,0,0,0
Back To The Moon — Gunna,Back To The Moon,Gunna,3.2222166666666667,2023-06-16,2023-07-01,29,29,2,0,0,0,0,0,0,0,0,0,0,0,0,0,0,0,0,0,0,0,0,0,0,0,0,0,0,0,0,1,0,0,0,0,0,0,0,0,0,0,0,0,0,0,0,0,0,0,0,0,0,0,0,0
Attention — Doja Cat,Attention,Doja Cat,4.6174,2023-06-16,2023-07-01,31,31,3,0,0,0,0,0,0,0,0,0,0,0,0,0,0,0,0,0,0,0,0,0,0,0,0,0,0,0,0,1,0,0,0,0,0,0,0,0,0,0,0,0,0,1,0,0,0,0,0,0,0,0,0,0
Rodeo Dr — Gunna,Rodeo Dr,Gunna,2.949116666666667,2023-06-16,2023-07-01,42,42,2,0,0,0,0,0,0,0,0,0,0,0,0,0,0,0,0,0,0,0,0,0,0,0,0,0,0,0,0,1,0,0,0,0,0,0,0,0,0,0,0,0,0,0,0,0,0,0,0,0,0,0,0,0
Back At It — Gunna,Back At It,Gunna,3.102883333333333,2023-06-16,2023-07-01,51,51,1,0,0,0,0,0,0,0,0,0,0,0,0,0,0,0,0,0,0,0,0,0,0,0,0,0,0,0,0,1,0,0,0,0,0,0,0,0,0,0,0,0,0,0,0,0,0,0,0,0,0,0,0,0
Ca$h $hit — Gunna,Ca$h $hit,Gunna,,,2023-07-01,60,60,1,0,0,0,0,0,0,0,0,0,0,0,0,0,0,0,0,0,0,0,0,0,0,0,0,0,0,0,0,0,0,0,0,0,0,0,0,0,0,0,0,0,0,0,0,0,0,0,0,0,0,0,0,0
Bottom — Gunna,Bottom,Gunna,2.955783333333333,2023-06-16,2023-07-01,62,62,1,0,0,0,0,0,0,0,0,0,0,0,0,0,0,0,0,0,0,0,0,0,0,0,0,0,0,0,0,1,0,0,0,0,0,0,0,0,0,0,0,0,0,0,0,0,0,0,0,0,0,0,0,0
IDK NoMore — Gunna,IDK NoMore,Gunna,2.9913333333333334,2023-06-16,2023-07-01,76,76,1,0,0,0,0,0,0,0,0,0,0,0,0,0,0,0,0,0,0,0,0,0,0,0,0,0,0,0,0,1,0,0,0,0,0,0,0,0,0,0,0,0,0,0,0,0,0,0,0,0,0,0,0,0
P Angels — Gunna,P Angels,Gunna,2.936,2023-06-15,2023-07-01,77,77,1,0,0,0,0,0,0,0,0,0,0,0,0,0,0,0,0,0,0,0,0,0,0,0,0,0,0,0,0,1,0,0,0,0,0,0,0,0,0,0,0,0,0,0,0,0,0,0,0,0,0,0,0,0
Paybach — Gunna,Paybach,Gunna,2.8922166666666667,2023-06-16,2023-07-01,83,83,1,0,0,0,0,0,0,0,0,0,0,0,0,0,0,0,0,0,0,0,0,0,0,0,0,0,0,0,0,1,0,0,0,0,0,0,0,0,0,0,0,0,0,0,0,0,0,0,0,0,0,0,0,0
Go Crazy — Gunna,Go Crazy,Gunna,2.8893333333333335,2023-06-15,2023-07-01,94,94,1,0,0,0,0,0,0,0,0,0,0,0,0,0,0,0,0,0,0,0,0,0,0,0,0,0,0,0,0,1,0,0,0,0,0,0,0,0,0,0,0,0,0,0,0,0,0,0,0,0,0,0,0,0
Girl In Mine — Parmalee,Girl In Mine,Parmalee,2.5853333333333333,2021-07-30,2023-07-01,97,81,9,0,0,0,0,0,0,0,0,0,0,0,0,0,0,0,0,0,0,1,0,0,0,0,0,0,0,0,0,0,0,0,0,0,0,0,0,0,0,0,0,0,0,0,0,0,0,0,0,0,0,0,0,0
Sabor Fresa — Fuerza Regida,Sabor Fresa,Fuerza Regida,2.60835,2023-06-22,2023-07-08,26,26,16,0,0,0,0,0,0,0,0,0,0,0,0,0,0,0,0,0,0,0,0,0,0,0,0,0,0,0,0,0,0,0,0,0,0,0,1,0,0,1,0,0,0,0,0,0,0,0,0,0,0,0,0,0
Rubicon — Peso Pluma,Rubicon,Peso Pluma,3.9741166666666667,2023-06-23,2023-07-08,63,63,12,0,0,0,0,0,0,0,0,0,0,0,0,0,0,0,0,0,0,0,0,0,0,0,0,0,0,0,0,0,0,0,0,0,0,0,1,0,0,1,0,0,0,0,0,0,0,0,0,0,0,0,0,0
Money On The Dresser — Young Thug,Money On The Dresser,Young Thug,2.216666666666667,2023-06-22,2023-07-08,78,78,1,0,0,0,0,0,0,0,0,0,0,0,0,0,0,0,0,0,0,0,0,0,0,0,0,0,0,0,0,1,0,0,0,0,0,0,0,0,0,0,0,0,0,0,0,0,0,0,0,0,0,0,0,0
Uncle M — Young Thug,Uncle M,Young Thug,2.3333333333333335,2023-06-22,2023-07-08,81,81,1,0,0,0,0,0,0,0,0,0,0,0,0,0,0,0,0,0,0,0,0,0,0,0,0,0,0,0,0,1,0,0,0,0,0,0,0,0,0,0,0,0,0,0,0,0,0,0,0,0,0,0,0,0
Nueva Vida — Peso Pluma,Nueva Vida,Peso Pluma,3.178,2023-06-23,2023-07-08,86,86,1,0,0,0,0,0,0,0,0,0,0,0,0,0,0,0,0,0,0,0,0,0,0,0,0,0,0,0,0,0,0,0,0,0,0,0,1,0,0,1,0,0,0,0,0,0,0,0,0,0,0,0,0,0
Watermelon Moonshine — Lainey Wilson,Watermelon Moonshine,Lainey Wilson,3.4808833333333333,2022-08-12,2023-07-08,89,21,20,0,0,0,0,0,0,0,0,0,0,0,0,0,0,0,0,0,0,1,0,0,0,0,0,0,0,0,0,0,0,0,0,0,0,0,0,0,0,0,0,0,0,0,0,0,0,0,0,0,0,0,0,0
Gucci Grocery Bag — Young Thug,Gucci Grocery Bag,Young Thug,2.9188833333333335,2023-06-22,2023-07-08,100,100,1,0,0,0,0,0,0,0,0,0,0,0,0,0,0,0,0,0,0,0,0,0,0,0,0,0,0,0,0,1,0,0,0,0,0,0,0,0,0,0,0,0,0,0,0,0,0,0,0,0,0,0,0,0
Vampire — Olivia Rodrigo,Vampire,Olivia Rodrigo,3.6620666666666666,2023-06-30,2023-07-15,1,1,35,0,0,0,0,0,0,0,0,0,0,0,0,0,0,0,0,0,0,0,0,0,0,0,0,0,0,0,0,0,0,0,0,0,0,0,0,0,0,0,0,0,0,1,0,0,0,0,0,0,0,0,0,0
Flooded The Face — Lil Uzi Vert,Flooded The Face,Lil Uzi Vert,3.2121166666666667,2023-06-30,2023-07-15,11,11,4,0,0,0,0,0,0,0,0,0,0,0,0,0,0,0,0,0,0,0,0,0,0,0,0,0,0,0,0,1,0,0,0,0,0,0,0,0,0,0,0,0,0,0,0,0,0,0,0,0,0,0,0,0
Suicide Doors — Lil Uzi Vert,Suicide Doors,Lil Uzi Vert,4.318,2023-06-30,2023-07-15,25,25,1,0,0,0,0,0,0,0,0,0,0,0,0,0,0,0,0,0,0,0,0,0,0,0,0,0,0,0,0,1,0,0,0,0,0,0,0,0,0,0,0,0,0,0,0,0,0,0,0,0,0,0,0,0
I Gotta — Lil Uzi Vert,I Gotta,Lil Uzi Vert,2.88375,2023-06-30,2023-07-15,49,49,1,0,0,0,0,0,0,0,0,0,0,0,0,0,0,0,0,0,0,0,0,0,0,0,0,0,0,0,0,1,0,0,0,0,0,0,0,0,0,0,0,0,0,0,0,0,0,0,0,0,0,0,0,0
Spin Again — Lil Uzi Vert,Spin Again,Lil Uzi Vert,1.6295,2023-06-30,2023-07-15,51,51,1,0,0,0,0,0,0,0,0,0,0,0,0,0,0,0,0,0,0,0,0,0,0,0,0,0,0,0,0,1,0,0,0,0,0,0,0,0,0,0,0,0,0,0,0,0,0,0,0,0,0,0,0,0
Crush Em — Lil Uzi Vert,Crush Em,Lil Uzi Vert,2.7598166666666666,2023-06-30,2023-07-15,52,52,1,0,0,0,0,0,0,0,0,0,0,0,0,0,0,0,0,0,0,0,0,0,0,0,0,0,0,0,0,1,0,0,0,0,0,0,0,0,0,0,0,0,0,0,0,0,0,0,0,0,0,0,0,0
X2 — Lil Uzi Vert,X2,Lil Uzi Vert,3.9054,2023-06-30,2023-07-15,53,53,1,0,0,0,0,0,0,0,0,0,0,0,0,0,0,0,0,0,0,0,0,0,0,0,0,0,0,0,0,1,0,0,0,0,0,0,0,0,0,0,0,0,0,0,0,0,0,0,0,0,0,0,0,0
Pluto To Mars — Lil Uzi Vert,Pluto To Mars,Lil Uzi Vert,4.1082833333333335,2023-06-30,2023-07-15,60,60,1,0,0,0,0,0,0,0,0,0,0,0,0,0,0,0,0,0,0,0,0,0,0,0,0,0,0,0,0,1,0,0,0,0,0,0,0,0,0,0,0,0,0,0,0,0,0,0,0,0,0,0,0,0
"Mama, I'm Sorry — Lil Uzi Vert","Mama, I'm Sorry",Lil Uzi Vert,3.516016666666667,2023-06-29,2023-07-15,65,65,1,0,0,0,0,0,0,0,0,0,0,0,0,0,0,0,0,0,0,0,0,0,0,0,0,0,0,0,0,1,0,0,0,0,0,0,0,0,0,0,0,0,0,0,0,0,0,0,0,0,0,0,0,0
Amped — Lil Uzi Vert,Amped,Lil Uzi Vert,2.88435,2023-06-30,2023-07-15,67,67,1,0,0,0,0,0,0,0,0,0,0,0,0,0,0,0,0,0,0,0,0,0,0,0,0,0,0,0,0,1,0,0,0,0,0,0,0,0,0,0,0,0,0,0,0,0,0,0,0,0,0,0,0,0
Nakamura — Lil Uzi Vert,Nakamura,Lil Uzi Vert,3.29835,2023-06-30,2023-07-15,71,71,1,0,0,0,0,0,0,0,0,0,0,0,0,0,0,0,0,0,0,0,0,0,0,0,0,0,0,0,0,1,0,0,0,0,0,0,0,0,0,0,0,0,0,0,0,0,0,0,0,0,0,0,0,0
All Alone — Lil Uzi Vert,All Alone,Lil Uzi Vert,,,2023-07-15,76,76,1,0,0,0,0,0,0,0,0,0,0,0,0,0,0,0,0,0,0,0,0,0,0,0,0,0,0,0,0,0,0,0,0,0,0,0,0,0,0,0,0,0,0,0,0,0,0,0,0,0,0,0,0,0
Died And Came Back — Lil Uzi Vert,Died And Came Back,Lil Uzi Vert,3.0106,2023-06-29,2023-07-15,78,78,1,0,0,0,0,0,0,0,0,0,0,0,0,0,0,0,0,0,0,0,0,0,0,0,0,0,0,0,0,1,0,0,0,0,0,0,0,0,0,0,0,0,0,0,0,0,0,0,0,0,0,0,0,0
Zoom — Lil Uzi Vert,Zoom,Lil Uzi Vert,2.7668833333333334,2023-06-30,2023-07-15,92,92,1,0,0,0,0,0,0,0,0,0,0,0,0,0,0,0,0,0,0,0,0,0,0,0,0,0,0,0,0,1,0,0,0,0,0,0,0,0,0,0,0,0,0,0,0,0,0,0,0,0,0,0,0,0
That Fiya — Lil Uzi Vert,That Fiya,Lil Uzi Vert,2.5805333333333333,2023-06-30,2023-07-15,93,93,1,0,0,0,0,0,0,0,0,0,0,0,0,0,0,0,0,0,0,0,0,0,0,0,0,0,0,0,0,1,0,0,0,0,0,0,0,0,0,0,0,0,0,0,0,0,0,0,0,0,0,0,0,0
We Didn't Start The Fire — Fall Out Boy,We Didn't Start The Fire,Fall Out Boy,3.5921833333333333,2023-03-24,2023-07-15,94,94,1,0,0,0,0,0,0,1,0,0,0,0,0,0,0,0,0,0,0,0,0,0,0,0,0,0,0,0,0,0,0,0,0,0,0,0,0,0,0,0,0,0,0,0,0,0,0,0,1,0,0,0,0,0
I Can See You (Taylor's Version) (From The Vault) — Taylor Swift,I Can See You (Taylor's Version) (From The Vault),Taylor Swift,4.950333333333333,2021-11-12,2023-07-22,5,5,7,0,0,0,0,0,0,0,0,0,0,0,0,0,0,0,0,0,0,0,0,0,0,0,0,0,0,0,0,0,0,0,0,0,0,0,0,0,0,0,0,0,0,1,0,0,0,0,0,0,0,0,0,0
Mine (Taylor's Version) — Taylor Swift,Mine (Taylor's Version),Taylor Swift,3.8492333333333333,2021-11-12,2023-07-22,15,15,2,0,0,0,0,0,0,0,0,0,0,0,0,0,0,0,0,0,0,0,0,0,0,0,0,0,0,0,0,0,0,0,0,0,0,0,0,0,0,0,0,0,0,1,0,0,0,0,0,0,0,0,0,0
Back To December (Taylor's Version) — Taylor Swift,Back To December (Taylor's Version),Taylor Swift,3.7182166666666667,2021-11-12,2023-07-22,16,16,2,0,0,0,0,0,0,0,0,0,0,0,0,0,0,0,0,0,0,0,0,0,0,0,0,0,0,0,0,0,0,0,0,0,0,0,0,0,0,0,0,0,0,1,0,0,0,0,0,0,0,0,0,0
Enchanted (Taylor's Version) — Taylor Swift,Enchanted (Taylor's Version),Taylor Swift,5.486,2021-11-12,2023-07-22,19,19,3,0,0,0,0,0,0,0,0,0,0,0,0,0,0,0,0,0,0,0,0,0,0,0,0,0,0,0,0,0,0,0,0,0,0,0,0,0,0,0,0,0,0,1,0,0,0,0,0,0,0,0,0,0
Sparks Fly (Taylor's Version) — Taylor Swift,Sparks Fly (Taylor's Version),Taylor Swift,5.486,2021-11-12,2023-07-22,22,22,2,0,0,0,0,0,0,0,0,0,0,0,0,0,0,0,0,0,0,0,0,0,0,0,0,0,0,0,0,0,0,0,0,0,0,0,0,0,0,0,0,0,0,1,0,0,0,0,0,0,0,0,0,0
Dear John (Taylor's Version) — Taylor Swift,Dear John (Taylor's Version),Taylor Swift,5.486,2021-11-12,2023-07-22,26,26,1,0,0,0,0,0,0,0,0,0,0,0,0,0,0,0,0,0,0,0,0,0,0,0,0,0,0,0,0,0,0,0,0,0,0,0,0,0,0,0,0,0,0,1,0,0,0,0,0,0,0,0,0,0
Better Than Revenge (Taylor's Version) — Taylor Swift,Better Than Revenge (Taylor's Version),Taylor Swift,3.7182166666666667,2021-11-12,2023-07-22,28,28,1,0,0,0,0,0,0,0,0,0,0,0,0,0,0,0,0,0,0,0,0,0,0,0,0,0,0,0,0,0,0,0,0,0,0,0,0,0,0,0,0,0,0,1,0,0,0,0,0,0,0,0,0,0
Speak Now (Taylor's Version) — Taylor Swift,Speak Now (Taylor's Version),Taylor Swift,3.7182166666666667,2021-11-12,2023-07-22,33,33,1,0,0,0,0,0,0,0,0,0,0,0,0,0,0,0,0,0,0,0,0,0,0,0,0,0,0,0,0,0,0,0,0,0,0,0,0,0,0,0,0,0,0,1,0,0,0,0,0,0,0,0,0,0
When Emma Falls In Love (Taylor's Version) (From The Vault) — Taylor Swift,When Emma Falls In Love (Taylor's Version) (From The Vault),Taylor Swift,4.950333333333333,2021-11-12,2023-07-22,34,34,1,0,0,0,0,0,0,0,0,0,0,0,0,0,0,0,0,0,0,0,0,0,0,0,0,0,0,0,0,0,0,0,0,0,0,0,0,0,0,0,0,0,0,1,0,0,0,0,0,0,0,0,0,0
Mean (Taylor's Version) — Taylor Swift,Mean (Taylor's Version),Taylor Swift,3.8492333333333333,2021-11-12,2023-07-22,39,39,1,0,0,0,0,0,0,0,0,0,0,0,0,0,0,0,0,0,0,0,0,0,0,0,0,0,0,0,0,0,0,0,0,0,0,0,0,0,0,0,0,0,0,1,0,0,0,0,0,0,0,0,0,0
Foolish One (Taylor's Version) (From The Vault) — Taylor Swift,Foolish One (Taylor's Version) (From The Vault),Taylor Swift,4.950333333333333,2021-11-12,2023-07-22,40,40,1,0,0,0,0,0,0,0,0,0,0,0,0,0,0,0,0,0,0,0,0,0,0,0,0,0,0,0,0,0,0,0,0,0,0,0,0,0,0,0,0,0,0,1,0,0,0,0,0,0,0,0,0,0
The Story Of Us (Taylor's Version) — Taylor Swift,The Story Of Us (Taylor's Version),Taylor Swift,3.7182166666666667,2021-11-12,2023-07-22,42,42,1,0,0,0,0,0,0,0,0,0,0,0,0,0,0,0,0,0,0,0,0,0,0,0,0,0,0,0,0,0,0,0,0,0,0,0,0,0,0,0,0,0,0,1,0,0,0,0,0,0,0,0,0,0
Timeless (Taylor's Version) (From The Vault) — Taylor Swift,Timeless (Taylor's Version) (From The Vault),Taylor Swift,3.338016666666667,2021-11-12,2023-07-22,48,48,1,0,0,0,0,0,0,0,0,0,0,0,0,0,0,0,0,0,0,0,0,0,0,0,0,0,0,0,0,0,0,0,0,0,0,0,0,0,0,0,0,0,0,1,0,0,0,0,0,0,0,0,0,0
Haunted (Taylor's Version) — Taylor Swift,Haunted (Taylor's Version),Taylor Swift,3.8492333333333333,2021-11-12,2023-07-22,50,50,1,0,0,0,0,0,0,0,0,0,0,0,0,0,0,0,0,0,0,0,0,0,0,0,0,0,0,0,0,0,0,0,0,0,0,0,0,0,0,0,0,0,0,1,0,0,0,0,0,0,0,0,0,0
Long Live (Taylor's Version) — Taylor Swift,Long Live (Taylor's Version),Taylor Swift,3.7182166666666667,2021-11-12,2023-07-22,53,53,1,0,0,0,0,0,0,0,0,0,0,0,0,0,0,0,0,0,0,0,0,0,0,0,0,0,0,0,0,0,0,0,0,0,0,0,0,0,0,0,0,0,0,1,0,0,0,0,0,0,0,0,0,0
Last Kiss (Taylor's Version) — Taylor Swift,Last Kiss (Taylor's Version),Taylor Swift,5.486,2021-11-12,2023-07-22,57,57,1,0,0,0,0,0,0,0,0,0,0,0,0,0,0,0,0,0,0,0,0,0,0,0,0,0,0,0,0,0,0,0,0,0,0,0,0,0,0,0,0,0,0,1,0,0,0,0,0,0,0,0,0,0
Never Grow Up (Taylor's Version) — Taylor Swift,Never Grow Up (Taylor's Version),Taylor Swift,3.8492333333333333,2021-11-12,2023-07-22,58,58,1,0,0,0,0,0,0,0,0,0,0,0,0,0,0,0,0,0,0,0,0,0,0,0,0,0,0,0,0,0,0,0,0,0,0,0,0,0,0,0,0,0,0,1,0,0,0,0,0,0,0,0,0,0
Innocent (Taylor's Version) — Taylor Swift,Innocent (Taylor's Version),Taylor Swift,5.486,2021-11-12,2023-07-22,63,63,1,0,0,0,0,0,0,0,0,0,0,0,0,0,0,0,0,0,0,0,0,0,0,0,0,0,0,0,0,0,0,0,0,0,0,0,0,0,0,0,0,0,0,1,0,0,0,0,0,0,0,0,0,0
Super Shy — NewJeans,Super Shy,NewJeans,2.5777833333333335,2023-07-07,2023-07-22,66,48,8,0,0,0,0,0,0,0,0,0,0,0,0,0,0,0,0,0,0,0,0,0,0,0,0,0,0,0,0,0,0,0,0,0,0,1,0,0,0,0,0,0,0,1,0,0,0,0,0,0,0,0,0,0
Ours (Taylor's Version) — Taylor Swift,Ours (Taylor's Version),Taylor Swift,3.8492333333333333,2021-11-12,2023-07-22,69,69,1,0,0,0,0,0,0,0,0,0,0,0,0,0,0,0,0,0,0,0,0,0,0,0,0,0,0,0,0,0,0,0,0,0,0,0,0,0,0,0,0,0,0,1,0,0,0,0,0,0,0,0,0,0
Superman (Taylor's Version) — Taylor Swift,Superman (Taylor's Version),Taylor Swift,3.8492333333333333,2021-11-12,2023-07-22,74,74,1,0,0,0,0,0,0,0,0,0,0,0,0,0,0,0,0,0,0,0,0,0,0,0,0,0,0,0,0,0,0,0,0,0,0,0,0,0,0,0,0,0,0,1,0,0,0,0,0,0,0,0,0,0
LaLa — Myke Towers,LaLa,Myke Towers,3.2986666666666666,2023-03-23,2023-07-22,90,43,20,0,0,0,0,0,0,0,0,0,0,0,0,0,0,0,0,0,0,0,0,0,0,0,0,0,0,0,0,0,0,0,0,0,0,0,1,0,0,0,0,0,0,0,0,0,0,0,0,0,0,0,1,0
Try That In A Small Town — Jason Aldean,Try That In A Small Town,Jason Aldean,3.026666666666667,2023-05-19,2023-07-29,2,1,20,0,0,0,0,0,0,0,0,0,0,0,0,0,0,0,0,0,0,1,0,0,0,0,0,0,0,0,0,0,0,0,0,0,0,0,0,0,0,0,0,0,0,0,0,0,0,0,0,0,0,0,0,0
What Was I Made For? — Billie Eilish,What Was I Made For?,Billie Eilish,3.706166666666667,2023-07-13,2023-07-29,34,14,35,0,0,0,0,0,0,0,0,0,0,0,0,0,0,0,0,0,0,0,0,0,0,0,0,0,0,0,0,0,0,0,0,0,0,0,0,0,0,0,0,0,0,1,0,0,0,0,0,0,1,0,0,0
Overdrive — Post Malone,Overdrive,Post Malone,2.461333333333333,2023-07-14,2023-07-29,47,47,3,0,0,0,0,0,0,0,0,0,0,0,0,0,0,0,0,0,0,0,0,0,0,0,0,0,0,0,0,0,0,0,0,0,0,0,0,0,0,0,0,0,0,1,0,0,0,0,0,0,0,0,0,0
S91 — Karol G,S91,Karol G,2.8834166666666667,2023-07-13,2023-07-29,63,45,6,0,0,0,0,0,0,0,0,0,0,0,0,0,0,0,0,0,0,0,0,0,0,0,0,0,0,0,0,0,0,0,0,0,0,0,1,0,0,0,0,0,0,0,0,0,0,0,0,0,0,0,0,0
Rush — Troye Sivan,Rush,Troye Sivan,2.606516666666667,2023-07-12,2023-07-29,77,77,2,0,0,0,0,0,0,0,0,0,0,0,0,0,0,0,0,0,0,0,0,0,0,0,0,0,0,0,0,0,0,0,0,0,0,0,0,0,0,0,0,0,0,1,0,0,0,0,0,0,0,0,0,0
Save Me The Trouble — Dan + Shay,Save Me The Trouble,Dan + Shay,3.3391166666666665,2023-07-14,2023-07-29,84,38,13,0,0,0,0,0,0,0,0,0,0,0,0,0,0,0,0,0,0,1,0,0,0,0,0,0,0,0,0,0,0,0,0,0,0,0,0,0,0,0,0,0,0,0,0,0,0,0,0,0,0,0,0,0
Angels Don't Always Have Wings — Thomas Rhett,Angels Don't Always Have Wings,Thomas Rhett,3.34045,2023-01-20,2023-07-29,93,69,9,0,0,0,0,0,0,0,0,0,0,0,0,0,0,0,0,0,0,1,0,0,0,0,0,0,0,0,0,0,0,0,0,0,0,0,0,0,0,0,0,0,0,0,0,0,0,0,0,0,0,0,0,0
White Horse — Chris Stapleton,White Horse,Chris Stapleton,4.464883333333334,2023-07-21,2023-08-05,31,12,29,0,0,0,0,0,0,0,0,0,0,0,0,0,0,0,0,0,0,1,0,0,0,0,0,0,0,0,0,0,0,0,0,0,0,0,0,0,0,0,0,0,0,0,0,0,0,0,0,0,0,0,0,0
Deli — Ice Spice,Deli,Ice Spice,2.1142833333333333,2023-07-21,2023-08-05,41,41,13,0,0,0,0,0,0,0,0,0,0,0,0,0,0,0,0,0,0,0,0,0,0,0,0,0,0,0,0,1,0,0,0,0,0,0,0,0,0,0,0,0,0,0,0,0,0,0,0,0,0,0,0,0
Speed Drive — Charli XCX,Speed Drive,Charli xcx,1.9635,2023-06-30,2023-08-05,73,73,5,0,0,0,0,0,0,0,0,0,0,0,0,0,0,0,0,0,0,0,0,0,0,0,0,0,0,0,0,0,0,0,0,0,0,0,0,0,0,0,0,0,0,1,0,0,0,0,0,0,1,0,0,0
ETA — NewJeans,ETA,NewJeans,2.522883333333333,2023-07-21,2023-08-05,81,81,1,0,0,0,0,0,0,0,0,0,0,0,0,0,0,0,0,0,0,0,0,0,0,0,0,0,0,0,0,0,0,0,0,0,0,1,0,0,0,0,0,0,0,1,0,0,0,0,0,0,0,0,0,0
I'm Just Ken — Ryan Gosling,I'm Just Ken,Ryan Gosling,3.710566666666667,2023-07-20,2023-08-05,87,87,3,0,0,0,0,0,0,0,0,0,0,0,0,0,0,0,0,0,0,0,0,0,0,0,0,0,0,0,0,0,0,0,0,0,0,0,0,0,0,0,0,0,0,1,0,0,0,0,0,0,1,0,0,0
But I Got A Beer In My Hand — Luke Bryan,But I Got A Beer In My Hand,Luke Bryan,,,2023-08-05,92,91,8,0,0,0,0,0,0,0,0,0,0,0,0,0,0,0,0,0,0,0,0,0,0,0,0,0,0,0,0,0,0,0,0,0,0,0,0,0,0,0,0,0,0,0,0,0,0,0,0,0,0,0,0,0
Cool With You — NewJeans,Cool With You,NewJeans,2.4646666666666666,2023-07-21,2023-08-05,93,93,1,0,0,0,0,0,0,0,0,0,0,0,0,0,0,0,0,0,0,0,0,0,0,0,0,0,0,0,0,0,0,0,0,0,0,1,0,0,0,0,0,0,0,1,0,0,0,0,0,0,0,0,0,0
Equal Dirt — Rylo Rodriguez,Equal Dirt,Rylo Rodriguez,3.023833333333333,2023-06-30,2023-08-05,100,100,1,0,0,0,0,0,0,0,0,0,0,0,0,0,0,0,0,0,0,0,0,0,0,0,0,0,0,0,0,1,0,0,0,0,0,0,0,0,0,0,0,0,0,0,0,0,0,0,0,0,0,0,0,0
I Know ? — Travis Scott,I Know ?,Travis Scott,3.5263666666666666,2023-07-28,2023-08-12,11,11,22,0,0,0,0,0,0,0,0,0,0,0,0,0,0,0,0,0,0,0,0,0,0,0,0,0,0,0,0,1,0,0,0,0,0,0,0,0,0,0,0,0,0,0,0,0,0,0,0,0,0,0,0,0
Hyaena — Travis Scott,Hyaena,Travis Scott,3.701416666666667,2023-07-28,2023-08-12,14,14,2,0,0,0,0,0,0,0,0,0,0,0,0,0,0,0,0,0,0,0,0,0,0,0,0,0,0,0,0,1,0,0,0,0,0,0,0,0,0,0,0,0,0,0,0,0,0,0,0,0,0,0,0,0
Thank God — Travis Scott,Thank God,Travis Scott,3.0814833333333334,2023-07-28,2023-08-12,16,16,3,0,0,0,0,0,0,0,0,0,0,0,0,0,0,0,0,0,0,0,0,0,0,0,0,0,0,0,0,1,0,0,0,0,0,0,0,0,0,0,0,0,0,0,0,0,0,0,0,0,0,0,0,0
My Eyes — Travis Scott,My Eyes,Travis Scott,4.1875,2023-07-28,2023-08-12,19,19,13,0,0,0,0,0,0,0,0,0,0,0,0,0,0,0,0,0,0,0,0,0,0,0,0,0,0,0,0,1,0,0,0,0,0,0,0,0,0,0,0,0,0,0,0,0,0,0,0,0,0,0,0,0
Sirens — Travis Scott,Sirens,Travis Scott,3.40745,2023-07-28,2023-08-12,27,27,2,0,0,0,0,0,0,0,0,0,0,0,0,0,0,0,0,0,0,0,0,0,0,0,0,0,0,0,0,1,0,0,0,0,0,0,0,0,0,0,0,0,0,0,0,0,0,0,0,0,0,0,0,0
God's Country — Travis Scott,God's Country,Travis Scott,,,2023-08-12,28,28,2,0,0,0,0,0,0,0,0,0,0,0,0,0,0,0,0,0,0,0,0,0,0,0,0,0,0,0,0,0,0,0,0,0,0,0,0,0,0,0,0,0,0,0,0,0,0,0,0,0,0,0,0,0
In Your Love — Tyler Childers,In Your Love,Tyler Childers,3.7637833333333335,2023-07-18,2023-08-12,43,43,10,0,0,0,0,0,0,0,0,0,0,0,0,0,0,0,0,0,0,1,0,0,0,0,0,0,0,0,0,0,0,0,0,0,0,0,0,0,0,0,0,0,0,0,0,0,0,0,0,0,0,0,0,0
Enough Is Enough — Post Malone,Enough Is Enough,Post Malone,2.7529166666666667,2023-07-28,2023-08-12,56,56,1,0,0,0,0,0,0,0,0,0,0,0,0,0,0,0,0,0,0,0,0,0,0,0,0,0,0,0,0,0,0,0,0,0,0,0,0,0,0,0,0,0,0,1,0,0,0,0,0,0,0,0,0,0
Something Real — Post Malone,Something Real,Post Malone,3.421466666666667,2023-07-28,2023-08-12,67,67,1,0,0,0,0,0,0,0,0,0,0,0,0,0,0,0,0,0,0,0,0,0,0,0,0,0,0,0,0,0,0,0,0,0,0,0,0,0,0,0,0,0,0,1,0,0,0,0,0,0,0,0,0,0
Too Cool To Die — Post Malone,Too Cool To Die,Post Malone,,,2023-08-12,87,87,1,0,0,0,0,0,0,0,0,0,0,0,0,0,0,0,0,0,0,0,0,0,0,0,0,0,0,0,0,0,0,0,0,0,0,0,0,0,0,0,0,0,0,0,0,0,0,0,0,0,0,0,0,0
Don't Understand — Post Malone,Don't Understand,Post Malone,3.0563166666666666,2023-07-28,2023-08-12,88,88,1,0,0,0,0,0,0,0,0,0,0,0,0,0,0,0,0,0,0,0,0,0,0,0,0,0,0,0,0,0,0,0,0,0,0,0,0,0,0,0,0,0,0,1,0,0,0,0,0,0,0,0,0,0
Aqui Te Espero — Ivan Cornejo,Aqui Te Espero,Ivan Cornejo,4.256216666666667,2023-07-29,2023-08-12,89,89,1,0,0,0,0,0,0,0,0,0,0,0,0,0,0,0,0,0,0,0,0,0,0,0,0,0,0,0,0,0,0,0,0,0,0,0,1,0,0,1,0,0,0,0,0,0,0,0,0,0,0,0,0,0
Novacandy — Post Malone,Novacandy,Post Malone,3.288116666666667,2023-07-28,2023-08-12,90,90,1,0,0,0,0,0,0,0,0,0,0,0,0,0,0,0,0,0,0,0,0,0,0,0,0,0,0,0,0,0,0,0,0,0,0,0,0,0,0,0,0,0,0,1,0,0,0,0,0,0,0,0,0,0
Paint The Town Red — Doja Cat,Paint The Town Red,Doja Cat,3.8411166666666667,2023-08-04,2023-08-19,15,1,37,0,0,0,0,0,0,0,0,0,0,0,0,0,0,0,0,0,0,0,0,0,0,0,0,0,0,0,0,1,0,0,0,0,0,0,0,0,0,0,0,0,0,1,0,0,1,0,0,0,0,0,0,0
Rich Men North Of Richmond — Oliver Anthony Music,Rich Men North Of Richmond,Oliver Anthony Music,3.1207333333333334,2023-08-11,2023-08-26,1,1,20,0,0,0,0,0,0,0,0,0,0,0,0,0,0,0,0,0,0,1,0,0,0,0,1,0,0,0,0,0,0,0,0,0,0,0,0,0,0,0,0,0,0,0,0,0,0,0,0,0,0,0,0,0
Bad Idea Right? — Olivia Rodrigo,Bad Idea Right?,Olivia Rodrigo,3.0797333333333334,2023-08-11,2023-08-26,10,7,19,0,0,0,0,0,0,0,0,0,0,0,0,0,0,0,0,0,0,0,0,0,0,0,0,0,0,0,0,0,0,0,0,0,0,0,0,0,0,0,0,0,0,1,0,0,0,0,0,0,0,0,0,0
Mi Ex Tenia Razon — Karol G,Mi Ex Tenia Razon,Karol G,2.5729166666666665,2023-08-10,2023-08-26,22,22,16,0,0,0,0,0,0,0,0,0,0,0,0,0,0,0,0,0,0,0,0,0,0,0,0,0,0,0,0,0,0,0,0,0,0,0,1,0,0,0,0,0,0,0,0,0,0,0,0,0,0,0,0,0
The Painter — Cody Johnson,The Painter,Cody Johnson,3.52355,2023-01-06,2023-08-26,55,25,23,0,0,0,0,0,0,0,0,0,0,0,0,0,0,0,0,0,0,1,0,0,0,0,0,0,0,0,0,0,0,0,0,0,0,0,0,0,0,0,0,0,0,0,0,0,0,0,0,0,0,0,0,0
Aint Gotta Dollar — Oliver Anthony Music,Aint Gotta Dollar,Oliver Anthony Music,2.0768,2022-09-10,2023-08-26,82,82,2,0,0,0,0,0,0,0,0,0,0,0,0,0,0,0,0,0,0,1,0,0,0,0,1,0,0,0,0,0,0,0,0,0,0,0,0,0,0,0,0,0,0,0,0,0,0,0,0,0,0,0,0,0
Oki Doki — Karol G,Oki Doki,Karol G,2.3965,2023-08-10,2023-08-26,83,83,1,0,0,0,0,0,0,0,0,0,0,0,0,0,0,0,0,0,0,0,0,0,0,0,0,0,0,0,0,0,0,0,0,0,0,0,1,0,0,0,0,0,0,0,0,0,0,0,0,0,0,0,0,0
Pretty Little Poison — Warren Zeiders,Pretty Little Poison,Warren Zeiders,3.636,2023-03-17,2023-08-26,86,19,28,0,0,0,0,0,0,0,0,0,0,0,0,0,0,0,0,0,0,1,0,0,0,0,0,0,0,0,0,0,0,0,0,0,0,0,0,0,0,0,0,0,0,0,0,0,0,0,0,0,0,0,0,0
Amargura — Karol G,Amargura,Karol G,2.8465666666666665,2023-02-24,2023-08-26,95,85,6,0,0,0,0,0,0,0,0,0,0,0,0,0,0,0,0,0,0,0,0,0,0,0,0,0,0,0,0,0,0,0,0,0,0,0,1,0,0,0,0,0,0,0,0,0,0,0,0,0,0,0,1,0
Love Me Again — V,Love Me Again,V,3.0382166666666666,2023-08-11,2023-08-26,96,96,1,0,0,0,0,0,0,0,0,0,0,0,0,0,0,0,0,0,0,0,0,0,0,0,0,0,0,0,0,0,0,0,0,0,0,1,0,0,0,0,0,0,0,1,0,0,0,0,0,0,0,0,0,0
Mona Lisa — Dominic Fike,Mona Lisa,Dominic Fike,3.1011166666666665,2023-06-05,2023-08-26,98,89,2,0,0,0,0,0,0,1,0,0,0,0,0,0,0,0,0,0,0,0,0,0,0,0,0,0,0,0,0,0,0,0,0,0,0,0,0,0,0,0,0,0,0,0,0,0,0,0,0,0,0,0,0,0
Lose Control — Teddy Swims,Lose Control,Teddy Swims,3.5114833333333335,2023-06-23,2023-08-26,99,1,104,0,0,0,0,0,0,0,0,0,0,0,0,0,0,0,0,0,0,0,0,0,0,0,0,0,0,0,0,0,0,0,0,0,0,0,0,0,0,0,0,0,0,1,0,0,0,0,0,0,0,0,0,0
Call Your Friends — Rod Wave,Call Your Friends,Rod Wave,2.55215,2023-08-18,2023-09-02,26,18,9,0,0,0,0,0,0,0,0,0,0,0,0,0,0,0,0,0,0,0,0,0,0,0,0,0,0,0,0,1,0,0,0,0,0,0,0,0,0,0,0,0,0,0,0,0,1,0,0,0,0,0,0,0
Standing Room Only — Tim McGraw,Standing Room Only,Tim McGraw,3.7748833333333334,2023-03-10,2023-09-02,61,60,10,0,0,0,0,0,0,0,0,0,0,0,0,0,0,0,0,0,0,1,0,0,0,0,0,0,0,0,0,0,0,0,0,0,0,0,0,0,0,0,0,0,0,0,0,0,0,0,0,0,0,0,0,0
Barely Holdin' On — Polo G,Barely Holdin' On,Polo G,2.89785,2023-08-20,2023-09-02,68,68,1,0,0,0,0,0,0,0,0,0,0,0,0,0,0,0,0,0,0,0,0,0,0,0,0,0,0,0,0,1,0,0,0,0,0,0,0,0,0,0,0,0,0,0,0,0,1,0,0,0,0,0,0,0
F*ck U Thought — Lil Durk,F*ck U Thought,Lil Durk,3.3,2023-08-18,2023-09-02,77,77,1,0,0,0,0,0,0,0,0,0,0,0,0,0,0,0,0,0,0,0,0,0,0,0,0,0,0,0,0,1,0,0,0,0,0,0,0,0,0,0,0,0,0,0,0,0,0,0,0,0,0,0,0,0
Summer Too Hot — Chris Brown,Summer Too Hot,Chris Brown,,,2023-09-02,93,93,4,0,0,0,0,0,0,0,0,0,0,0,0,0,0,0,0,0,0,0,0,0,0,0,0,0,0,0,0,0,0,0,0,0,0,0,0,0,0,0,0,0,0,0,0,0,0,0,0,0,0,0,0,0
Used To Be Young — Miley Cyrus,Used To Be Young,Miley Cyrus,3.1864333333333335,2023-08-25,2023-09-09,8,8,21,0,0,0,0,0,0,0,0,0,0,0,0,0,0,0,0,0,0,0,0,0,0,0,0,0,0,0,0,0,0,0,0,0,0,0,0,0,0,0,0,0,0,1,0,0,0,0,0,0,0,0,0,0
East Side Of Sorrow — Zach Bryan,East Side Of Sorrow,Zach Bryan,3.4886666666666666,2023-01-27,2023-09-09,18,18,6,0,0,0,0,0,0,0,0,0,0,0,0,0,0,0,0,0,0,1,0,0,0,0,0,0,0,0,0,0,0,0,0,0,0,0,0,0,0,0,0,0,0,0,0,0,0,0,0,0,0,0,0,0
Single Soon — Selena Gomez,Single Soon,Selena Gomez,2.8609166666666668,2023-08-25,2023-09-09,19,19,12,0,0,0,0,0,0,0,0,0,0,0,0,0,0,0,0,0,0,0,0,0,0,0,0,0,0,0,0,0,0,0,0,0,0,0,0,0,0,0,0,0,0,1,0,0,0,0,0,0,0,0,0,0
Tourniquet — Zach Bryan,Tourniquet,Zach Bryan,3.1508833333333333,2023-01-27,2023-09-09,20,20,12,0,0,0,0,0,0,0,0,0,0,0,0,0,0,0,0,0,0,1,0,0,0,0,0,0,0,0,0,0,0,0,0,0,0,0,0,0,0,0,0,0,0,0,0,0,0,0,0,0,0,0,0,0
Overtime — Zach Bryan,Overtime,Zach Bryan,3.18245,2023-01-27,2023-09-09,22,22,3,0,0,0,0,0,0,0,0,0,0,0,0,0,0,0,0,0,0,1,0,0,0,0,0,0,0,0,0,0,0,0,0,0,0,0,0,0,0,0,0,0,0,0,0,0,0,0,0,0,0,0,0,0
Summertime's Close — Zach Bryan,Summertime's Close,Zach Bryan,3.1031166666666667,2023-01-27,2023-09-09,23,23,3,0,0,0,0,0,0,0,0,0,0,0,0,0,0,0,0,0,0,1,0,0,0,0,0,0,0,0,0,0,0,0,0,0,0,0,0,0,0,0,0,0,0,0,0,0,0,0,0,0,0,0,0,0
Fear And Friday's — Zach Bryan,Fear And Friday's,Zach Bryan,,,2023-09-09,24,24,3,0,0,0,0,0,0,0,0,0,0,0,0,0,0,0,0,0,0,0,0,0,0,0,0,0,0,0,0,0,0,0,0,0,0,0,0,0,0,0,0,0,0,0,0,0,0,0,0,0,0,0,0,0
Ticking — Zach Bryan,Ticking,Zach Bryan,4.036666666666667,2023-01-27,2023-09-09,29,29,3,0,0,0,0,0,0,0,0,0,0,0,0,0,0,0,0,0,0,1,0,0,0,0,0,0,0,0,0,0,0,0,0,0,0,0,0,0,0,0,0,0,0,0,0,0,0,0,0,0,0,0,0,0
El Dorado — Zach Bryan,El Dorado,Zach Bryan,3.0475833333333333,2023-01-27,2023-09-09,31,31,3,0,0,0,0,0,0,0,0,0,0,0,0,0,0,0,0,0,0,1,0,0,0,0,0,0,0,0,0,0,0,0,0,0,0,0,0,0,0,0,0,0,0,0,0,0,0,0,0,0,0,0,0,0
Smaller Acts — Zach Bryan,Smaller Acts,Zach Bryan,3.121183333333333,2023-01-27,2023-09-09,38,38,3,0,0,0,0,0,0,0,0,0,0,0,0,0,0,0,0,0,0,1,0,0,0,0,0,0,0,0,0,0,0,0,0,0,0,0,0,0,0,0,0,0,0,0,0,0,0,0,0,0,0,0,0,0
Fear And Friday's (Poem) — Zach Bryan,Fear And Friday's (Poem),Zach Bryan,,,2023-09-09,39,39,1,0,0,0,0,0,0,0,0,0,0,0,0,0,0,0,0,0,0,0,0,0,0,0,0,0,0,0,0,0,0,0,0,0,0,0,0,0,0,0,0,0,0,0,0,0,0,0,0,0,0,0,0,0
Jake's Piano - Long Island — Zach Bryan,Jake's Piano - Long Island,Zach Bryan,,,2023-09-09,41,41,2,0,0,0,0,0,0,0,0,0,0,0,0,0,0,0,0,0,0,0,0,0,0,0,0,0,0,0,0,0,0,0,0,0,0,0,0,0,0,0,0,0,0,0,0,0,0,0,0,0,0,0,0,0
Tradesman — Zach Bryan,Tradesman,Zach Bryan,3.128816666666667,2023-01-27,2023-09-09,44,44,2,0,0,0,0,0,0,0,0,0,0,0,0,0,0,0,0,0,0,1,0,0,0,0,0,0,0,0,0,0,0,0,0,0,0,0,0,0,0,0,0,0,0,0,0,0,0,0,0,0,0,0,0,0
Oklahoman Son — Zach Bryan,Oklahoman Son,Zach Bryan,4.15755,2023-01-27,2023-09-09,47,47,2,0,0,0,0,0,0,0,0,0,0,0,0,0,0,0,0,0,0,1,0,0,0,0,0,0,0,0,0,0,0,0,0,0,0,0,0,0,0,0,0,0,0,0,0,0,0,0,0,0,0,0,0,0
Sittin' On Top Of The World — Burna Boy,Sittin' On Top Of The World,Burna Boy,,,2023-09-09,80,80,3,0,0,0,0,0,0,0,0,0,0,0,0,0,0,0,0,0,0,0,0,0,0,0,0,0,0,0,0,0,0,0,0,0,0,0,0,0,0,0,0,0,0,0,0,0,0,0,0,0,0,0,0,0
Primera Cita — Carin Leon,Primera Cita,Carin Leon,3.1076,2022-04-20,2023-09-09,97,97,2,0,0,0,0,0,0,0,0,0,0,0,0,0,0,0,0,0,0,0,0,0,0,0,0,0,0,0,0,0,0,0,0,0,0,0,1,0,0,0,0,0,0,0,0,0,0,0,0,0,0,0,0,0
On My Mama — Victoria Monet,On My Mama,Victoria Monet,3.1113,2023-06-16,2023-09-09,98,33,25,0,0,0,0,0,0,0,0,0,0,0,0,0,0,0,0,0,0,0,0,0,0,0,0,0,0,0,0,0,0,0,0,0,0,0,0,0,0,0,0,0,0,0,0,1,0,0,0,0,0,0,0,0
Last Time I Saw You — Nicki Minaj,Last Time I Saw You,Nicki Minaj,,,2023-09-16,23,23,2,0,0,0,0,0,0,0,0,0,0,0,0,0,0,0,0,0,0,0,0,0,0,0,0,0,0,0,0,0,0,0,0,0,0,0,0,0,0,0,0,0,0,0,0,0,0,0,0,0,0,0,0,0
Demons — Doja Cat,Demons,Doja Cat,3.2595833333333335,2023-09-01,2023-09-16,46,46,2,0,0,0,0,0,0,0,0,0,0,0,0,0,0,0,0,0,0,0,0,0,0,0,0,0,0,0,0,1,0,0,0,0,0,0,0,0,0,0,0,0,0,1,0,0,1,0,0,0,0,0,0,0
Come See Me — Rod Wave,Come See Me,Rod Wave,3.1764666666666668,2023-09-01,2023-09-16,56,19,6,0,0,0,0,0,0,0,0,0,0,0,0,0,0,0,0,0,0,0,0,0,0,0,0,0,0,0,0,1,0,0,0,0,0,0,0,0,0,0,0,0,0,0,0,0,1,0,0,0,0,0,0,0
SkeeYee — Sexyy Red,SkeeYee,Sexyy Red,2.61875,2023-06-09,2023-09-16,67,62,12,0,0,0,0,0,0,0,0,0,0,0,0,0,0,0,0,0,0,0,0,0,0,0,0,0,0,0,0,1,0,0,0,0,0,0,0,0,0,0,0,0,0,0,0,0,0,0,0,0,0,0,0,0
Get Him Back! — Olivia Rodrigo,Get Him Back!,Olivia Rodrigo,,,2023-09-23,11,11,20,0,0,0,0,0,0,0,0,0,0,0,0,0,0,0,0,0,0,0,0,0,0,0,0,0,0,0,0,0,0,0,0,0,0,0,0,0,0,0,0,0,0,0,0,0,0,0,0,0,0,0,0,0
All-American Bitch — Olivia Rodrigo,All-American Bitch,Olivia Rodrigo,2.7639,2023-09-08,2023-09-23,13,13,4,0,0,0,0,0,0,0,0,0,0,0,0,0,0,0,0,0,0,0,0,0,0,0,0,0,0,0,0,0,0,0,0,0,0,0,0,0,0,0,0,0,0,1,0,0,0,0,0,0,0,0,0,0
The Grudge — Olivia Rodrigo,The Grudge,Olivia Rodrigo,3.156433333333333,2023-09-08,2023-09-23,16,16,4,0,0,0,0,0,0,0,0,0,0,0,0,0,0,0,0,0,0,0,0,0,0,0,0,0,0,0,0,0,0,0,0,0,0,0,0,0,0,0,0,0,0,1,0,0,0,0,0,0,0,0,0,0
Making The Bed — Olivia Rodrigo,Making The Bed,Olivia Rodrigo,,,2023-09-23,19,19,3,0,0,0,0,0,0,0,0,0,0,0,0,0,0,0,0,0,0,0,0,0,0,0,0,0,0,0,0,0,0,0,0,0,0,0,0,0,0,0,0,0,0,0,0,0,0,0,0,0,0,0,0,0
Logical — Olivia Rodrigo,Logical,Olivia Rodrigo,3.8651166666666668,2023-09-08,2023-09-23,20,20,3,0,0,0,0,0,0,0,0,0,0,0,0,0,0,0,0,0,0,0,0,0,0,0,0,0,0,0,0,0,0,0,0,0,0,0,0,0,0,0,0,0,0,1,0,0,0,0,0,0,0,0,0,0
Lacy — Olivia Rodrigo,Lacy,Olivia Rodrigo,2.953533333333333,2023-09-08,2023-09-23,23,23,3,0,0,0,0,0,0,0,0,0,0,0,0,0,0,0,0,0,0,0,0,0,0,0,0,0,0,0,0,0,0,0,0,0,0,0,0,0,0,0,0,0,0,1,0,0,0,0,0,0,0,0,0,0
Ballad Of A Homeschooled Girl — Olivia Rodrigo,Ballad Of A Homeschooled Girl,Olivia Rodrigo,3.389483333333333,2023-09-08,2023-09-23,24,24,2,0,0,0,0,0,0,0,0,0,0,0,0,0,0,0,0,0,0,0,0,0,0,0,0,0,0,0,0,0,0,0,0,0,0,0,0,0,0,0,0,0,0,1,0,0,0,0,0,0,0,0,0,0
Love Is Embarrassing — Olivia Rodrigo,Love Is Embarrassing,Olivia Rodrigo,2.575283333333333,2023-09-08,2023-09-23,25,25,3,0,0,0,0,0,0,0,0,0,0,0,0,0,0,0,0,0,0,0,0,0,0,0,0,0,0,0,0,0,0,0,0,0,0,0,0,0,0,0,0,0,0,1,0,0,0,0,0,0,0,0,0,0
Pretty Isn't Pretty — Olivia Rodrigo,Pretty Isn't Pretty,Olivia Rodrigo,3.3237,2023-09-08,2023-09-23,30,30,2,0,0,0,0,0,0,0,0,0,0,0,0,0,0,0,0,0,0,0,0,0,0,0,0,0,0,0,0,0,0,0,0,0,0,0,0,0,0,0,0,0,0,1,0,0,0,0,0,0,0,0,0,0
Teenage Dream — Olivia Rodrigo,Teenage Dream,Olivia Rodrigo,3.705966666666667,2023-09-08,2023-09-23,39,39,2,0,0,0,0,0,0,0,0,0,0,0,0,0,0,0,0,0,0,0,0,0,0,0,0,0,0,0,0,0,0,0,0,0,0,0,0,0,0,0,0,0,0,1,0,0,0,0,0,0,0,0,0,0
Slow Dancing — V,Slow Dancing,V,3.1171166666666665,2023-09-08,2023-09-23,51,51,1,0,0,0,0,0,0,0,0,0,0,0,0,0,0,0,0,0,0,0,0,0,0,0,0,0,0,0,0,0,0,0,0,0,0,1,0,0,0,0,0,0,0,1,0,0,0,0,0,0,0,0,0,0
Boyz Don't Cry — Rod Wave,Boyz Don't Cry,Rod Wave,2.7763166666666668,2023-09-13,2023-09-30,25,25,5,0,0,0,0,0,0,0,0,0,0,0,0,0,0,0,0,0,0,0,0,0,0,0,0,0,0,0,0,1,0,0,0,0,0,0,0,0,0,0,0,0,0,0,0,0,1,0,0,0,0,0,0,0
Great Gatsby — Rod Wave,Great Gatsby,Rod Wave,2.445866666666667,2023-09-15,2023-09-30,30,30,17,0,0,0,0,0,0,0,0,0,0,0,0,0,0,0,0,0,0,0,0,0,0,0,0,0,0,0,0,1,0,0,0,0,0,0,0,0,0,0,0,0,0,0,0,0,1,0,0,0,0,0,0,0
Greedy — Tate McRae,Greedy,Tate McRae,2.46945,2023-09-10,2023-09-30,33,3,42,0,0,0,0,0,0,1,0,0,0,0,0,0,0,0,0,0,0,0,0,0,0,0,0,0,0,0,0,0,0,0,0,0,0,0,0,0,0,0,0,0,0,1,0,0,0,0,0,0,0,0,0,0
Long Journey — Rod Wave,Long Journey,Rod Wave,3.097166666666667,2023-09-15,2023-09-30,39,39,3,0,0,0,0,0,0,0,0,0,0,0,0,0,0,0,0,0,0,0,0,0,0,0,0,0,0,0,0,1,0,0,0,0,0,0,0,0,0,0,0,0,0,0,0,0,1,0,0,0,0,0,0,0
Crazy — Rod Wave,Crazy,Rod Wave,2.1739166666666665,2023-09-15,2023-09-30,48,48,2,0,0,0,0,0,0,0,0,0,0,0,0,0,0,0,0,0,0,0,0,0,0,0,0,0,0,0,0,1,0,0,0,0,0,0,0,0,0,0,0,0,0,0,0,0,1,0,0,0,0,0,0,0
HG4 — Rod Wave,HG4,Rod Wave,2.0138666666666665,2023-09-15,2023-09-30,51,51,3,0,0,0,0,0,0,0,0,0,0,0,0,0,0,0,0,0,0,0,0,0,0,0,0,0,0,0,0,1,0,0,0,0,0,0,0,0,0,0,0,0,0,0,0,0,1,0,0,0,0,0,0,0
Checkmate — Rod Wave,Checkmate,Rod Wave,3.29965,2023-09-13,2023-09-30,55,55,2,0,0,0,0,0,0,0,0,0,0,0,0,0,0,0,0,0,0,0,0,0,0,0,0,0,0,0,0,1,0,0,0,0,0,0,0,0,0,0,0,0,0,0,0,0,1,0,0,0,0,0,0,0
Love For A Thug — Rod Wave,Love For A Thug,Rod Wave,3.0667666666666666,2023-09-15,2023-09-30,56,56,1,0,0,0,0,0,0,0,0,0,0,0,0,0,0,0,0,0,0,0,0,0,0,0,0,0,0,0,0,1,0,0,0,0,0,0,0,0,0,0,0,0,0,0,0,0,1,0,0,0,0,0,0,0
Keep It G — Rod Wave,Keep It G,Rod Wave,4.007016666666667,2023-09-15,2023-09-30,71,71,1,0,0,0,0,0,0,0,0,0,0,0,0,0,0,0,0,0,0,0,0,0,0,0,0,0,0,0,0,1,0,0,0,0,0,0,0,0,0,0,0,0,0,0,0,0,1,0,0,0,0,0,0,0
Pass You By — Rod Wave,Pass You By,Rod Wave,3.2,2023-09-15,2023-09-30,73,73,1,0,0,0,0,0,0,0,0,0,0,0,0,0,0,0,0,0,0,0,0,0,0,0,0,0,0,0,0,1,0,0,0,0,0,0,0,0,0,0,0,0,0,0,0,0,1,0,0,0,0,0,0,0
Love Story/Interlude — Rod Wave,Love Story/Interlude,Rod Wave,5.2758666666666665,2023-09-15,2023-09-30,79,79,1,0,0,0,0,0,0,0,0,0,0,0,0,0,0,0,0,0,0,0,0,0,0,0,0,0,0,0,0,1,0,0,0,0,0,0,0,0,0,0,0,0,0,0,0,0,1,0,0,0,0,0,0,0
Back Lit — Rod Wave,Back Lit,Rod Wave,2.9726,2023-09-15,2023-09-30,80,80,1,0,0,0,0,0,0,0,0,0,0,0,0,0,0,0,0,0,0,0,0,0,0,0,0,0,0,0,0,1,0,0,0,0,0,0,0,0,0,0,0,0,0,0,0,0,1,0,0,0,0,0,0,0
Strangers — Kenya Grace,Strangers,Kenya Grace,2.88275,2023-09-01,2023-09-30,88,42,21,0,0,0,0,0,0,0,0,0,0,0,0,0,0,0,0,0,0,0,1,0,0,0,0,0,0,0,0,0,0,0,0,0,0,0,0,0,0,0,0,0,0,0,0,0,0,0,0,0,0,0,0,0
Rap Beef — Rod Wave,Rap Beef,Rod Wave,3.466666666666667,2023-09-15,2023-09-30,93,93,1,0,0,0,0,0,0,0,0,0,0,0,0,0,0,0,0,0,0,0,0,0,0,0,0,0,0,0,0,1,0,0,0,0,0,0,0,0,0,0,0,0,0,0,0,0,1,0,0,0,0,0,0,0
Lil Boo Thang — Paul Russell,Lil Boo Thang,Paul Russell,1.9039,2023-08-18,2023-09-30,99,14,21,0,0,0,0,0,0,0,0,0,0,0,0,0,0,0,0,0,0,0,0,0,0,0,0,0,0,0,0,1,0,0,0,0,0,0,0,0,0,0,0,0,0,1,0,0,0,0,0,0,0,0,0,0
Agora Hills — Doja Cat,Agora Hills,Doja Cat,4.422666666666666,2023-09-22,2023-10-07,18,7,39,0,0,0,0,0,0,0,0,0,0,0,0,0,0,0,0,0,0,0,0,0,0,0,0,0,0,0,0,1,0,0,0,0,0,0,0,0,0,0,0,0,0,0,0,0,1,0,0,0,0,0,0,0
Deep Satin — Zach Bryan,Deep Satin,Zach Bryan,3.5199,2023-09-22,2023-10-07,45,45,1,0,0,0,0,0,0,0,0,0,0,0,0,0,0,0,0,0,0,1,0,0,0,0,0,0,0,0,0,0,0,0,0,0,0,0,0,0,0,0,0,0,0,0,0,0,0,0,0,0,0,0,0,0
Nine Ball — Zach Bryan,Nine Ball,Zach Bryan,2.83235,2023-09-22,2023-10-07,54,54,1,0,0,0,0,0,0,0,0,0,0,0,0,0,0,0,0,0,0,1,0,0,0,0,0,0,0,0,0,0,0,0,0,0,0,0,0,0,0,0,0,0,0,0,0,0,0,0,0,0,0,0,0,0
500lbs — Lil Tecca,500lbs,Lil Tecca,2.4065,2023-07-21,2023-10-07,60,51,20,0,0,0,0,0,0,0,0,0,0,0,0,0,0,0,0,0,0,0,0,0,0,0,0,0,0,0,0,1,0,0,0,0,0,0,0,0,0,0,0,0,0,0,0,0,0,0,0,0,0,0,0,0
One More Time — Blink-182,One More Time,Blink-182,3.468583333333333,2023-09-22,2023-10-07,62,62,1,0,0,0,0,0,0,0,0,0,0,0,0,0,0,0,0,0,0,0,0,0,0,0,0,0,0,0,0,0,0,0,0,0,0,0,0,0,0,0,0,0,0,0,0,0,0,0,1,0,0,0,0,0
Un Preview — Bad Bunny,Un Preview,Bad Bunny,2.7597,2023-09-25,2023-10-07,65,43,7,0,0,0,0,0,0,0,0,0,0,0,0,0,0,0,0,0,0,0,0,0,0,0,0,0,0,0,0,0,0,0,0,0,0,0,1,0,0,0,0,0,0,0,0,0,0,0,0,0,0,0,1,0
"Pain, Sweet, Pain — Zach Bryan","Pain, Sweet, Pain",Zach Bryan,3.2623333333333333,2023-09-22,2023-10-07,66,66,1,0,0,0,0,0,0,0,0,0,0,0,0,0,0,0,0,0,0,1,0,0,0,0,0,0,0,0,0,0,0,0,0,0,0,0,0,0,0,0,0,0,0,0,0,0,0,0,0,0,0,0,0,0
My Love Mine All Mine — Mitski,My Love Mine All Mine,Mitski,2.2962166666666666,2023-09-15,2023-10-07,76,26,20,0,0,0,0,0,0,1,0,0,0,0,0,0,0,0,0,0,0,0,0,0,0,0,0,0,0,0,0,0,0,0,0,0,0,0,0,0,0,0,0,0,0,0,0,0,0,0,0,0,0,0,0,0
Can't Have Mine — Dylan Scott,Can't Have Mine,Dylan Scott,3.0733333333333333,2022-02-18,2023-10-07,98,57,13,0,0,0,0,0,0,0,0,0,0,0,0,0,0,0,0,0,0,1,0,0,0,0,0,0,0,0,0,0,0,0,0,0,0,0,0,0,0,0,0,0,0,0,0,0,0,0,0,0,0,0,0,0
Better Place — *NSYNC,Better Place,*NSYNC,3.6111666666666666,2023-09-29,2023-10-14,25,25,6,0,0,0,0,0,0,0,0,0,0,1,0,0,0,0,0,0,0,0,0,0,0,0,0,0,0,0,0,0,0,0,0,0,0,0,0,0,0,0,0,0,0,1,0,0,0,0,0,0,0,0,0,0
Water — Tyla,Water,Tyla,3.3376,2023-07-28,2023-10-14,67,7,29,0,0,0,0,0,0,0,0,0,0,0,0,0,0,0,0,0,0,0,0,0,0,0,0,0,0,0,0,0,0,0,0,0,0,0,0,0,0,0,0,0,0,1,0,0,0,0,0,0,0,0,0,0
Stick Season — Noah Kahan,Stick Season,Noah Kahan,3.0391166666666667,2022-07-08,2023-10-14,80,9,52,0,0,0,0,0,0,1,0,0,0,0,0,0,0,0,0,0,0,0,0,0,0,0,0,0,0,0,0,0,0,0,0,0,0,0,0,0,0,0,0,0,0,0,0,0,0,0,0,0,0,0,0,0
Stars Like Confetti — Dustin Lynch,Stars Like Confetti,Dustin Lynch,3.2377833333333332,2021-07-16,2023-10-14,89,81,6,0,0,0,0,0,0,0,0,0,0,0,0,0,0,0,0,0,0,1,0,0,0,0,0,0,0,0,0,0,0,0,0,0,0,0,0,0,0,0,0,0,0,0,0,0,0,0,0,0,0,0,0,0
God Gave Me A Girl — Russell Dickerson,God Gave Me A Girl,Russell Dickerson,3.12045,2022-11-04,2023-10-14,90,81,5,0,0,0,0,0,0,0,0,0,0,0,0,0,0,0,0,0,0,1,0,0,0,0,0,0,0,0,0,0,0,0,0,0,0,0,0,0,0,0,0,0,0,0,0,0,0,0,0,0,0,0,0,0
Virginia Beach — Drake,Virginia Beach,Drake,4.184916666666667,2023-10-06,2023-10-21,3,3,14,0,0,0,0,0,0,0,0,0,0,0,0,0,0,0,0,0,0,0,0,0,0,0,0,0,0,0,0,1,0,0,0,0,0,0,0,0,0,0,0,0,0,0,0,0,0,0,0,0,0,0,0,0
Daylight — Drake,Daylight,Drake,2.735716666666667,2023-10-06,2023-10-21,8,8,3,0,0,0,0,0,0,0,0,0,0,0,0,0,0,0,0,0,0,0,0,0,0,0,0,0,0,0,0,1,0,0,0,0,0,0,0,0,0,0,0,0,0,0,0,0,0,0,0,0,0,0,0,0
Fear Of Heights — Drake,Fear Of Heights,Drake,2.5859,2023-10-06,2023-10-21,10,10,3,0,0,0,0,0,0,0,0,0,0,0,0,0,0,0,0,0,0,0,0,0,0,0,0,0,0,0,0,1,0,0,0,0,0,0,0,0,0,0,0,0,0,0,0,0,0,0,0,0,0,0,0,0
7969 Santa — Drake,7969 Santa,Drake,4.330783333333334,2023-10-06,2023-10-21,16,16,2,0,0,0,0,0,0,0,0,0,0,0,0,0,0,0,0,0,0,0,0,0,0,0,0,0,0,0,0,1,0,0,0,0,0,0,0,0,0,0,0,0,0,0,0,0,0,0,0,0,0,0,0,0
8am In Charlotte — Drake,8am In Charlotte,Drake,4.447466666666666,2023-10-05,2023-10-21,17,17,3,0,0,0,0,0,0,0,0,0,0,0,0,0,0,0,0,0,0,0,0,0,0,0,0,0,0,0,0,1,0,0,0,0,0,0,0,0,0,0,0,0,0,0,0,0,0,0,0,0,0,0,0,0
What Would Pluto Do — Drake,What Would Pluto Do,Drake,3.0499666666666667,2023-10-06,2023-10-21,18,18,3,0,0,0,0,0,0,0,0,0,0,0,0,0,0,0,0,0,0,0,0,0,0,0,0,0,0,0,0,1,0,0,0,0,0,0,0,0,0,0,0,0,0,0,0,0,0,0,0,0,0,0,0,0
Bahamas Promises — Drake,Bahamas Promises,Drake,3.0681666666666665,2023-10-06,2023-10-21,20,20,3,0,0,0,0,0,0,0,0,0,0,0,0,0,0,0,0,0,0,0,0,0,0,0,0,0,0,0,0,1,0,0,0,0,0,0,0,0,0,0,0,0,0,0,0,0,0,0,0,0,0,0,0,0
Tried Our Best — Drake,Tried Our Best,Drake,3.49985,2023-10-06,2023-10-21,21,21,2,0,0,0,0,0,0,0,0,0,0,0,0,0,0,0,0,0,0,0,0,0,0,0,0,0,0,0,0,1,0,0,0,0,0,0,0,0,0,0,0,0,0,0,0,0,0,0,0,0,0,0,0,0
Drew A Picasso — Drake,Drew A Picasso,Drake,4.379483333333333,2023-10-06,2023-10-21,27,27,2,0,0,0,0,0,0,0,0,0,0,0,0,0,0,0,0,0,0,0,0,0,0,0,0,0,0,0,0,1,0,0,0,0,0,0,0,0,0,0,0,0,0,0,0,0,0,0,0,0,0,0,0,0
Away From Home — Drake,Away From Home,Drake,4.3098833333333335,2023-10-06,2023-10-21,32,32,1,0,0,0,0,0,0,0,0,0,0,0,0,0,0,0,0,0,0,0,0,0,0,0,0,0,0,0,0,1,0,0,0,0,0,0,0,0,0,0,0,0,0,0,0,0,0,0,0,0,0,0,0,0
BBL Love Interlude — Drake,BBL Love Interlude,Drake,2.6894,2023-10-06,2023-10-21,36,36,1,0,0,0,0,0,0,0,0,0,0,0,0,0,0,0,0,0,0,0,0,0,0,0,0,0,0,0,0,1,0,0,0,0,0,0,0,0,0,0,0,0,0,0,0,0,0,0,0,0,0,0,0,0
Polar Opposites — Drake,Polar Opposites,Drake,4.286333333333333,2023-10-06,2023-10-21,37,37,1,0,0,0,0,0,0,0,0,0,0,0,0,0,0,0,0,0,0,0,0,0,0,0,0,0,0,0,0,1,0,0,0,0,0,0,0,0,0,0,0,0,0,0,0,0,0,0,0,0,0,0,0,0
Screw The World Interlude — Drake,Screw The World Interlude,Drake,1.8682166666666666,2023-10-06,2023-10-21,42,42,1,0,0,0,0,0,0,0,0,0,0,0,0,0,0,0,0,0,0,0,0,0,0,0,0,0,0,0,0,1,0,0,0,0,0,0,0,0,0,0,0,0,0,0,0,0,0,0,0,0,0,0,0,0
Y Lloro — Junior H,Y Lloro,Junior H,2.98355,2023-10-05,2023-10-21,97,79,7,0,0,0,0,0,0,0,0,0,0,0,0,0,0,0,1,0,0,0,0,0,0,0,0,0,0,0,0,0,0,0,0,0,0,0,1,0,0,1,0,0,0,0,0,0,0,0,0,0,0,0,0,0
Monaco — Bad Bunny,Monaco,Bad Bunny,4.453233333333333,2023-10-13,2023-10-28,5,5,20,0,0,0,0,0,0,0,0,0,0,0,0,0,0,0,0,0,0,0,0,0,0,0,0,0,0,0,0,0,0,0,0,0,0,0,1,0,0,0,0,0,0,0,0,0,0,0,0,0,0,0,0,0
Nadie Sabe — Bad Bunny,Nadie Sabe,Bad Bunny,6.31765,2023-10-13,2023-10-28,22,22,1,0,0,0,0,0,0,0,0,0,0,0,0,0,0,0,0,0,0,0,0,0,0,0,0,0,0,0,0,0,0,0,0,0,0,0,1,0,0,0,0,0,0,0,0,0,0,0,0,0,0,0,0,0
Mr. October — Bad Bunny,Mr. October,Bad Bunny,3.154316666666667,2023-10-13,2023-10-28,28,28,2,0,0,0,0,0,0,0,0,0,0,0,0,0,0,0,0,0,0,0,0,0,0,0,0,0,0,0,0,0,0,0,0,0,0,0,1,0,0,0,0,0,0,0,0,0,0,0,0,0,0,0,0,0
Cybertruck — Bad Bunny,Cybertruck,Bad Bunny,3.199333333333333,2023-10-13,2023-10-28,30,30,2,0,0,0,0,0,0,0,0,0,0,0,0,0,0,0,0,0,0,0,0,0,0,0,0,0,0,0,0,0,0,0,0,0,0,0,1,0,0,0,0,0,0,0,0,0,0,0,0,0,0,0,0,0
Baby Nueva — Bad Bunny,Baby Nueva,Bad Bunny,4.0129,2023-10-13,2023-10-28,34,34,2,0,0,0,0,0,0,0,0,0,0,0,0,0,0,0,0,0,0,0,0,0,0,0,0,0,0,0,0,0,0,0,0,0,0,0,1,0,0,0,0,0,0,0,0,0,0,0,0,0,0,0,0,0
Gracias Por Nada — Bad Bunny,Gracias Por Nada,Bad Bunny,2.957516666666667,2023-10-13,2023-10-28,52,52,1,0,0,0,0,0,0,0,0,0,0,0,0,0,0,0,0,0,0,0,0,0,0,0,0,0,0,0,0,0,0,0,0,0,0,0,1,0,0,0,0,0,0,0,0,0,0,0,0,0,0,0,0,0
Vou 787 — Bad Bunny,Vou 787,Bad Bunny,2.0607333333333333,2023-10-13,2023-10-28,53,53,1,0,0,0,0,0,0,0,0,0,0,0,0,0,0,0,0,0,0,0,0,0,0,0,0,0,0,0,0,0,0,0,0,0,0,0,1,0,0,0,0,0,0,0,0,0,0,0,0,0,0,0,0,0
Los Pits — Bad Bunny,Los Pits,Bad Bunny,4.18085,2023-10-13,2023-10-28,61,61,1,0,0,0,0,0,0,0,0,0,0,0,0,0,0,0,0,0,0,0,0,0,0,0,0,0,0,0,0,0,0,0,0,0,0,0,1,0,0,0,0,0,0,0,0,0,0,0,0,0,0,0,0,0
No Me Quiero Casar — Bad Bunny,No Me Quiero Casar,Bad Bunny,3.7609166666666667,2023-10-13,2023-10-28,65,65,1,0,0,0,0,0,0,0,0,0,0,0,0,0,0,0,0,0,0,0,0,0,0,0,0,0,0,0,0,0,0,0,0,0,0,0,1,0,0,0,0,0,0,0,0,0,0,0,0,0,0,0,0,0
Vuelve Candy B — Bad Bunny,Vuelve Candy B,Bad Bunny,4.436183333333333,2023-10-13,2023-10-28,70,70,1,0,0,0,0,0,0,0,0,0,0,0,0,0,0,0,0,0,0,0,0,0,0,0,0,0,0,0,0,0,0,0,0,0,0,0,1,0,0,0,0,0,0,0,0,0,0,0,0,0,0,0,0,0
Baticano — Bad Bunny,Baticano,Bad Bunny,4.266666666666667,2023-10-13,2023-10-28,78,78,1,0,0,0,0,0,0,0,0,0,0,0,0,0,0,0,0,0,0,0,0,0,0,0,0,0,0,0,0,0,0,0,0,0,0,0,1,0,0,0,0,0,0,0,0,0,0,0,0,0,0,0,0,0
Burn It Down — Parker McCollum,Burn It Down,Parker McCollum,3.8978166666666665,2023-05-12,2023-11-04,77,42,25,0,0,0,0,0,0,0,0,0,0,0,0,0,0,0,0,0,0,1,0,0,0,0,0,0,0,0,0,0,0,0,0,0,0,0,0,0,0,0,0,0,0,0,0,0,0,0,0,0,0,0,0,0
One Of Your Girls — Troye Sivan,One Of Your Girls,Troye Sivan,3.0247,2023-10-13,2023-11-04,79,79,1,0,0,0,0,0,0,0,0,0,0,0,0,0,0,0,0,0,0,0,0,0,0,0,0,0,0,0,0,0,0,0,0,0,0,0,0,0,0,0,0,0,0,1,0,0,0,0,0,0,0,0,0,0
Is It Over Now? (Taylor's Version) [From The Vault] — Taylor Swift,Is It Over Now? (Taylor's Version) [From The Vault],Taylor Swift,4.950333333333333,2021-11-12,2023-11-11,1,1,22,0,0,0,0,0,0,0,0,0,0,0,0,0,0,0,0,0,0,0,0,0,0,0,0,0,0,0,0,0,0,0,0,0,0,0,0,0,0,0,0,0,0,1,0,0,0,0,0,0,0,0,0,0
Now That We Don't Talk (Taylor's Version) [From The Vault] — Taylor Swift,Now That We Don't Talk (Taylor's Version) [From The Vault],Taylor Swift,4.950333333333333,2021-11-12,2023-11-11,2,2,8,0,0,0,0,0,0,0,0,0,0,0,0,0,0,0,0,0,0,0,0,0,0,0,0,0,0,0,0,0,0,0,0,0,0,0,0,0,0,0,0,0,0,1,0,0,0,0,0,0,0,0,0,0
Slut! (Taylor's Version) [From The Vault] — Taylor Swift,Slut! (Taylor's Version) [From The Vault],Taylor Swift,4.950333333333333,2021-11-12,2023-11-11,3,3,5,0,0,0,0,0,0,0,0,0,0,0,0,0,0,0,0,0,0,0,0,0,0,0,0,0,0,0,0,0,0,0,0,0,0,0,0,0,0,0,0,0,0,1,0,0,0,0,0,0,0,0,0,0
Say Don't Go (Taylor's Version) [From The Vault] — Taylor Swift,Say Don't Go (Taylor's Version) [From The Vault],Taylor Swift,3.338016666666667,2021-11-12,2023-11-11,5,5,5,0,0,0,0,0,0,0,0,0,0,0,0,0,0,0,0,0,0,0,0,0,0,0,0,0,0,0,0,0,0,0,0,0,0,0,0,0,0,0,0,0,0,1,0,0,0,0,0,0,0,0,0,0
Bad Blood (Taylor's Version) — Taylor Swift,Bad Blood (Taylor's Version),Taylor Swift,3.7182166666666667,2021-11-12,2023-11-11,7,7,3,0,0,0,0,0,0,0,0,0,0,0,0,0,0,0,0,0,0,0,0,0,0,0,0,0,0,0,0,0,0,0,0,0,0,0,0,0,0,0,0,0,0,1,0,0,0,0,0,0,0,0,0,0
Style (Taylor's Version) — Taylor Swift,Style (Taylor's Version),Taylor Swift,3.8492333333333333,2021-11-12,2023-11-11,9,9,4,0,0,0,0,0,0,0,0,0,0,0,0,0,0,0,0,0,0,0,0,0,0,0,0,0,0,0,0,0,0,0,0,0,0,0,0,0,0,0,0,0,0,1,0,0,0,0,0,0,0,0,0,0
Suburban Legends (Taylor's Version) [From The Vault] — Taylor Swift,Suburban Legends (Taylor's Version) [From The Vault],Taylor Swift,4.950333333333333,2021-11-12,2023-11-11,10,10,3,0,0,0,0,0,0,0,0,0,0,0,0,0,0,0,0,0,0,0,0,0,0,0,0,0,0,0,0,0,0,0,0,0,0,0,0,0,0,0,0,0,0,1,0,0,0,0,0,0,0,0,0,0
Blank Space (Taylor's Version) — Taylor Swift,Blank Space (Taylor's Version),Taylor Swift,3.8492333333333333,2021-11-12,2023-11-11,12,12,3,0,0,0,0,0,0,0,0,0,0,0,0,0,0,0,0,0,0,0,0,0,0,0,0,0,0,0,0,0,0,0,0,0,0,0,0,0,0,0,0,0,0,1,0,0,0,0,0,0,0,0,0,0
Welcome To New York (Taylor's Version) — Taylor Swift,Welcome To New York (Taylor's Version),Taylor Swift,4.9031666666666665,2023-07-07,2023-11-11,14,14,2,0,0,0,0,0,0,0,0,0,0,0,0,0,0,0,0,0,0,0,0,0,0,0,0,0,0,0,0,0,0,0,0,0,0,0,0,0,0,0,0,0,0,1,0,0,0,0,0,0,0,0,0,0
Out Of The Woods (Taylor's Version) — Taylor Swift,Out Of The Woods (Taylor's Version),Taylor Swift,3.7182166666666667,2021-11-12,2023-11-11,16,16,3,0,0,0,0,0,0,0,0,0,0,0,0,0,0,0,0,0,0,0,0,0,0,0,0,0,0,0,0,0,0,0,0,0,0,0,0,0,0,0,0,0,0,1,0,0,0,0,0,0,0,0,0,0
All You Had To Do Was Stay (Taylor's Version) — Taylor Swift,All You Had To Do Was Stay (Taylor's Version),Taylor Swift,5.486,2021-11-12,2023-11-11,20,20,2,0,0,0,0,0,0,0,0,0,0,0,0,0,0,0,0,0,0,0,0,0,0,0,0,0,0,0,0,0,0,0,0,0,0,0,0,0,0,0,0,0,0,1,0,0,0,0,0,0,0,0,0,0
Shake It Off (Taylor's Version) — Taylor Swift,Shake It Off (Taylor's Version),Taylor Swift,5.486,2021-11-12,2023-11-11,28,28,2,0,0,0,0,0,0,0,0,0,0,0,0,0,0,0,0,0,0,0,0,0,0,0,0,0,0,0,0,0,0,0,0,0,0,0,0,0,0,0,0,0,0,1,0,0,0,0,0,0,0,0,0,0
New Romantics (Taylor's Version) — Taylor Swift,New Romantics (Taylor's Version),Taylor Swift,3.8492333333333333,2021-11-12,2023-11-11,29,29,2,0,0,0,0,0,0,0,0,0,0,0,0,0,0,0,0,0,0,0,0,0,0,0,0,0,0,0,0,0,0,0,0,0,0,0,0,0,0,0,0,0,0,1,0,0,0,0,0,0,0,0,0,0
Clean (Taylor's Version) — Taylor Swift,Clean (Taylor's Version),Taylor Swift,3.8492333333333333,2021-11-12,2023-11-11,30,30,2,0,0,0,0,0,0,0,0,0,0,0,0,0,0,0,0,0,0,0,0,0,0,0,0,0,0,0,0,0,0,0,0,0,0,0,0,0,0,0,0,0,0,1,0,0,0,0,0,0,0,0,0,0
I Wish You Would (Taylor's Version) — Taylor Swift,I Wish You Would (Taylor's Version),Taylor Swift,5.486,2021-11-12,2023-11-11,31,31,1,0,0,0,0,0,0,0,0,0,0,0,0,0,0,0,0,0,0,0,0,0,0,0,0,0,0,0,0,0,0,0,0,0,0,0,0,0,0,0,0,0,0,1,0,0,0,0,0,0,0,0,0,0
I Know Places (Taylor's Version) — Taylor Swift,I Know Places (Taylor's Version),Taylor Swift,3.6627,2021-11-12,2023-11-11,36,36,1,0,0,0,0,0,0,0,0,0,0,0,0,0,0,0,0,0,0,0,0,0,0,0,0,0,0,0,0,0,0,0,0,0,0,0,0,0,0,0,0,0,0,1,0,0,0,0,0,0,0,0,0,0
Wonderland (Taylor's Version) — Taylor Swift,Wonderland (Taylor's Version),Taylor Swift,3.8492333333333333,2021-11-12,2023-11-11,39,39,1,0,0,0,0,0,0,0,0,0,0,0,0,0,0,0,0,0,0,0,0,0,0,0,0,0,0,0,0,0,0,0,0,0,0,0,0,0,0,0,0,0,0,1,0,0,0,0,0,0,0,0,0,0
How You Get The Girl (Taylor's Version) — Taylor Swift,How You Get The Girl (Taylor's Version),Taylor Swift,3.6627,2021-11-12,2023-11-11,40,40,1,0,0,0,0,0,0,0,0,0,0,0,0,0,0,0,0,0,0,0,0,0,0,0,0,0,0,0,0,0,0,0,0,0,0,0,0,0,0,0,0,0,0,1,0,0,0,0,0,0,0,0,0,0
This Is Halloween — The Citizens of Halloween,This Is Halloween,The Citizens of Halloween,3.276,1993-01-01,2023-11-11,41,38,2,0,0,0,0,0,0,0,0,0,0,1,0,0,0,0,0,0,0,0,0,0,0,0,0,0,0,0,0,0,0,0,0,0,0,0,0,0,0,0,0,0,0,0,0,0,0,0,0,0,1,0,0,0
You Are In Love (Taylor's Version) — Taylor Swift,You Are In Love (Taylor's Version),Taylor Swift,5.486,2021-11-12,2023-11-11,43,43,1,0,0,0,0,0,0,0,0,0,0,0,0,0,0,0,0,0,0,0,0,0,0,0,0,0,0,0,0,0,0,0,0,0,0,0,0,0,0,0,0,0,0,1,0,0,0,0,0,0,0,0,0,0
World On Fire — Nate Smith,World On Fire,Nate Smith,3.16645,2023-04-28,2023-11-11,92,21,20,0,0,0,0,0,0,0,0,0,0,0,0,0,0,0,0,0,0,1,0,0,0,0,0,0,0,0,0,0,0,0,0,0,0,0,0,0,0,0,0,0,0,0,0,0,0,0,0,0,0,0,0,0
Standing Next To You — Jung Kook,Standing Next To You,Jung Kook,3.433666666666667,2023-11-03,2023-11-18,5,5,19,0,0,0,0,0,0,0,0,0,0,0,0,0,0,0,0,0,0,0,0,0,0,0,0,0,0,0,0,0,0,0,0,0,0,1,0,0,0,0,0,0,0,1,0,0,0,0,0,0,0,0,0,0
Now And Then — The Beatles,Now And Then,The Beatles,4.138883333333333,2010-11-16,2023-11-18,7,7,2,0,0,0,0,0,0,0,0,0,0,0,0,0,0,0,0,0,0,0,0,0,0,0,0,0,0,0,0,0,0,0,0,0,0,0,0,0,0,0,0,0,0,0,0,0,0,0,1,0,0,0,0,0
Cobra — Megan Thee Stallion,Cobra,Megan Thee Stallion,2.81555,2023-11-03,2023-11-18,32,32,2,0,0,0,0,0,0,0,0,0,0,0,0,0,0,0,0,0,0,0,0,0,0,0,0,0,0,0,0,1,0,0,0,0,0,0,0,0,0,0,0,0,0,0,0,0,0,0,0,0,0,0,0,0
Can't Catch Me Now — Olivia Rodrigo,Can't Catch Me Now,Olivia Rodrigo,,,2023-11-18,56,56,12,0,0,0,0,0,0,0,0,0,0,0,0,0,0,0,0,0,0,0,0,0,0,0,0,0,0,0,0,0,0,0,0,0,0,0,0,0,0,0,0,0,0,0,0,0,0,0,0,0,0,0,0,0
Bleed — The Kid LAROI,Bleed,The Kid LAROI,2.8594333333333335,2023-11-03,2023-11-18,97,97,1,0,0,0,0,0,0,0,0,0,0,0,0,0,0,0,0,0,0,0,0,0,0,0,0,0,0,0,0,0,0,0,0,0,0,0,0,0,0,0,0,0,0,1,0,0,0,0,0,0,0,0,0,0
Lovin On Me — Jack Harlow,Lovin On Me,Jack Harlow,2.30685,2023-11-10,2023-11-25,2,1,38,0,0,0,0,0,0,0,0,0,0,0,0,0,0,0,0,0,0,0,0,0,0,0,0,0,0,0,0,1,0,0,0,0,0,0,0,0,0,0,0,0,0,0,0,0,0,0,0,0,0,0,0,0
Houdini — Dua Lipa,Houdini,Dua Lipa,3.0986333333333334,2023-11-09,2023-11-25,11,11,23,0,0,0,0,0,0,0,0,0,0,0,0,0,0,0,0,0,0,0,0,0,0,0,0,0,0,0,0,0,0,0,0,0,0,0,0,0,0,0,0,0,0,1,0,0,0,0,0,0,0,0,0,0
LALALALA — Stray Kids,LALALALA,Stray Kids,3.0370666666666666,2023-11-10,2023-11-25,90,90,1,0,0,0,0,0,0,0,0,0,0,0,0,0,0,0,0,0,0,0,0,0,0,0,0,0,0,0,0,0,0,0,0,0,0,1,0,0,0,0,0,0,0,1,0,0,0,0,0,0,0,0,0,0
Smurk Carter — Lil Durk,Smurk Carter,Lil Durk,3.6319,2023-11-10,2023-11-25,95,95,1,0,0,0,0,0,0,0,0,0,0,0,0,0,0,0,0,0,0,0,0,0,0,0,0,0,0,0,0,1,0,0,0,0,0,0,0,0,0,0,0,0,0,0,0,0,1,0,0,0,0,0,0,0
Soak City (Do It) — 310babii,Soak City (Do It),310babii,1.9022666666666668,2023-06-03,2023-11-25,100,68,3,0,0,0,0,0,0,0,0,0,0,0,0,0,0,0,0,0,0,0,0,0,0,0,0,0,0,0,0,1,0,0,0,0,0,0,0,0,0,0,0,0,0,0,0,0,0,0,0,0,0,0,0,0
You Broke My Heart — Drake,You Broke My Heart,Drake,3.84515,2023-11-17,2023-12-02,11,11,19,0,0,0,0,0,0,0,0,0,0,0,0,0,0,0,0,0,0,0,0,0,0,0,0,0,0,0,0,1,0,0,0,0,0,0,0,0,0,0,0,0,0,0,0,0,0,0,0,0,0,0,0,0
Exes — Tate McRae,Exes,Tate McRae,2.6566833333333335,2023-11-17,2023-12-02,34,34,20,0,0,0,0,0,0,1,0,0,0,0,0,0,0,0,0,0,0,0,0,0,0,0,0,0,0,0,0,0,0,0,0,0,0,0,0,0,0,0,0,0,0,1,0,0,0,0,0,0,0,0,0,0
Red Button — Drake,Red Button,Drake,2.667483333333333,2023-11-17,2023-12-02,51,51,1,0,0,0,0,0,0,0,0,0,0,0,0,0,0,0,0,0,0,0,0,0,0,0,0,0,0,0,0,1,0,0,0,0,0,0,0,0,0,0,0,0,0,0,0,0,0,0,0,0,0,0,0,0
The Shoe Fits — Drake,The Shoe Fits,Drake,6.233766666666667,2023-11-17,2023-12-02,52,52,1,0,0,0,0,0,0,0,0,0,0,0,0,0,0,0,0,0,0,0,0,0,0,0,0,0,0,0,0,1,0,0,0,0,0,0,0,0,0,0,0,0,0,0,0,0,0,0,0,0,0,0,0,0
Stories About My Brother — Drake,Stories About My Brother,Drake,4.402166666666667,2023-11-17,2023-12-02,58,58,1,0,0,0,0,0,0,0,0,0,0,0,0,0,0,0,0,0,0,0,0,0,0,0,0,0,0,0,0,1,0,0,0,0,0,0,0,0,0,0,0,0,0,0,0,0,0,0,0,0,0,0,0,0
Wick Man — Drake,Wick Man,Drake,3.023816666666667,2023-11-17,2023-12-02,71,71,1,0,0,0,0,0,0,0,0,0,0,0,0,0,0,0,0,0,0,0,0,0,0,0,0,0,0,0,0,1,0,0,0,0,0,0,0,0,0,0,0,0,0,0,0,0,0,0,0,0,0,0,0,0
Where The Wild Things Are — Luke Combs,Where The Wild Things Are,Luke Combs,3.9924166666666667,2023-03-24,2023-12-02,84,26,22,0,0,0,0,0,0,0,0,0,0,0,0,0,0,0,0,0,0,1,0,0,0,0,0,0,0,0,0,0,0,0,0,0,0,0,0,0,0,0,0,0,0,0,0,0,0,0,0,0,0,0,0,0
"I Swear, I Really Wanted To Make A ""Rap"" Album But... — Andre 3000","I Swear, I Really Wanted To Make A ""Rap"" Album But...",Andre 3000,,,2023-12-02,90,90,1,0,0,0,0,0,0,0,0,0,0,0,0,0,0,0,0,0,0,0,0,0,0,0,0,0,0,0,0,0,0,0,0,0,0,0,0,0,0,0,0,0,0,0,0,0,0,0,0,0,0,0,0,0
You're Losing Me — Taylor Swift,You're Losing Me,Taylor Swift,,,2023-12-09,46,46,1,0,0,0,0,0,0,0,0,0,0,0,0,0,0,0,0,0,0,0,0,0,0,0,0,0,0,0,0,0,0,0,0,0,0,0,0,0,0,0,0,0,0,0,0,0,0,0,0,0,0,0,0,0
My House — Beyonce,My House,Beyonce,4.38235,2023-12-01,2023-12-16,57,57,1,0,0,0,0,0,0,0,0,0,0,0,0,0,0,0,0,0,0,0,1,0,0,0,0,0,0,0,0,0,0,0,0,0,0,0,0,0,0,0,0,0,0,1,0,0,0,0,0,0,0,0,0,0
Mmhmm — BigXthaPlug,Mmhmm,BigXthaPlug,1.9837833333333332,2023-10-06,2023-12-16,93,63,20,0,0,0,0,0,0,0,0,0,0,0,0,0,0,0,0,0,0,0,0,0,0,0,0,0,0,0,0,1,0,0,0,0,0,0,0,0,0,0,0,0,0,0,0,0,0,0,0,0,0,0,0,0
Feather — Sabrina Carpenter,Feather,Sabrina Carpenter,2.5514666666666668,2023-08-04,2023-12-16,100,21,37,0,0,0,0,0,0,0,0,0,0,0,0,0,0,0,0,0,0,0,0,0,0,0,0,0,0,0,0,0,0,0,0,0,0,0,0,0,0,0,0,0,0,1,0,0,0,0,0,0,0,0,0,0
FTCU — Nicki Minaj,FTCU,Nicki Minaj,2.8689666666666667,2023-12-08,2023-12-23,42,15,20,0,0,0,0,0,0,0,0,0,0,0,0,0,0,0,0,0,0,0,0,0,0,0,0,0,0,0,0,1,0,0,0,0,0,0,0,0,0,0,0,0,0,0,0,0,0,0,0,0,0,0,0,0
Barbie Dangerous — Nicki Minaj,Barbie Dangerous,Nicki Minaj,2.2133166666666666,2023-12-08,2023-12-23,58,58,1,0,0,0,0,0,0,0,0,0,0,0,0,0,0,0,0,0,0,0,0,0,0,0,0,0,0,0,0,1,0,0,0,0,0,0,0,0,0,0,0,0,0,0,0,0,0,0,0,0,0,0,0,0
Are You Gone Already — Nicki Minaj,Are You Gone Already,Nicki Minaj,4.514333333333333,2023-12-08,2023-12-23,60,60,1,0,0,0,0,0,0,0,0,0,0,0,0,0,0,0,0,0,0,0,0,0,0,0,0,0,0,0,0,1,0,0,0,0,0,0,0,0,0,0,0,0,0,0,0,0,0,0,0,0,0,0,0,0
Beep Beep — Nicki Minaj,Beep Beep,Nicki Minaj,1.5903666666666667,2023-12-08,2023-12-23,64,64,2,0,0,0,0,0,0,0,0,0,0,0,0,0,0,0,0,0,0,0,0,0,0,0,0,0,0,0,0,1,0,0,0,0,0,0,0,0,0,0,0,0,0,0,0,0,0,0,0,0,0,0,0,0
Run For The Hills — Tate McRae,Run For The Hills,Tate McRae,2.399,2023-12-08,2023-12-23,69,69,4,0,0,0,0,0,0,1,0,0,0,0,0,0,0,0,0,0,0,0,0,0,0,0,0,0,0,0,0,0,0,0,0,0,0,0,0,0,0,0,0,0,0,1,0,0,0,0,0,0,0,0,0,0
Big Difference — Nicki Minaj,Big Difference,Nicki Minaj,3.18625,2023-12-08,2023-12-23,73,73,1,0,0,0,0,0,0,0,0,0,0,0,0,0,0,0,0,0,0,0,0,0,0,0,0,0,0,0,0,1,0,0,0,0,0,0,0,0,0,0,0,0,0,0,0,0,0,0,0,0,0,0,0,0
Fallin 4 U — Nicki Minaj,Fallin 4 U,Nicki Minaj,3.8438166666666667,2023-12-08,2023-12-23,74,74,1,0,0,0,0,0,0,0,0,0,0,0,0,0,0,0,0,0,0,0,0,0,0,0,0,0,0,0,0,1,0,0,0,0,0,0,0,0,0,0,0,0,0,0,0,0,0,0,0,0,0,0,0,0
Pink Friday Girls — Nicki Minaj,Pink Friday Girls,Nicki Minaj,2.77165,2023-12-08,2023-12-23,82,82,1,0,0,0,0,0,0,0,0,0,0,0,0,0,0,0,0,0,0,0,0,0,0,0,0,0,0,0,0,1,0,0,0,0,0,0,0,0,0,0,0,0,0,0,0,0,0,0,0,0,0,0,0,0
Pink Birthday — Nicki Minaj,Pink Birthday,Nicki Minaj,2.1333333333333333,2023-12-08,2023-12-23,89,89,1,0,0,0,0,0,0,0,0,0,0,0,0,0,0,0,0,0,0,0,0,0,0,0,0,0,0,0,0,1,0,0,0,0,0,0,0,0,0,0,0,0,0,0,0,0,0,0,0,0,0,0,0,0
Bahm Bahm — Nicki Minaj,Bahm Bahm,Nicki Minaj,2.36145,2023-10-13,2023-12-23,95,95,1,0,0,0,0,0,0,0,0,0,0,0,0,0,0,0,0,0,0,0,0,0,0,0,0,0,0,0,0,1,0,0,0,0,0,0,0,0,0,0,0,0,0,0,0,0,0,0,0,0,0,0,0,0
La Diabla — Xavi,La Diabla,Xavi,2.8710666666666667,2023-11-30,2023-12-30,76,20,20,0,0,0,0,0,0,0,0,0,0,0,0,0,0,0,0,0,0,0,0,0,0,0,0,0,0,0,0,0,0,0,0,0,0,0,1,0,0,1,0,0,0,0,0,0,0,0,0,0,0,0,0,0
Jingle Bells — Meghan Trainor,Jingle Bells,Meghan Trainor,2.2664333333333335,2023-11-05,2023-12-30,81,78,4,0,0,0,0,0,0,0,0,0,0,0,0,0,0,0,0,0,0,0,0,0,0,0,0,0,0,0,0,0,1,0,0,0,0,0,0,0,0,0,0,0,0,0,0,0,0,0,0,0,0,0,0,0
Crazy — Lil Baby,Crazy,Lil Baby,3.2,2023-12-15,2023-12-30,83,83,1,0,0,0,0,0,0,0,0,0,0,0,0,0,0,0,0,0,0,0,0,0,0,0,0,0,0,0,0,1,0,0,0,0,0,0,0,0,0,0,0,0,0,0,0,0,0,0,0,0,0,0,0,0
Never Lose Me — Flo Milli,Never Lose Me,Flo Milli,2.0983666666666667,2023-11-30,2023-12-30,84,15,21,0,0,0,0,0,0,0,0,0,0,0,0,0,0,0,0,0,0,0,0,0,0,0,0,0,0,0,0,1,0,0,0,0,0,0,0,0,0,0,0,0,0,0,0,0,0,0,0,0,0,0,0,0
Mind On You — George Birge,Mind On You,George Birge,2.965333333333333,2021-11-05,2023-12-30,88,62,4,0,0,0,0,0,0,0,0,0,0,0,0,0,0,0,0,0,0,1,0,0,0,0,0,0,0,0,0,0,0,0,0,0,0,0,0,0,0,0,0,0,0,0,0,0,0,0,0,0,0,0,0,0
La Victima — Xavi,La Victima,Xavi,2.605766666666667,2023-08-17,2023-12-30,91,46,15,0,0,0,0,0,0,0,0,0,0,0,0,0,0,0,0,0,0,0,0,0,0,0,0,0,0,0,0,0,0,0,0,0,0,0,1,0,0,1,0,0,0,0,0,0,0,0,0,0,0,0,0,0
Wondering Why — The Red Clay Strays,Wondering Why,The Red Clay Strays,3.8819666666666666,2022-03-09,2023-12-30,93,71,20,0,0,0,0,0,0,0,0,0,0,0,0,0,0,0,0,0,0,1,0,0,0,0,0,0,0,0,0,0,0,0,0,0,0,0,0,0,0,0,0,0,0,0,0,0,0,0,0,0,0,0,0,0
DJ Play A Christmas Song — Cher,DJ Play A Christmas Song,Cher,3.485116666666667,2023-10-06,2023-12-30,94,90,2,0,0,0,0,0,0,0,0,0,0,0,0,0,0,0,0,0,0,0,0,0,0,0,0,0,0,0,0,0,1,0,0,0,0,0,0,0,0,0,0,0,0,1,0,0,0,0,0,0,0,0,0,0
Winter Wonderland — Chloe,Winter Wonderland,Chloe,2.1149833333333334,2015-12-08,2023-12-30,96,87,2,0,0,0,0,0,0,0,0,0,0,0,0,0,0,0,0,0,0,0,0,0,0,0,0,0,0,0,0,0,0,0,0,0,0,0,0,0,0,0,0,0,0,1,0,0,0,0,0,0,0,0,0,0
I Saw Mommy Kissing Santa Claus — Jackson 5,I Saw Mommy Kissing Santa Claus,Jackson 5,3.0316666666666667,1970-10-01,2024-01-06,43,43,1,0,0,0,0,0,0,0,0,0,0,0,0,0,0,0,0,0,0,0,0,0,0,0,0,0,0,0,0,0,1,0,0,0,0,0,0,0,0,0,0,0,0,0,0,0,0,0,0,0,0,0,0,0
I Can Feel It — Kane Brown,I Can Feel It,Kane Brown,2.7266666666666666,2024-09-21,2024-01-13,59,50,13,0,0,0,0,0,0,0,0,0,0,0,0,0,0,0,0,0,0,1,0,0,0,0,0,0,0,0,0,0,0,0,0,0,0,0,0,0,0,0,0,0,0,0,0,0,0,0,0,0,0,0,0,0
23 — Chayce Beckham,23,Chayce Beckham,3.1151166666666668,2021-05-22,2024-01-13,71,45,20,0,0,0,0,0,0,0,0,0,0,0,0,0,0,0,0,0,0,1,0,0,0,0,0,0,0,0,0,0,0,0,0,0,0,0,0,0,0,0,0,0,0,0,0,0,0,0,0,0,0,0,0,0
Murder On The Dancefloor — Sophie Ellis-Bextor,Murder On The Dancefloor,Sophie Ellis-Bextor,3.8566666666666665,2001-08-27,2024-01-13,98,51,12,0,0,0,0,0,0,0,0,0,0,0,0,0,0,0,0,0,0,0,0,0,0,0,0,0,0,0,0,0,0,0,0,0,0,0,0,0,0,0,0,0,0,1,0,0,0,0,0,0,0,0,0,0
Wildflowers And Wild Horses — Lainey Wilson,Wildflowers And Wild Horses,Lainey Wilson,3.60955,2023-11-10,2024-01-13,100,48,16,0,0,0,0,0,0,0,0,0,0,0,0,0,0,0,0,0,0,1,0,0,0,0,0,0,0,0,0,0,0,0,0,0,0,0,0,0,0,0,0,0,0,0,0,0,0,0,0,0,0,0,0,0
Act II: Date @ 8 — 4Batz,Act II: Date @ 8,4Batz,1.89475,2023-12-15,2024-01-20,77,59,9,0,0,0,0,0,0,0,0,0,0,0,0,0,0,0,0,0,0,0,0,0,0,0,0,0,0,0,0,0,0,0,0,0,0,0,0,0,0,0,0,0,0,0,0,1,0,0,0,0,0,0,0,0
Coal — Dylan Gossett,Coal,Dylan Gossett,3.240666666666667,2023-07-27,2024-01-20,89,73,11,0,0,0,0,0,0,0,0,0,0,0,0,0,0,0,0,0,0,1,0,0,0,0,0,0,0,0,0,0,0,0,0,0,0,0,0,0,0,0,0,0,0,0,0,0,0,0,0,0,0,0,0,0
When It Comes To You — Fridayy,When It Comes To You,Fridayy,2.80125,2023-07-21,2024-01-20,98,97,2,0,0,0,0,0,0,0,0,0,0,0,0,0,0,0,0,0,0,0,0,0,0,0,0,0,0,0,0,0,0,0,0,0,0,0,0,0,0,0,0,0,0,0,0,1,0,0,0,0,0,0,0,0
"Yes, And? — Ariana Grande","Yes, And?",Ariana Grande,3.5832333333333333,2024-01-12,2024-01-27,1,1,13,0,0,0,0,0,0,0,0,0,0,0,0,0,0,0,0,0,0,0,0,0,0,0,0,0,0,0,0,0,0,0,0,0,0,0,0,0,0,0,0,0,0,1,0,0,0,0,0,0,0,0,0,0
Redrum — 21 Savage,Redrum,21 Savage,5.075583333333333,2024-01-13,2024-01-27,5,5,20,0,0,0,0,0,0,0,0,0,0,0,0,0,0,0,0,0,0,0,0,0,0,0,0,0,0,0,0,1,0,0,0,0,0,0,0,0,0,0,0,0,0,0,0,0,0,0,0,0,0,0,0,0
All Of Me — 21 Savage,All Of Me,21 Savage,3.304883333333333,2024-01-12,2024-01-27,18,18,4,0,0,0,0,0,0,0,0,0,0,0,0,0,0,0,0,0,0,0,0,0,0,0,0,0,0,0,0,1,0,0,0,0,0,0,0,0,0,0,0,0,0,0,0,0,0,0,0,0,0,0,0,0
Sneaky — 21 Savage,Sneaky,21 Savage,3.3612,2024-01-12,2024-01-27,33,33,3,0,0,0,0,0,0,0,0,0,0,0,0,0,0,0,0,0,0,0,0,0,0,0,0,0,0,0,0,1,0,0,0,0,0,0,0,0,0,0,0,0,0,0,0,0,0,0,0,0,0,0,0,0
Letter To My Brudda — 21 Savage,Letter To My Brudda,21 Savage,2.652233333333333,2024-01-12,2024-01-27,59,59,1,0,0,0,0,0,0,0,0,0,0,0,0,0,0,0,0,0,0,0,0,0,0,0,0,0,0,0,0,1,0,0,0,0,0,0,0,0,0,0,0,0,0,0,0,0,0,0,0,0,0,0,0,0
See The Real — 21 Savage,See The Real,21 Savage,,,2024-01-27,66,66,1,0,0,0,0,0,0,0,0,0,0,0,0,0,0,0,0,0,0,0,0,0,0,0,0,0,0,0,0,0,0,0,0,0,0,0,0,0,0,0,0,0,0,0,0,0,0,0,0,0,0,0,0,0
J Christ — Lil Nas X,J Christ,Lil Nas X,2.5627833333333334,2024-01-12,2024-01-27,69,69,1,0,0,0,0,0,0,0,0,0,0,0,0,0,0,0,0,0,0,0,0,0,0,0,0,0,0,0,0,0,0,0,0,0,0,0,0,0,0,0,0,0,0,1,0,0,0,0,0,0,0,0,0,0
02.02.99 — That Mexican OT,02.02.99,That Mexican OT,2.7027,2024-01-09,2024-01-27,88,74,3,0,0,0,0,0,0,0,0,0,0,0,0,0,0,0,0,0,0,0,0,0,0,0,0,0,0,0,0,1,0,0,0,0,0,0,0,0,0,0,0,0,0,0,0,0,0,0,0,0,0,0,0,0
Made For Me — Muni Long,Made For Me,Muni Long,3.1333333333333333,2023-09-15,2024-01-27,93,20,22,0,0,0,0,0,0,0,0,0,0,0,0,0,0,0,0,0,0,0,0,0,0,0,0,0,0,0,0,0,0,0,0,0,0,0,0,0,0,0,0,0,0,0,0,1,0,0,0,0,0,0,0,0
Beautiful Things — Benson Boone,Beautiful Things,Benson Boone,2.571283333333333,2024-01-18,2024-02-03,15,2,81,0,0,0,0,0,0,0,0,0,0,0,0,0,0,0,0,0,0,0,0,0,0,0,0,0,0,0,0,0,0,0,0,0,0,0,0,0,0,0,0,0,0,1,0,0,0,0,0,0,0,0,0,0
No Caller ID — Megan Moroney,No Caller ID,Megan Moroney,3.4793166666666666,2024-01-19,2024-02-03,58,58,2,0,0,0,0,0,0,0,0,0,0,0,0,0,0,0,0,0,0,1,0,0,0,0,0,0,0,0,0,0,0,0,0,0,0,0,0,0,0,0,0,0,0,0,0,0,0,0,0,0,0,0,0,0
Skin And Bones — David Kushner,Skin And Bones,David Kushner,3.5772,2024-01-19,2024-02-03,70,70,1,0,0,0,0,0,0,0,0,0,0,0,0,0,0,0,0,0,0,0,0,0,0,0,0,0,0,0,0,0,0,0,0,0,0,0,0,0,0,0,0,0,0,1,0,0,0,0,0,0,0,0,0,0
Hiss — Megan Thee Stallion,Hiss,Megan Thee Stallion,3.21365,2024-01-26,2024-02-10,1,1,6,0,0,0,0,0,0,0,0,0,0,0,0,0,0,0,0,0,0,0,0,0,0,0,0,0,0,0,0,1,0,0,0,0,0,0,0,0,0,0,0,0,0,0,0,0,1,0,0,0,0,0,0,0
Selfish — Justin Timberlake,Selfish,Justin Timberlake,3.8222,2024-01-25,2024-02-10,19,19,13,0,0,0,0,0,0,0,0,0,0,0,0,0,0,0,0,0,0,0,0,0,0,0,0,0,0,0,0,0,0,0,0,0,0,0,0,0,0,0,0,0,0,1,0,0,0,0,0,0,0,0,0,0
Big Foot — Nicki Minaj,Big Foot,Nicki Minaj,4.371133333333334,2024-01-29,2024-02-10,23,23,1,0,0,0,0,0,0,0,0,0,0,0,0,0,0,0,0,0,0,0,0,0,0,0,0,0,0,0,0,1,0,0,0,0,0,0,0,0,0,0,0,0,0,0,0,0,0,0,0,0,0,0,0,0
Spin You Around (1/24) — Morgan Wallen,Spin You Around (1/24),Morgan Wallen,3.49045,2024-01-26,2024-02-10,24,24,20,0,0,0,0,0,0,0,0,0,0,0,0,0,0,0,0,0,0,1,0,0,0,0,0,0,0,0,0,0,0,0,0,0,0,0,0,0,0,0,0,0,0,0,0,0,0,0,0,0,0,0,0,0
Think U The Shit (Fart) — Ice Spice,Think U The Shit (Fart),Ice Spice,2.36065,2024-01-26,2024-02-10,37,37,6,0,0,0,0,0,0,0,0,0,0,0,0,0,0,0,0,0,0,0,0,0,0,0,0,0,0,0,0,1,0,0,0,0,0,0,0,0,0,0,0,0,0,0,0,0,0,0,0,0,0,0,0,0
Praise Jah In The Moonlight — YG Marley,Praise Jah In The Moonlight,YG Marley,4.384,2023-12-27,2024-02-10,74,34,13,0,0,0,0,0,0,0,0,0,0,0,0,0,0,0,0,0,0,0,0,0,0,0,0,0,0,0,0,0,0,0,0,0,0,0,0,0,0,0,0,0,0,0,0,0,0,1,0,0,0,0,0,0
Home — Good Neighbours,Home,Good Neighbours,2.6247666666666665,2024-01-17,2024-02-10,77,77,11,0,0,0,0,0,0,1,0,0,0,0,0,0,0,0,0,0,0,0,0,0,0,0,0,0,0,0,0,0,0,0,0,0,0,0,0,0,0,0,0,0,0,0,0,0,0,0,0,0,0,0,0,0
One Call — Rich Amiri,One Call,Rich Amiri,2.0233166666666667,2023-09-15,2024-02-10,79,60,10,0,0,0,0,0,0,0,0,0,0,0,0,0,0,0,0,0,0,0,0,0,0,0,0,0,0,0,0,1,0,0,0,0,0,0,0,0,0,0,0,0,0,0,0,0,0,0,0,0,0,0,0,0
Creek Will Rise — Conner Smith,Creek Will Rise,Conner Smith,2.82155,2023-02-24,2024-02-10,89,89,2,0,0,0,0,0,0,0,0,0,0,0,0,0,0,0,0,0,0,1,0,0,0,0,0,0,0,0,0,0,0,0,0,0,0,0,0,0,0,0,0,0,0,0,0,0,0,0,0,0,0,0,0,0
All I Need Is You — Chris Janson,All I Need Is You,Chris Janson,2.70575,2023-05-05,2024-02-10,98,98,1,0,0,0,0,0,0,0,0,0,0,0,0,0,0,0,0,0,0,1,0,0,0,0,0,0,0,0,0,0,0,0,0,0,0,0,0,0,0,0,0,0,0,0,0,0,0,0,0,0,0,0,0,0
Bandit — Don Toliver,Bandit,Don Toliver,2.46245,2024-01-31,2024-02-17,38,38,18,0,0,0,0,0,0,0,0,0,0,0,0,0,0,0,0,0,0,0,0,0,0,0,0,0,0,0,0,1,0,0,0,0,0,0,0,0,0,0,0,0,0,0,0,0,0,0,0,0,0,0,0,0
Turn The Lights Back On — Billy Joel,Turn The Lights Back On,Billy Joel,3.9823166666666667,2024-01-02,2024-02-17,62,62,1,0,0,0,0,0,0,0,0,0,0,0,0,0,0,0,0,0,0,0,0,0,0,0,0,0,0,0,0,0,0,0,0,0,0,0,0,0,0,0,0,0,0,1,0,0,0,0,0,0,0,0,0,0
Get In With Me — BossMan Dlow,Get In With Me,BossMan Dlow,2.0132166666666667,2024-01-19,2024-02-17,68,49,12,0,0,0,0,0,0,0,0,0,0,0,0,0,0,0,0,0,0,0,0,0,0,0,0,0,0,0,0,1,0,0,0,0,0,0,0,0,0,0,0,0,0,0,0,0,1,0,0,0,0,0,0,0
A Cold Sunday — Lil Yachty,A Cold Sunday,Lil Yachty,1.7885666666666666,2024-02-02,2024-02-17,87,87,1,0,0,0,0,0,0,0,0,0,0,0,0,0,0,0,0,0,0,0,0,0,0,0,0,0,0,0,0,1,0,0,0,0,0,0,0,0,0,0,0,0,0,0,0,0,0,0,0,0,0,0,0,0
Scared To Start — Michael Marcagi,Scared To Start,Michael Marcagi,2.6606,2024-01-12,2024-02-17,98,54,23,0,0,0,0,0,0,1,0,0,0,0,0,0,0,0,0,0,0,0,0,0,0,0,0,0,0,0,0,0,0,0,0,0,0,0,0,0,0,0,0,0,0,0,0,0,0,0,0,0,0,0,0,0
Texas Hold 'Em — Beyonce,Texas Hold 'Em,Beyonce,3.89095,2024-02-11,2024-02-24,2,1,20,0,0,0,0,0,0,0,0,0,0,0,0,0,0,0,0,0,0,1,0,0,0,0,0,0,0,0,0,0,0,0,0,0,0,0,0,0,0,0,0,0,0,0,0,0,0,0,0,0,0,0,0,0
Forever — Noah Kahan,Forever,Noah Kahan,4.472566666666666,2024-02-09,2024-02-24,28,28,4,0,0,0,0,0,0,1,0,0,0,0,0,0,0,0,0,0,0,0,0,0,0,0,0,0,0,0,0,0,0,0,0,0,0,0,0,0,0,0,0,0,0,0,0,0,0,0,0,0,0,0,0,0
16 Carriages — Beyonce,16 Carriages,Beyonce,3.7875,2024-02-11,2024-02-24,38,38,6,0,0,0,0,0,0,0,0,0,0,0,0,0,0,0,0,0,0,1,0,0,0,0,0,0,0,0,0,0,0,0,0,0,0,0,0,0,0,0,0,0,0,0,0,0,0,0,0,0,0,0,0,0
You're Gonna Go Far — Noah Kahan,You're Gonna Go Far,Noah Kahan,4.989683333333334,2024-08-30,2024-02-24,86,86,1,0,0,0,0,0,0,1,0,0,0,0,0,0,0,0,0,0,0,0,0,0,0,0,0,0,0,0,0,0,0,0,0,0,0,0,0,0,0,0,0,0,0,0,0,0,0,0,0,0,0,0,0,0
Yeah Glo! — GloRilla,Yeah Glo!,GloRilla,2.3783833333333333,2024-02-08,2024-02-24,89,28,25,0,0,0,0,0,0,0,0,0,0,0,0,0,0,0,0,0,0,0,0,0,0,0,0,0,0,0,0,1,0,0,0,0,0,0,0,0,0,0,0,0,0,0,0,0,0,0,0,0,0,0,0,0
Sunday Service — Latto,Sunday Service,Latto,2.77635,2024-02-09,2024-02-24,100,100,1,0,0,0,0,0,0,0,0,0,0,0,0,0,0,0,0,0,0,0,0,0,0,0,0,0,0,0,0,1,0,0,0,0,0,0,0,0,0,0,0,0,0,0,0,0,1,0,0,0,0,0,0,0
Training Season — Dua Lipa,Training Season,Dua Lipa,3.4914666666666667,2024-02-15,2024-03-02,27,27,10,0,0,0,0,0,0,0,0,0,0,0,0,0,0,0,0,0,0,0,0,0,0,0,0,0,0,0,0,0,0,0,0,0,0,0,0,0,0,0,0,0,0,1,0,0,0,0,0,0,0,0,0,0
Whatever She Wants — Bryson Tiller,Whatever She Wants,Bryson Tiller,2.689033333333333,2024-02-13,2024-03-02,32,19,20,0,0,0,0,0,0,0,0,0,0,0,0,0,0,0,0,0,0,0,0,0,0,0,0,0,0,0,0,1,0,0,0,0,0,0,0,0,0,0,0,0,0,0,0,0,0,0,0,0,0,0,0,0
Breathe — Yeat,Breathe,Yeat,2.84745,2024-02-16,2024-03-02,42,42,6,0,0,0,0,0,0,0,0,0,0,0,0,0,0,0,0,0,0,0,0,0,0,0,0,0,0,0,0,1,0,0,0,0,0,0,0,0,0,0,0,0,0,0,0,0,0,0,0,0,0,0,0,0
End Of Beginning — Djo,End Of Beginning,Djo,2.6541,2024-03-01,2024-03-02,51,11,21,0,0,0,0,0,0,1,0,0,0,0,0,0,0,0,0,0,0,0,0,0,0,0,0,0,0,0,0,0,0,0,0,0,0,0,0,0,0,0,0,0,0,0,0,0,0,0,0,0,0,0,0,0
Bittersweet — Gunna,Bittersweet,Gunna,3.19155,2024-02-15,2024-03-02,82,82,1,0,0,0,0,0,0,0,0,0,0,0,0,0,0,0,0,0,0,0,0,0,0,0,0,0,0,0,0,1,0,0,0,0,0,0,0,0,0,0,0,0,0,0,0,0,0,0,0,0,0,0,0,0
Psycho CEO — Yeat,Psycho CEO,Yeat,3.7664166666666667,2024-02-16,2024-03-02,89,89,1,0,0,0,0,0,0,0,0,0,0,0,0,0,0,0,0,0,0,0,0,0,0,0,0,0,0,0,0,1,0,0,0,0,0,0,0,0,0,0,0,0,0,0,0,0,0,0,0,0,0,0,0,0
Tu Name — Fuerza Regida,Tu Name,Fuerza Regida,2.53465,2024-02-09,2024-03-02,93,66,14,0,0,0,0,0,0,0,0,0,0,0,0,0,0,0,0,0,0,0,0,0,0,0,0,0,0,0,0,0,0,0,0,0,0,0,1,0,0,1,0,0,0,0,0,0,0,0,0,0,0,0,0,0
Saturn — SZA,Saturn,SZA,2.65525,2024-02-23,2024-03-09,6,6,35,0,0,0,0,0,0,0,0,0,0,0,0,0,0,0,0,0,0,0,0,0,0,0,0,0,0,0,0,0,0,0,0,0,0,0,0,0,0,0,0,0,0,0,0,1,0,0,0,0,0,0,0,0
Holy Smokes — Bailey Zimmerman,Holy Smokes,Bailey Zimmerman,3.2526333333333333,2024-02-23,2024-03-09,54,54,16,0,0,0,0,0,0,0,0,0,0,0,0,0,0,0,0,0,0,1,0,0,0,0,0,0,0,0,0,0,0,0,0,0,0,0,0,0,0,0,0,0,0,0,0,0,0,0,0,0,0,0,0,0
Love On — Selena Gomez,Love On,Selena Gomez,3.0275,2024-02-22,2024-03-09,56,56,1,0,0,0,0,0,0,0,0,0,0,0,0,0,0,0,0,0,0,0,0,0,0,0,0,0,0,0,0,0,0,0,0,0,0,0,0,0,0,0,0,0,0,1,0,0,0,0,0,0,0,0,0,0
Old Days — Lil Durk,Old Days,Lil Durk,3.2544666666666666,2024-02-23,2024-03-09,62,62,1,0,0,0,0,0,0,0,0,0,0,0,0,0,0,0,0,0,0,0,0,0,0,0,0,0,0,0,0,1,0,0,0,0,0,0,0,0,0,0,0,0,0,0,0,0,1,0,0,0,0,0,0,0
Dont Let Me Go — mgk,Dont Let Me Go,Machine Gun Kelly,2.8268833333333334,2018-05-03,2024-03-09,76,76,1,0,0,0,0,0,0,0,0,0,0,0,0,0,0,0,0,0,0,1,0,0,0,0,0,0,0,0,0,0,0,0,0,0,0,0,0,0,0,0,0,0,0,0,0,0,0,0,0,0,0,0,0,0
Wine Into Whiskey — Tucker Wetmore,Wine Into Whiskey,Tucker Wetmore,2.7723833333333334,2024-02-23,2024-03-09,77,68,20,0,0,0,0,0,0,0,0,0,0,0,0,0,0,0,0,0,0,1,0,0,0,0,0,0,0,0,0,0,0,0,0,0,0,0,0,0,0,0,0,0,0,0,0,0,0,0,0,0,0,0,0,0
Let's Go — Key Glock,Let's Go,Key Glock,2.32445,2024-04-12,2024-03-09,96,88,5,0,0,0,0,0,0,0,0,0,0,0,0,0,0,0,0,0,0,0,0,0,0,0,0,0,0,0,0,1,0,0,0,0,0,0,0,0,0,0,0,0,0,0,0,0,0,0,0,0,0,0,0,0
Easy — LE SSERAFIM,Easy,LE SSERAFIM,3.2294833333333335,2024-02-23,2024-03-09,99,99,1,0,0,0,0,0,0,0,0,0,0,0,0,0,0,0,0,0,0,0,0,0,0,0,0,0,0,0,0,0,0,0,0,0,0,1,0,0,0,0,0,0,0,1,0,0,0,0,0,0,0,0,0,0
Like What (Freestyle) — Cardi B,Like What (Freestyle),Cardi B,2.2733333333333334,2024-02-29,2024-03-16,38,38,3,0,0,0,0,0,0,0,0,0,0,0,0,0,0,0,0,0,0,0,0,0,0,0,0,0,0,0,0,1,0,0,0,0,0,0,0,0,0,0,0,0,0,0,0,0,0,0,0,0,0,0,0,0
Overcompensate — twenty one pilots,Overcompensate,Twenty One Pilots,3.933333333333333,2024-03-02,2024-03-16,64,64,1,0,0,0,0,0,0,1,0,0,0,0,0,0,0,0,0,0,0,0,0,0,0,0,0,0,0,0,0,0,0,0,0,0,0,0,0,0,0,0,0,0,0,0,0,0,0,0,0,0,0,0,0,0
Tucson Too Late — Jordan Davis,Tucson Too Late,Jordan Davis,2.88105,2023-02-17,2024-03-16,86,71,14,0,0,0,0,0,0,0,0,0,0,0,0,0,0,0,0,0,0,1,0,0,0,0,0,0,0,0,0,0,0,0,0,0,0,0,0,0,0,0,0,0,0,0,0,0,0,0,0,0,0,0,0,0
We Can't Be Friends (Wait For Your Love) — Ariana Grande,We Can't Be Friends (Wait For Your Love),Ariana Grande,3.81065,2024-03-08,2024-03-23,1,1,24,0,0,0,0,0,0,0,0,0,0,0,0,0,0,0,0,0,0,0,0,0,0,0,0,0,0,0,0,0,0,0,0,0,0,0,0,0,0,0,0,0,0,1,0,0,0,0,0,0,0,0,0,0
The Boy Is Mine — Ariana Grande,The Boy Is Mine,Ariana Grande,2.894,2024-03-08,2024-03-23,16,16,20,0,0,0,0,0,0,0,0,0,0,0,0,0,0,0,0,0,0,0,0,0,0,0,0,0,0,0,0,0,0,0,0,0,0,0,0,0,0,0,0,0,0,1,0,0,0,0,0,0,0,0,0,0
Supernatural — Ariana Grande,Supernatural,Ariana Grande,2.7230333333333334,2024-03-08,2024-03-23,17,17,3,0,0,0,0,0,0,0,0,0,0,0,0,0,0,0,0,0,0,0,0,0,0,0,0,0,0,0,0,0,0,0,0,0,0,0,0,0,0,0,0,0,0,1,0,0,0,0,0,0,0,0,0,0
Eternal Sunshine — Ariana Grande,Eternal Sunshine,Ariana Grande,3.5033333333333334,2024-03-08,2024-03-23,23,23,3,0,0,0,0,0,0,0,0,0,0,0,0,0,0,0,0,0,0,0,0,0,0,0,0,0,0,0,0,0,0,0,0,0,0,0,0,0,0,0,0,0,0,1,0,0,0,0,0,0,0,0,0,0
Bye — Ariana Grande,Bye,Ariana Grande,2.7487833333333334,2024-03-08,2024-03-23,25,25,3,0,0,0,0,0,0,0,0,0,0,0,0,0,0,0,0,0,0,0,0,0,0,0,0,0,0,0,0,0,0,0,0,0,0,0,0,0,0,0,0,0,0,1,0,0,0,0,0,0,0,0,0,0
Don't Wanna Break Up Again — Ariana Grande,Don't Wanna Break Up Again,Ariana Grande,,,2024-03-23,28,28,2,0,0,0,0,0,0,0,0,0,0,0,0,0,0,0,0,0,0,0,0,0,0,0,0,0,0,0,0,0,0,0,0,0,0,0,0,0,0,0,0,0,0,0,0,0,0,0,0,0,0,0,0,0
True Story — Ariana Grande,True Story,Ariana Grande,2.7213,2024-03-08,2024-03-23,30,30,2,0,0,0,0,0,0,0,0,0,0,0,0,0,0,0,0,0,0,0,0,0,0,0,0,0,0,0,0,0,0,0,0,0,0,0,0,0,0,0,0,0,0,1,0,0,0,0,0,0,0,0,0,0
Imperfect For You — Ariana Grande,Imperfect For You,Ariana Grande,3.0427833333333334,2024-03-08,2024-03-23,37,37,2,0,0,0,0,0,0,0,0,0,0,0,0,0,0,0,0,0,0,0,0,0,0,0,0,0,0,0,0,0,0,0,0,0,0,0,0,0,0,0,0,0,0,1,0,0,0,0,0,0,0,0,0,0
Intro (End Of The World) — Ariana Grande,Intro (End Of The World),Ariana Grande,1.54,2024-03-08,2024-03-23,38,38,4,0,0,0,0,0,0,0,0,0,0,0,0,0,0,0,0,0,0,0,0,0,0,0,0,0,0,0,0,0,0,0,0,0,0,0,0,0,0,0,0,0,0,1,0,0,0,0,0,0,0,0,0,0
I Wish I Hated You — Ariana Grande,I Wish I Hated You,Ariana Grande,2.56055,2024-03-08,2024-03-23,39,39,2,0,0,0,0,0,0,0,0,0,0,0,0,0,0,0,0,0,0,0,0,0,0,0,0,0,0,0,0,0,0,0,0,0,0,0,0,0,0,0,0,0,0,1,0,0,0,0,0,0,0,0,0,0
Austin — Dasha,Austin,Dasha,2.86305,2023-11-17,2024-03-23,74,18,36,0,0,0,0,0,0,0,0,0,0,0,0,0,0,0,0,0,0,1,0,0,0,0,0,0,0,0,0,0,0,0,0,0,0,0,0,0,0,0,0,0,0,0,0,0,0,0,0,0,0,0,0,0
Back Then Right Now — Tyler Hubbard,Back Then Right Now,Tyler Hubbard,3.3580833333333335,2024-02-16,2024-03-23,96,62,13,0,0,0,0,0,0,0,0,0,0,0,0,0,0,0,0,0,0,1,0,0,0,0,0,0,0,0,0,0,0,0,0,0,0,0,0,0,0,0,0,0,0,0,0,0,0,0,0,0,0,0,0,0
Outskirts — Sam Hunt,Outskirts,Sam Hunt,3.0451166666666665,2023-03-10,2024-03-23,98,66,14,0,0,0,0,0,0,0,0,0,0,0,0,0,0,0,0,0,0,1,0,0,0,0,0,0,0,0,0,0,0,0,0,0,0,0,0,0,0,0,0,0,0,0,0,0,0,0,0,0,0,0,0,0
Enough (Miami) — Cardi B,Enough (Miami),Cardi B,2.64545,2024-03-15,2024-03-30,9,9,14,0,0,0,0,0,0,0,0,0,0,0,0,0,0,0,0,0,0,0,0,0,0,0,0,0,0,0,0,1,0,0,0,0,0,0,0,0,0,0,0,0,0,0,0,0,0,0,0,0,0,0,0,0
Get It Sexyy — Sexyy Red,Get It Sexyy,Sexyy Red,2.4758666666666667,2024-03-15,2024-03-30,23,20,20,0,0,0,0,0,0,0,0,0,0,0,0,0,0,0,0,0,0,0,0,0,0,0,0,0,0,0,0,1,0,0,0,0,0,0,0,0,0,0,0,0,0,0,0,0,0,0,0,0,0,0,0,0
FRI(END)S — V,FRI(END)S,V,2.4680333333333335,2024-03-15,2024-03-30,65,65,1,0,0,0,0,0,0,0,0,0,0,0,0,0,0,0,0,0,0,0,0,0,0,0,0,0,0,0,0,0,0,0,0,0,0,1,0,0,0,0,0,0,0,1,0,0,0,0,0,0,0,0,0,0
Deeper Well — Kacey Musgraves,Deeper Well,Kacey Musgraves,3.8688833333333332,2024-02-08,2024-03-30,76,76,1,0,0,0,0,0,0,0,0,0,0,0,0,0,0,0,0,0,0,1,0,0,0,0,0,0,0,0,0,0,0,0,0,0,0,0,0,0,0,0,0,0,0,0,0,0,0,0,0,0,0,0,0,0
Mr Pot Scraper — BossMan Dlow,Mr Pot Scraper,BossMan Dlow,2.417133333333333,2024-02-16,2024-03-30,93,93,1,0,0,0,0,0,0,0,0,0,0,0,0,0,0,0,0,0,0,0,0,0,0,0,0,0,0,0,0,1,0,0,0,0,0,0,0,0,0,0,0,0,0,0,0,0,1,0,0,0,0,0,0,0
Baby Please — Ivan Cornejo,Baby Please,Ivan Cornejo,2.972,2024-03-16,2024-03-30,95,95,1,0,0,0,0,0,0,0,0,0,0,0,0,0,0,0,0,0,0,0,0,0,0,0,0,0,0,0,0,0,0,0,0,0,0,0,1,0,0,1,0,0,0,0,0,0,0,0,0,0,0,0,0,0
We Ride — Bryan Martin,We Ride,Bryan Martin,3.141383333333333,2023-01-27,2024-03-30,96,56,18,0,0,0,0,0,0,0,0,0,0,0,0,0,0,0,0,0,0,1,0,0,0,0,0,0,0,0,0,0,0,0,0,0,0,0,0,0,0,0,0,0,0,0,0,0,0,0,0,0,0,0,0,0
Too Sweet — Hozier,Too Sweet,Hozier,4.1904,2024-03-22,2024-04-06,5,1,52,0,0,0,0,0,0,1,0,0,0,0,0,0,0,0,0,0,0,0,0,0,0,0,0,0,0,0,0,0,0,0,0,0,0,0,0,0,0,0,0,0,0,0,0,0,0,0,0,0,0,0,0,0
Obsessed — Olivia Rodrigo,Obsessed,Olivia Rodrigo,2.8423666666666665,2023-09-08,2024-04-06,14,14,12,0,0,0,0,0,0,0,0,0,0,0,0,0,0,0,0,0,0,0,0,0,0,0,0,0,0,0,0,0,0,0,0,0,0,0,0,0,0,0,0,0,0,1,0,0,0,0,0,0,0,0,0,0
Slow It Down — Benson Boone,Slow It Down,Benson Boone,2.6971833333333333,2024-03-22,2024-04-06,45,32,29,0,0,0,0,0,0,0,0,0,0,0,0,0,0,0,0,0,0,0,0,0,0,0,0,0,0,0,0,0,0,0,0,0,0,0,0,0,0,0,0,0,0,1,0,0,0,0,0,0,0,0,0,0
So American — Olivia Rodrigo,So American,Olivia Rodrigo,2.8286166666666666,2024-03-22,2024-04-06,58,58,1,0,0,0,0,0,0,0,0,0,0,0,0,0,0,0,0,0,0,0,0,0,0,0,0,0,0,0,0,0,0,0,0,0,0,0,0,0,0,0,0,0,0,1,0,0,0,0,0,0,0,0,0,0
I Like The Way You Kiss Me — Artemas,I Like The Way You Kiss Me,Artemas,2.37525,2024-02-09,2024-04-06,70,12,20,0,0,0,0,0,0,1,0,0,0,0,0,0,0,0,0,0,0,0,0,0,0,0,0,0,0,0,0,0,0,0,0,0,0,0,0,0,0,0,0,0,0,1,0,0,0,0,0,0,0,0,0,0
Corazon de Piedra — Xavi,Corazon de Piedra,Xavi,3.2261333333333333,2024-03-23,2024-04-06,73,73,4,0,0,0,0,0,0,0,0,0,0,0,0,0,0,0,0,0,0,0,0,0,0,0,0,0,0,0,0,0,0,0,0,0,0,0,1,0,0,1,0,0,0,0,0,0,0,0,0,0,0,0,0,0
Stranger — Olivia Rodrigo,Stranger,Olivia Rodrigo,3.2128666666666668,2024-03-22,2024-04-06,75,75,1,0,0,0,0,0,0,0,0,0,0,0,0,0,0,0,0,0,0,0,0,0,0,0,0,0,0,0,0,0,0,0,0,0,0,0,0,0,0,0,0,0,0,1,0,0,0,0,0,0,0,0,0,0
Scared Of My Guitar — Olivia Rodrigo,Scared Of My Guitar,Olivia Rodrigo,4.3988,2024-03-22,2024-04-06,90,90,1,0,0,0,0,0,0,0,0,0,0,0,0,0,0,0,0,0,0,0,0,0,0,0,0,0,0,0,0,0,0,0,0,0,0,0,0,0,0,0,0,0,0,1,0,0,0,0,0,0,0,0,0,0
Empire Now — Hozier,Empire Now,Hozier,2.9699333333333335,2024-03-22,2024-04-06,98,98,1,0,0,0,0,0,0,1,0,0,0,0,0,0,0,0,0,0,0,0,0,0,0,0,0,0,0,0,0,0,0,0,0,0,0,0,0,0,0,0,0,0,0,0,0,0,0,0,0,0,0,0,0,0
Girl I've Always Been — Olivia Rodrigo,Girl I've Always Been,Olivia Rodrigo,2.0225666666666666,2024-03-22,2024-04-06,99,99,1,0,0,0,0,0,0,0,0,0,0,0,0,0,0,0,0,0,0,0,0,0,0,0,0,0,0,0,0,0,0,0,0,0,0,0,0,0,0,0,0,0,0,1,0,0,0,0,0,0,0,0,0,0
Jolene — Beyonce,Jolene,Beyonce,3.16065,2024-03-29,2024-04-13,7,7,3,0,0,0,0,0,0,0,0,0,0,0,0,0,0,0,0,0,0,1,0,0,0,0,0,0,0,0,0,0,0,0,0,0,0,0,0,0,0,0,0,0,0,1,0,0,0,0,0,0,0,0,0,0
Bodyguard — Beyonce,Bodyguard,Beyonce,4.0042333333333335,2024-03-29,2024-04-13,26,26,2,0,0,0,0,0,0,0,0,0,0,0,0,0,0,0,0,0,0,1,0,0,0,0,0,0,0,0,0,0,0,0,0,0,0,0,0,0,0,0,0,0,0,1,0,0,0,0,0,0,0,0,0,0
Ameriican Requiem — Beyonce,Ameriican Requiem,Beyonce,5.4173,2024-03-29,2024-04-13,30,30,1,0,0,0,0,0,0,0,0,0,0,0,0,0,0,0,0,0,0,1,0,0,0,0,0,0,0,0,0,0,0,0,0,0,0,0,0,0,0,0,0,0,0,1,0,0,0,0,0,0,0,0,0,0
Daughter — Beyonce,Daughter,Beyonce,3.3975166666666667,2024-03-29,2024-04-13,37,37,1,0,0,0,0,0,0,0,0,0,0,0,0,0,0,0,0,0,0,1,0,0,0,0,0,0,0,0,0,0,0,0,0,0,0,0,0,0,0,0,0,0,0,1,0,0,0,0,0,0,0,0,0,0
Ya Ya — Beyonce,Ya Ya,Beyonce,4.579433333333333,2024-03-29,2024-04-13,39,39,2,0,0,0,0,0,0,0,0,0,0,0,0,0,0,0,0,0,0,1,0,0,0,0,0,0,0,0,0,0,0,0,0,0,0,0,0,0,0,0,0,0,0,1,0,0,0,0,0,0,0,0,0,0
Riiverdance — Beyonce,Riiverdance,Beyonce,4.199766666666667,2024-03-27,2024-04-13,51,51,1,0,0,0,0,0,0,0,0,0,0,0,0,0,0,0,0,0,0,1,0,0,0,0,0,0,0,0,0,0,0,0,0,0,0,0,0,0,0,0,0,0,0,1,0,0,0,0,0,0,0,0,0,0
Alliigator Tears — Beyonce,Alliigator Tears,Beyonce,2.9899666666666667,2024-03-29,2024-04-13,52,52,1,0,0,0,0,0,0,0,0,0,0,0,0,0,0,0,0,0,0,1,0,0,0,0,0,0,0,0,0,0,0,0,0,0,0,0,0,0,0,0,0,0,0,1,0,0,0,0,0,0,0,0,0,0
My Rose — Beyonce,My Rose,Beyonce,0.8907166666666667,2024-03-29,2024-04-13,54,54,1,0,0,0,0,0,0,0,0,0,0,0,0,0,0,0,0,0,0,1,0,0,0,0,0,0,0,0,0,0,0,0,0,0,0,0,0,0,0,0,0,0,0,1,0,0,0,0,0,0,0,0,0,0
II Hands II Heaven — Beyonce,II Hands II Heaven,Beyonce,5.688533333333333,2024-03-29,2024-04-13,60,60,1,0,0,0,0,0,0,0,0,0,0,0,0,0,0,0,0,0,0,1,0,0,0,0,0,0,0,0,0,0,0,0,0,0,0,0,0,0,0,0,0,0,0,1,0,0,0,0,0,0,0,0,0,0
Flamenco — Beyonce,Flamenco,Beyonce,1.6727333333333334,2024-03-29,2024-04-13,63,63,1,0,0,0,0,0,0,0,0,0,0,0,0,0,0,0,0,0,0,1,0,0,0,0,0,0,0,0,0,0,0,0,0,0,0,0,0,0,0,0,0,0,0,1,0,0,0,0,0,0,0,0,0,0
Desert Eagle — Beyonce,Desert Eagle,Beyonce,1.2074833333333332,2024-03-29,2024-04-13,65,65,1,0,0,0,0,0,0,0,0,0,0,0,0,0,0,0,0,0,0,1,0,0,0,0,0,0,0,0,0,0,0,0,0,0,0,0,0,0,0,0,0,0,0,1,0,0,0,0,0,0,0,0,0,0
Oh Louisiana — Beyonce,Oh Louisiana,Beyonce,0.8699333333333333,2024-03-29,2024-04-13,70,70,1,0,0,0,0,0,0,0,0,0,0,0,0,0,0,0,0,0,0,1,0,0,0,0,0,0,0,0,0,0,0,0,0,0,0,0,0,0,0,0,0,0,0,1,0,0,0,0,0,0,0,0,0,0
Amen — Beyonce,Amen,Beyonce,2.418433333333333,2024-03-29,2024-04-13,87,87,1,0,0,0,0,0,0,0,0,0,0,0,0,0,0,0,0,0,0,1,0,0,0,0,0,0,0,0,0,0,0,0,0,0,0,0,0,0,0,0,0,0,0,1,0,0,0,0,0,0,0,0,0,0
Wind Up Missin' You — Tucker Wetmore,Wind Up Missin' You,Tucker Wetmore,2.767333333333333,2024-03-29,2024-04-13,89,31,43,0,0,0,0,0,0,0,0,0,0,0,0,0,0,0,0,0,0,1,0,0,0,0,0,0,0,0,0,0,0,0,0,0,0,0,0,0,0,0,0,0,0,0,0,0,0,0,0,0,0,0,0,0
7 Minute Drill — J. Cole,7 Minute Drill,J. Cole,,,2024-04-20,6,6,1,0,0,0,0,0,0,0,0,0,0,0,0,0,0,0,0,0,0,0,0,0,0,0,0,0,0,0,0,0,0,0,0,0,0,0,0,0,0,0,0,0,0,0,0,0,0,0,0,0,0,0,0,0
Crocodile Tearz — J. Cole,Crocodile Tearz,J. Cole,3.8197833333333335,2024-04-05,2024-04-20,19,19,2,0,0,0,0,0,0,0,0,0,0,0,0,0,0,0,0,0,0,0,0,0,0,0,0,0,0,0,0,1,0,0,0,0,0,0,0,0,0,0,0,0,0,0,0,0,0,0,0,0,0,0,0,0
Huntin' Wabbitz — J. Cole,Huntin' Wabbitz,J. Cole,2.70045,2024-04-05,2024-04-20,28,28,2,0,0,0,0,0,0,0,0,0,0,0,0,0,0,0,0,0,0,0,0,0,0,0,0,0,0,0,0,1,0,0,0,0,0,0,0,0,0,0,0,0,0,0,0,0,0,0,0,0,0,0,0,0
Stickz N Stonez — J. Cole,Stickz N Stonez,J. Cole,3.34645,2024-04-05,2024-04-20,53,53,1,0,0,0,0,0,0,0,0,0,0,0,0,0,0,0,0,0,0,0,0,0,0,0,0,0,0,0,0,1,0,0,0,0,0,0,0,0,0,0,0,0,0,0,0,0,0,0,0,0,0,0,0,0
Fever — J. Cole,Fever,J. Cole,2.3773333333333335,2024-04-05,2024-04-20,59,59,1,0,0,0,0,0,0,0,0,0,0,0,0,0,0,0,0,0,0,0,0,0,0,0,0,0,0,0,0,1,0,0,0,0,0,0,0,0,0,0,0,0,0,0,0,0,0,0,0,0,0,0,0,0
Cry — Benson Boone,Cry,Benson Boone,3.106,2024-03-18,2024-04-20,60,60,4,0,0,0,0,0,0,0,0,0,0,0,0,0,0,0,0,0,0,0,0,0,0,0,0,0,0,0,0,0,0,0,0,0,0,0,0,0,0,0,0,0,0,1,0,0,0,0,0,0,0,0,0,0
Trae The Truth In Ibiza — J. Cole,Trae The Truth In Ibiza,J. Cole,4.257333333333333,2024-04-05,2024-04-20,66,66,1,0,0,0,0,0,0,0,0,0,0,0,0,0,0,0,0,0,0,0,0,0,0,0,0,0,0,0,0,1,0,0,0,0,0,0,0,0,0,0,0,0,0,0,0,0,0,0,0,0,0,0,0,0
3001 — J. Cole,3001,J. Cole,2.6308833333333332,2024-04-05,2024-04-20,72,72,1,0,0,0,0,0,0,0,0,0,0,0,0,0,0,0,0,0,0,0,0,0,0,0,0,0,0,0,0,1,0,0,0,0,0,0,0,0,0,0,0,0,0,0,0,0,0,0,0,0,0,0,0,0
"Good Luck, Babe! — Chappell Roan","Good Luck, Babe!",Chappell Roan,3.6404,2024-04-05,2024-04-20,77,4,52,0,0,0,0,0,0,0,0,0,0,0,0,0,0,0,0,0,0,0,0,0,0,0,0,0,0,0,0,0,0,0,0,0,0,0,0,0,0,0,0,0,0,1,0,0,0,0,0,0,0,0,0,0
Halfway To Hell — Jelly Roll,Halfway To Hell,Jelly Roll,2.974,2023-06-02,2024-04-20,84,48,12,0,0,0,0,0,0,0,0,0,0,0,0,0,0,0,0,0,0,1,0,0,0,0,0,0,0,0,0,0,0,0,0,0,0,0,0,0,0,0,0,0,0,0,0,0,0,0,0,0,0,0,0,0
Magnetic — ILLIT,Magnetic,ILLIT,2.6781333333333333,2024-03-25,2024-04-20,91,91,1,0,0,0,0,0,0,0,0,0,0,0,0,0,0,0,0,0,0,0,0,0,0,0,0,0,0,0,0,0,0,0,0,0,0,1,0,0,0,0,0,0,0,1,0,0,0,0,0,0,0,0,0,0
Bulletproof — Nate Smith,Bulletproof,Nate Smith,3.0653333333333332,2024-02-09,2024-04-20,94,37,20,0,0,0,0,0,0,0,0,0,0,0,0,0,0,0,0,0,0,1,0,0,0,0,0,0,0,0,0,0,0,0,0,0,0,0,0,0,0,0,0,0,0,0,0,0,0,0,0,0,0,0,0,0
Espresso — Sabrina Carpenter,Espresso,Sabrina Carpenter,2.9243166666666665,2024-04-11,2024-04-27,7,3,65,0,0,0,0,0,0,0,0,0,0,0,0,0,0,0,0,0,0,0,0,0,0,0,0,0,0,0,0,0,0,0,0,0,0,0,0,0,0,0,0,0,0,1,0,0,0,0,0,0,0,0,0,0
A Bar Song (Tipsy) — Shaboozey,A Bar Song (Tipsy),Shaboozey,2.8548666666666667,2024-04-12,2024-04-27,36,1,70,0,0,0,0,0,0,0,0,0,0,0,0,0,0,0,0,0,0,1,0,0,0,0,0,0,0,0,0,0,0,0,0,0,0,0,0,0,0,0,0,0,0,0,0,0,0,0,0,0,0,0,0,0
Illusion — Dua Lipa,Illusion,Dua Lipa,3.1357166666666667,2024-04-11,2024-04-27,43,43,18,0,0,0,0,0,0,0,0,0,0,0,0,0,0,0,0,0,0,0,0,0,0,0,0,0,0,0,0,0,0,0,0,0,0,0,0,0,0,0,0,0,0,1,0,0,0,0,0,0,0,0,0,0
Tell Ur Girlfriend — Lay Bankz,Tell Ur Girlfriend,Lay Bankz,2.2111833333333335,2024-08-27,2024-04-27,58,58,6,0,0,0,0,0,0,0,0,0,0,0,0,0,0,0,0,0,0,0,0,0,0,0,0,0,0,0,0,1,0,0,0,0,0,0,0,0,0,0,0,0,0,1,0,0,0,0,0,0,0,0,0,0
Overseas — Ken Carson,Overseas,Ken Carson,2.3505333333333334,2024-04-11,2024-04-27,79,79,1,0,0,0,0,0,0,0,0,0,0,0,0,0,0,0,0,0,0,0,0,0,0,0,0,0,0,0,0,1,0,0,0,0,0,0,0,0,0,0,0,0,0,0,0,0,0,0,0,0,0,0,0,0
I Think I'm In Love With You — Chris Stapleton,I Think I'm In Love With You,Chris Stapleton,3.7133333333333334,2023-09-08,2024-04-27,91,91,1,0,0,0,0,0,0,0,0,0,0,0,0,0,0,0,0,0,0,1,0,0,0,0,0,0,0,0,0,0,0,0,0,0,0,0,0,0,0,0,0,0,0,0,0,0,0,0,0,0,0,0,0,0
Dirt Cheap — Cody Johnson,Dirt Cheap,Cody Johnson,3.989116666666667,2023-11-03,2024-04-27,92,43,20,0,0,0,0,0,0,0,0,0,0,0,0,0,0,0,0,0,0,1,0,0,0,0,0,0,0,0,0,0,0,0,0,0,0,0,0,0,0,0,0,0,0,0,0,0,0,0,0,0,0,0,0,0
Feel It — d4vd,Feel It,d4vd,2.6329,2024-03-28,2024-04-27,94,75,11,0,0,0,0,0,0,1,0,0,0,0,0,0,0,0,0,0,0,0,0,0,0,0,0,0,0,0,0,0,0,0,0,0,0,0,0,0,0,0,0,0,0,0,0,0,0,0,0,0,0,0,0,0
Down Bad — Taylor Swift,Down Bad,Taylor Swift,4.3538,2024-04-19,2024-05-04,2,2,12,0,0,0,0,0,0,0,0,0,0,0,0,0,0,0,0,0,0,0,0,0,0,0,0,0,0,0,0,0,0,0,0,0,0,0,0,0,0,0,0,0,0,1,0,0,0,0,0,0,0,0,0,0
I Can Do It With A Broken Heart — Taylor Swift,I Can Do It With A Broken Heart,Taylor Swift,3.6334166666666667,2024-04-19,2024-05-04,3,3,31,0,0,0,0,0,0,0,0,0,0,0,0,0,0,0,0,0,0,0,0,0,0,0,0,0,0,0,0,0,0,0,0,0,0,0,0,0,0,0,0,0,0,1,0,0,0,0,0,0,0,0,0,0
The Tortured Poets Department — Taylor Swift,The Tortured Poets Department,Taylor Swift,4.884133333333334,2024-04-19,2024-05-04,4,4,7,0,0,0,0,0,0,0,0,0,0,0,0,0,0,0,0,0,0,0,0,0,0,0,0,0,0,0,0,0,0,0,0,0,0,0,0,0,0,0,0,0,0,1,0,0,0,0,0,0,0,0,0,0
"So Long, London — Taylor Swift","So Long, London",Taylor Swift,4.382916666666667,2024-04-19,2024-05-04,5,5,8,0,0,0,0,0,0,0,0,0,0,0,0,0,0,0,0,0,0,0,0,0,0,0,0,0,0,0,0,0,0,0,0,0,0,0,0,0,0,0,0,0,0,1,0,0,0,0,0,0,0,0,0,0
My Boy Only Breaks His Favorite Toys — Taylor Swift,My Boy Only Breaks His Favorite Toys,Taylor Swift,3.3966833333333333,2024-04-19,2024-05-04,6,6,8,0,0,0,0,0,0,0,0,0,0,0,0,0,0,0,0,0,0,0,0,0,0,0,0,0,0,0,0,0,0,0,0,0,0,0,0,0,0,0,0,0,0,1,0,0,0,0,0,0,0,0,0,0
But Daddy I Love Him — Taylor Swift,But Daddy I Love Him,Taylor Swift,5.6738,2024-04-19,2024-05-04,7,7,8,0,0,0,0,0,0,0,0,0,0,0,0,0,0,0,0,0,0,0,0,0,0,0,0,0,0,0,0,0,0,0,0,0,0,0,0,0,0,0,0,0,0,1,0,0,0,0,0,0,0,0,0,0
Who's Afraid Of Little Old Me? — Taylor Swift,Who's Afraid Of Little Old Me?,Taylor Swift,5.568083333333333,2024-04-19,2024-05-04,9,9,11,0,0,0,0,0,0,0,0,0,0,0,0,0,0,0,0,0,0,0,0,0,0,0,0,0,0,0,0,0,0,0,0,0,0,0,0,0,0,0,0,0,0,1,0,0,0,0,0,0,0,0,0,0
Guilty As Sin? — Taylor Swift,Guilty As Sin?,Taylor Swift,4.239433333333333,2024-04-19,2024-05-04,10,10,10,0,0,0,0,0,0,0,0,0,0,0,0,0,0,0,0,0,0,0,0,0,0,0,0,0,0,0,0,0,0,0,0,0,0,0,0,0,0,0,0,0,0,1,0,0,0,0,0,0,0,0,0,0
Fresh Out The Slammer — Taylor Swift,Fresh Out The Slammer,Taylor Swift,3.51315,2024-04-19,2024-05-04,11,11,5,0,0,0,0,0,0,0,0,0,0,0,0,0,0,0,0,0,0,0,0,0,0,0,0,0,0,0,0,0,0,0,0,0,0,0,0,0,0,0,0,0,0,1,0,0,0,0,0,0,0,0,0,0
loml — Taylor Swift,loml,Taylor Swift,4.619283333333334,2024-04-19,2024-05-04,12,12,7,0,0,0,0,0,0,0,0,0,0,0,0,0,0,0,0,0,0,0,0,0,0,0,0,0,0,0,0,0,0,0,0,0,0,0,0,0,0,0,0,0,0,1,0,0,0,0,0,0,0,0,0,0
The Alchemy — Taylor Swift,The Alchemy,Taylor Swift,3.2816666666666667,2024-04-19,2024-05-04,13,13,6,0,0,0,0,0,0,0,0,0,0,0,0,0,0,0,0,0,0,0,0,0,0,0,0,0,0,0,0,0,0,0,0,0,0,0,0,0,0,0,0,0,0,1,0,0,0,0,0,0,0,0,0,0
The Smallest Man Who Ever Lived — Taylor Swift,The Smallest Man Who Ever Lived,Taylor Swift,4.092366666666667,2024-04-19,2024-05-04,14,14,7,0,0,0,0,0,0,0,0,0,0,0,0,0,0,0,0,0,0,0,0,0,0,0,0,0,0,0,0,0,0,0,0,0,0,0,0,0,0,0,0,0,0,1,0,0,0,0,0,0,0,0,0,0
Push Ups — Drake,Push Ups,Drake,3.879566666666667,2024-04-19,2024-05-04,19,17,6,0,0,0,0,0,0,0,0,0,0,0,0,0,0,0,0,0,0,0,0,0,0,0,0,0,0,0,0,1,0,0,0,0,0,0,0,0,0,0,0,0,0,0,0,0,0,0,0,0,0,0,0,0
I Can Fix Him (No Really I Can) — Taylor Swift,I Can Fix Him (No Really I Can),Taylor Swift,2.604966666666667,2024-04-19,2024-05-04,20,20,5,0,0,0,0,0,0,0,0,0,0,0,0,0,0,0,0,0,0,0,0,0,0,0,0,0,0,0,0,0,0,0,0,0,0,0,0,0,0,0,0,0,0,1,0,0,0,0,0,0,0,0,0,0
Clara Bow — Taylor Swift,Clara Bow,Taylor Swift,3.6110333333333333,2024-04-19,2024-05-04,21,21,4,0,0,0,0,0,0,0,0,0,0,0,0,0,0,0,0,0,0,0,0,0,0,0,0,0,0,0,0,0,0,0,0,0,0,0,0,0,0,0,0,0,0,1,0,0,0,0,0,0,0,0,0,0
thanK you aIMee — Taylor Swift,thanK you aIMee,Taylor Swift,4.39695,2024-04-19,2024-05-04,23,23,3,0,0,0,0,0,0,0,0,0,0,0,0,0,0,0,0,0,0,0,0,0,0,0,0,0,0,0,0,0,0,0,0,0,0,0,0,0,0,0,0,0,0,1,0,0,0,0,0,0,0,0,0,0
So High School — Taylor Swift,So High School,Taylor Swift,3.8133333333333335,2024-04-19,2024-05-04,24,24,5,0,0,0,0,0,0,0,0,0,0,0,0,0,0,0,0,0,0,0,0,0,0,0,0,0,0,0,0,0,0,0,0,0,0,0,0,0,0,0,0,0,0,1,0,0,0,0,0,0,0,0,0,0
The Black Dog — Taylor Swift,The Black Dog,Taylor Swift,3.98095,2024-04-19,2024-05-04,25,25,4,0,0,0,0,0,0,0,0,0,0,0,0,0,0,0,0,0,0,0,0,0,0,0,0,0,0,0,0,0,0,0,0,0,0,0,0,0,0,0,0,0,0,1,0,0,0,0,0,0,0,0,0,0
imgonnagetyouback — Taylor Swift,imgonnagetyouback,Taylor Swift,3.7012,2024-04-19,2024-05-04,26,26,5,0,0,0,0,0,0,0,0,0,0,0,0,0,0,0,0,0,0,0,0,0,0,0,0,0,0,0,0,0,0,0,0,0,0,0,0,0,0,0,0,0,0,1,0,0,0,0,0,0,0,0,0,0
The Albatross — Taylor Swift,The Albatross,Taylor Swift,3.06465,2024-04-19,2024-05-04,30,30,3,0,0,0,0,0,0,0,0,0,0,0,0,0,0,0,0,0,0,0,0,0,0,0,0,0,0,0,0,0,0,0,0,0,0,0,0,0,0,0,0,0,0,1,0,0,0,0,0,0,0,0,0,0
The Prophecy — Taylor Swift,The Prophecy,Taylor Swift,4.16345,2024-04-19,2024-05-04,32,32,4,0,0,0,0,0,0,0,0,0,0,0,0,0,0,0,0,0,0,0,0,0,0,0,0,0,0,0,0,0,0,0,0,0,0,0,0,0,0,0,0,0,0,1,0,0,0,0,0,0,0,0,0,0
I Hate It Here — Taylor Swift,I Hate It Here,Taylor Swift,4.0646,2024-04-19,2024-05-04,34,34,3,0,0,0,0,0,0,0,0,0,0,0,0,0,0,0,0,0,0,0,0,0,0,0,0,0,0,0,0,0,0,0,0,0,0,0,0,0,0,0,0,0,0,1,0,0,0,0,0,0,0,0,0,0
How Did It End? — Taylor Swift,How Did It End?,Taylor Swift,,,2024-05-04,35,35,4,0,0,0,0,0,0,0,0,0,0,0,0,0,0,0,0,0,0,0,0,0,0,0,0,0,0,0,0,0,0,0,0,0,0,0,0,0,0,0,0,0,0,0,0,0,0,0,0,0,0,0,0,0
Chloe Or Sam Or Sophia Or Marcus — Taylor Swift,Chloe Or Sam Or Sophia Or Marcus,Taylor Swift,3.554683333333333,2024-04-19,2024-05-04,36,36,3,0,0,0,0,0,0,0,0,0,0,0,0,0,0,0,0,0,0,0,0,0,0,0,0,0,0,0,0,0,0,0,0,0,0,0,0,0,0,0,0,0,0,1,0,0,0,0,0,0,0,0,0,0
I Look In People's Windows — Taylor Swift,I Look In People's Windows,Taylor Swift,,,2024-05-04,39,39,2,0,0,0,0,0,0,0,0,0,0,0,0,0,0,0,0,0,0,0,0,0,0,0,0,0,0,0,0,0,0,0,0,0,0,0,0,0,0,0,0,0,0,0,0,0,0,0,0,0,0,0,0,0
Cassandra — Taylor Swift,Cassandra,Taylor Swift,4.003433333333334,2024-04-19,2024-05-04,44,44,2,0,0,0,0,0,0,0,0,0,0,0,0,0,0,0,0,0,0,0,0,0,0,0,0,0,0,0,0,0,0,0,0,0,0,0,0,0,0,0,0,0,0,1,0,0,0,0,0,0,0,0,0,0
Peter — Taylor Swift,Peter,Taylor Swift,4.732633333333333,2024-04-19,2024-05-04,46,46,2,0,0,0,0,0,0,0,0,0,0,0,0,0,0,0,0,0,0,0,0,0,0,0,0,0,0,0,0,0,0,0,0,0,0,0,0,0,0,0,0,0,0,1,0,0,0,0,0,0,0,0,0,0
The Bolter — Taylor Swift,The Bolter,Taylor Swift,3.9707,2024-04-19,2024-05-04,47,47,2,0,0,0,0,0,0,0,0,0,0,0,0,0,0,0,0,0,0,0,0,0,0,0,0,0,0,0,0,0,0,0,0,0,0,0,0,0,0,0,0,0,0,1,0,0,0,0,0,0,0,0,0,0
The Manuscript — Taylor Swift,The Manuscript,Taylor Swift,3.7457333333333334,2024-04-19,2024-05-04,51,51,2,0,0,0,0,0,0,0,0,0,0,0,0,0,0,0,0,0,0,0,0,0,0,0,0,0,0,0,0,0,0,0,0,0,0,0,0,0,0,0,0,0,0,1,0,0,0,0,0,0,0,0,0,0
Robin — Taylor Swift,Robin,Taylor Swift,4.014883333333334,2024-04-19,2024-05-04,55,55,1,0,0,0,0,0,0,0,0,0,0,0,0,0,0,0,0,0,0,0,0,0,0,0,0,0,0,0,0,0,0,0,0,0,0,0,0,0,0,0,0,0,0,1,0,0,0,0,0,0,0,0,0,0
Us Vs. Them — $uicideBoy$,Us Vs. Them,$uicideboy$,3.0772166666666667,2024-06-14,2024-05-04,96,96,1,0,0,0,0,0,0,0,0,0,0,0,0,0,0,0,0,0,0,0,0,0,0,0,0,0,0,0,1,1,0,0,0,0,0,0,0,0,0,0,0,0,0,0,0,0,0,0,0,0,0,0,0,0
Million Dollar Baby — Tommy Richman,Million Dollar Baby,Tommy Richman,2.5858666666666665,2024-04-26,2024-05-11,2,2,33,0,0,0,0,0,0,0,0,0,0,0,0,0,0,0,0,0,0,0,0,0,0,0,0,0,0,0,0,1,0,0,0,0,0,0,0,0,0,0,0,0,0,0,0,0,0,0,0,0,0,0,0,0
Euphoria — Kendrick Lamar,Euphoria,Kendrick Lamar,6.393983333333333,2024-04-30,2024-05-11,11,3,17,0,0,0,0,0,0,0,0,0,0,0,0,0,0,0,0,0,0,0,0,0,0,0,0,0,0,0,0,1,0,0,0,0,0,0,0,0,0,0,0,0,0,0,0,0,0,0,0,0,0,0,0,0
Okay — JT,Okay,JT,3.9493666666666667,2024-06-28,2024-05-11,74,72,6,0,0,0,0,0,0,0,0,0,0,0,0,0,0,0,0,0,0,0,0,0,0,0,0,0,0,0,0,1,0,0,0,0,0,0,0,0,0,0,0,0,0,0,0,0,0,0,0,0,0,0,0,0
Belong Together — Mark Ambor,Belong Together,Mark Ambor,2.471966666666667,2024-02-16,2024-05-11,87,74,24,0,0,0,0,0,0,0,0,0,0,0,0,0,0,0,0,0,0,0,0,0,0,0,0,0,0,0,0,0,0,0,0,0,0,0,0,0,0,0,0,0,0,1,0,0,0,0,0,0,0,0,0,0
Not Like Us — Kendrick Lamar,Not Like Us,Kendrick Lamar,4.569866666666667,2024-05-04,2024-05-18,1,1,53,0,0,0,0,0,0,0,0,0,0,0,0,0,0,0,0,0,0,0,0,0,0,0,0,0,0,0,0,1,0,0,0,0,0,0,0,0,0,0,0,0,0,0,0,0,0,0,0,0,0,0,0,0
Family Matters — Drake,Family Matters,Drake,7.615566666666667,2024-05-03,2024-05-18,7,7,6,0,0,0,0,0,0,0,0,0,0,0,0,0,0,0,0,0,0,0,0,0,0,0,0,0,0,0,0,1,0,0,0,0,0,0,0,0,0,0,0,0,0,0,0,0,0,0,0,0,0,0,0,0
Meet The Grahams — Kendrick Lamar,Meet The Grahams,Kendrick Lamar,6.53565,2024-05-03,2024-05-18,12,12,4,0,0,0,0,0,0,0,0,0,0,0,0,0,0,0,0,0,0,0,0,0,0,0,0,0,0,0,0,1,0,0,0,0,0,0,0,0,0,0,0,0,0,0,0,0,0,0,0,0,0,0,0,0
Whatsapp (Wassam) — Gunna,Whatsapp (Wassam),Gunna,2.470666666666667,2024-05-02,2024-05-18,95,62,2,0,0,0,0,0,0,0,0,0,0,0,0,0,0,0,0,0,0,0,0,0,0,0,0,0,0,0,0,1,0,0,0,0,0,0,0,0,0,0,0,0,0,0,0,0,0,0,0,0,0,0,0,0
Take Her Home — Kenny Chesney,Take Her Home,Kenny Chesney,3.058,2023-11-10,2024-05-18,99,71,6,0,0,0,0,0,0,0,0,0,0,0,0,0,0,0,0,0,0,1,0,0,0,0,0,0,0,0,0,0,0,0,0,0,0,0,0,0,0,0,0,0,0,0,0,0,0,0,0,0,0,0,0,0
One Of Wun — Gunna,One Of Wun,Gunna,2.4,2024-05-10,2024-05-25,26,26,20,0,0,0,0,0,0,0,0,0,0,0,0,0,0,0,0,0,0,0,0,0,0,0,0,0,0,0,0,1,0,0,0,0,0,0,0,0,0,0,0,0,0,0,0,0,0,0,0,0,0,0,0,0
Boa — Megan Thee Stallion,Boa,Megan Thee Stallion,2.578866666666667,2024-05-10,2024-05-25,39,39,2,0,0,0,0,0,0,0,0,0,0,0,0,0,0,0,0,0,0,0,0,0,0,0,0,0,0,0,0,1,0,0,0,0,0,0,0,0,0,0,0,0,0,0,0,0,1,0,0,0,0,0,0,0
On One Tonight — Gunna,On One Tonight,Gunna,1.5126666666666666,2024-05-10,2024-05-25,54,54,7,0,0,0,0,0,0,0,0,0,0,0,0,0,0,0,0,0,0,0,0,0,0,0,0,0,0,0,0,1,0,0,0,0,0,0,0,0,0,0,0,0,0,0,0,0,0,0,0,0,0,0,0,0
Neck On A Yacht — Gunna,Neck On A Yacht,Gunna,2.5846666666666667,2024-05-10,2024-05-25,66,66,1,0,0,0,0,0,0,0,0,0,0,0,0,0,0,0,0,0,0,0,0,0,0,0,0,0,0,0,0,1,0,0,0,0,0,0,0,0,0,0,0,0,0,0,0,0,0,0,0,0,0,0,0,0
Hakuna Matata — Gunna,Hakuna Matata,Gunna,2.1308833333333332,2024-05-10,2024-05-25,67,67,1,0,0,0,0,0,0,0,0,0,0,0,0,0,0,0,0,0,0,0,0,0,0,0,0,0,0,0,0,1,0,0,0,0,0,0,0,0,0,0,0,0,0,0,0,0,0,0,0,0,0,0,0,0
Collage — Gunna,Collage,Gunna,2.462,2024-05-10,2024-05-25,76,76,1,0,0,0,0,0,0,0,0,0,0,0,0,0,0,0,0,0,0,0,0,0,0,0,0,0,0,0,0,1,0,0,0,0,0,0,0,0,0,0,0,0,0,0,0,0,0,0,0,0,0,0,0,0
Stargazing — Myles Smith,Stargazing,Myles Smith,2.87555,2024-05-10,2024-05-25,77,19,52,0,0,0,0,0,0,0,0,0,0,0,0,0,0,0,0,0,0,0,0,0,0,0,0,0,0,0,0,0,0,0,0,0,0,0,0,0,0,0,0,0,0,0,0,0,0,0,0,1,0,0,0,0
Back In The A — Gunna,Back In The A,Gunna,2.8871166666666666,2024-05-10,2024-05-25,94,94,1,0,0,0,0,0,0,0,0,0,0,0,0,0,0,0,0,0,0,0,0,0,0,0,0,0,0,0,0,1,0,0,0,0,0,0,0,0,0,0,0,0,0,0,0,0,0,0,0,0,0,0,0,0
Lunch — Billie Eilish,Lunch,Billie Eilish,2.993116666666667,2024-05-17,2024-06-01,5,5,20,0,0,0,0,0,0,1,0,0,0,0,0,0,0,0,0,0,0,0,0,0,0,0,0,0,0,0,0,0,0,0,0,0,0,0,0,0,0,0,0,0,0,0,0,0,0,0,0,0,0,0,0,0
Chihiro — Billie Eilish,Chihiro,Billie Eilish,5.057333333333333,2024-05-17,2024-06-01,12,12,20,0,0,0,0,0,0,1,0,0,0,0,0,0,0,0,0,0,0,0,0,0,0,0,0,0,0,0,0,0,0,0,0,0,0,0,0,0,0,0,0,0,0,0,0,0,0,0,0,0,0,0,0,0
Birds Of A Feather — Billie Eilish,Birds Of A Feather,Billie Eilish,3.9473833333333332,2024-12-17,2024-06-01,13,2,65,0,0,0,0,0,0,1,0,0,0,0,0,0,0,0,0,0,0,0,0,0,0,0,0,0,0,0,0,0,0,0,0,0,0,0,0,0,0,0,0,0,0,0,0,0,0,0,0,0,0,0,0,0
Wildflower — Billie Eilish,Wildflower,Billie Eilish,4.357783333333333,2024-05-17,2024-06-01,17,17,61,0,0,0,0,0,0,1,0,0,0,0,0,0,0,0,0,0,0,0,0,0,0,0,0,0,0,0,0,0,0,0,0,0,0,0,0,0,0,0,0,0,0,0,0,0,0,0,0,0,0,0,0,0
Skinny — Billie Eilish,Skinny,Billie Eilish,3.6622166666666667,2024-05-17,2024-06-01,18,18,4,0,0,0,0,0,0,1,0,0,0,0,0,0,0,0,0,0,0,0,0,0,0,0,0,0,0,0,0,0,0,0,0,0,0,0,0,0,0,0,0,0,0,0,0,0,0,0,0,0,0,0,0,0
L'amour De Ma Vie — Billie Eilish,L'amour De Ma Vie,Billie Eilish,5.56645,2024-05-17,2024-06-01,22,22,7,0,0,0,0,0,0,1,0,0,0,0,0,0,0,0,0,0,0,0,0,0,0,0,0,0,0,0,0,0,0,0,0,0,0,0,0,0,0,0,0,0,0,0,0,0,0,0,0,0,0,0,0,0
Ain't No Love In Oklahoma — Luke Combs,Ain't No Love In Oklahoma,Luke Combs,3.515833333333333,2024-05-18,2024-06-01,23,13,27,0,0,0,0,0,0,0,0,0,0,0,0,0,0,0,0,0,0,1,0,0,0,0,0,0,0,0,0,0,0,0,0,0,0,0,0,0,0,0,0,0,0,1,0,0,0,0,0,0,0,0,0,0
The Greatest — Billie Eilish,The Greatest,Billie Eilish,4.897333333333333,2024-05-17,2024-06-01,24,24,5,0,0,0,0,0,0,1,0,0,0,0,0,0,0,0,0,0,0,0,0,0,0,0,0,0,0,0,0,0,0,0,0,0,0,0,0,0,0,0,0,0,0,0,0,0,0,0,0,0,0,0,0,0
Blue — Billie Eilish,Blue,Billie Eilish,5.718666666666667,2024-05-17,2024-06-01,25,25,5,0,0,0,0,0,0,1,0,0,0,0,0,0,0,0,0,0,0,0,0,0,0,0,0,0,0,0,0,0,0,0,0,0,0,0,0,0,0,0,0,0,0,0,0,0,0,0,0,0,0,0,0,0
The Diner — Billie Eilish,The Diner,Billie Eilish,3.105783333333333,2024-05-17,2024-06-01,31,31,4,0,0,0,0,0,0,1,0,0,0,0,0,0,0,0,0,0,0,0,0,0,0,0,0,0,0,0,0,0,0,0,0,0,0,0,0,0,0,0,0,0,0,0,0,0,0,0,0,0,0,0,0,0
Bittersuite — Billie Eilish,Bittersuite,Billie Eilish,4.974,2024-05-17,2024-06-01,36,36,3,0,0,0,0,0,0,1,0,0,0,0,0,0,0,0,0,0,0,0,0,0,0,0,0,0,0,0,0,0,0,0,0,0,0,0,0,0,0,0,0,0,0,0,0,0,0,0,0,0,0,0,0,0
Sweet Dreams — Koe Wetzel,Sweet Dreams,Koe Wetzel,2.8878166666666667,2024-05-17,2024-06-01,47,35,13,0,0,0,0,0,0,0,0,0,0,0,0,0,0,0,0,0,0,1,0,0,0,0,0,0,0,0,0,0,0,0,0,0,0,0,0,0,0,0,0,0,0,0,0,0,0,0,0,0,0,0,0,0
Pink Skies — Zach Bryan,Pink Skies,Zach Bryan,3.248666666666667,2024-05-24,2024-06-08,6,6,25,0,0,0,0,0,0,0,0,0,0,0,0,0,0,0,0,0,0,1,0,0,0,0,0,0,0,0,0,0,0,0,0,0,0,0,0,0,0,0,0,0,0,0,0,0,0,0,0,0,0,0,0,0
Si No Es Contigo — Cris Mj,Si No Es Contigo,Cris Mj,2.6,2024-05-23,2024-06-08,72,72,4,0,0,0,0,0,0,0,0,0,0,0,0,0,0,0,0,0,0,0,0,0,0,0,0,0,0,0,0,0,0,0,0,0,0,0,1,0,0,0,0,0,0,0,0,0,0,0,0,0,0,0,0,0
The Craving — Twenty One Pilots,The Craving,Twenty One Pilots,2.8977833333333334,2024-05-22,2024-06-08,83,83,1,0,0,0,0,0,0,1,0,0,0,0,0,0,0,0,0,0,0,0,0,0,0,0,0,0,0,0,0,0,0,0,0,0,0,0,0,0,0,0,0,0,0,0,0,0,0,0,0,0,0,0,0,0
After Hours — Kehlani,After Hours,Kehlani,3.8653,2022-07-29,2024-06-08,84,72,8,0,0,0,0,0,0,0,0,0,0,0,0,0,0,0,0,0,0,0,0,0,0,0,0,0,0,0,0,0,0,0,0,0,0,0,0,0,0,0,0,0,0,0,0,1,0,0,0,0,0,0,0,0
Your Place — Ashley Cooke,Your Place,Ashley Cooke,3.0347666666666666,2023-07-07,2024-06-08,95,80,4,0,0,0,0,0,0,0,0,0,0,0,0,0,0,0,0,0,0,1,0,0,0,0,0,0,0,0,0,0,0,0,0,0,0,0,0,0,0,0,0,0,0,0,0,0,0,0,0,0,0,0,0,0
Houdini — Eminem,Houdini,Eminem,3.787316666666667,2024-05-31,2024-06-15,2,2,20,0,0,0,0,0,0,0,0,0,0,0,0,0,0,0,0,0,0,0,0,0,0,0,0,0,0,0,0,1,0,0,0,0,0,0,0,0,0,0,0,0,0,0,0,0,0,0,0,0,0,0,0,0
Red Wine Supernova — Chappell Roan,Red Wine Supernova,Chappell Roan,3.2120166666666665,2023-05-17,2024-06-15,75,41,20,0,0,0,0,0,0,0,0,0,0,0,0,0,0,0,0,0,0,0,0,0,0,0,0,0,0,0,0,0,0,0,0,0,0,0,0,0,0,0,0,0,0,1,0,0,0,0,0,0,0,0,0,0
Hot To Go! — Chappell Roan,Hot To Go!,Chappell Roan,3.0806833333333334,2023-08-11,2024-06-15,80,15,25,0,0,0,0,0,0,0,0,0,0,0,0,0,0,0,0,0,0,0,0,0,0,0,0,0,0,0,0,0,0,0,0,0,0,0,0,0,0,0,0,0,0,1,0,0,0,0,0,0,0,0,0,0
Nasty — Tinashe,Nasty,Tinashe,2.9337833333333334,2024-04-10,2024-06-15,90,61,16,0,0,0,0,0,0,0,0,0,0,0,0,0,0,0,0,0,0,0,0,0,0,0,0,0,0,0,0,0,0,0,0,0,0,0,0,0,0,0,0,0,0,0,0,1,0,0,0,0,0,0,0,0
The Door — Teddy Swims,The Door,Teddy Swims,3.54415,2024-04-17,2024-06-15,94,24,25,0,0,0,0,0,0,0,0,0,0,0,0,0,0,0,0,0,0,0,0,0,0,0,0,0,0,0,0,0,0,0,0,0,0,0,0,0,0,0,0,0,0,1,0,0,0,0,0,0,0,0,0,0
Let Your Boys Be Country — Jason Aldean,Let Your Boys Be Country,Jason Aldean,3.2671166666666664,2023-07-14,2024-06-15,98,83,4,0,0,0,0,0,0,0,0,0,0,0,0,0,0,0,0,0,0,1,0,0,0,0,0,0,0,0,0,0,0,0,0,0,0,0,0,0,0,0,0,0,0,0,0,0,0,0,0,0,0,0,0,0
Please Please Please — Sabrina Carpenter,Please Please Please,Sabrina Carpenter,3.1060833333333333,2024-06-07,2024-06-22,2,1,38,0,0,0,0,0,0,0,0,0,0,0,0,0,0,0,0,0,0,0,0,0,0,0,0,0,0,0,0,0,0,0,0,0,0,0,0,0,0,0,0,0,0,1,0,0,0,0,0,0,0,0,0,0
Close To You — Gracie Abrams,Close To You,Gracie Abrams,3.766,2024-06-20,2024-06-22,49,49,21,0,0,0,0,0,0,0,0,0,0,0,0,0,0,0,0,0,0,0,0,0,0,0,0,0,0,0,0,0,0,0,0,0,0,0,0,0,0,0,0,0,0,1,0,0,0,0,0,0,0,0,0,0
The Man He Sees In Me — Luke Combs,The Man He Sees In Me,Luke Combs,,,2024-06-22,58,39,3,0,0,0,0,0,0,0,0,0,0,0,0,0,0,0,0,0,0,0,0,0,0,0,0,0,0,0,0,0,0,0,0,0,0,0,0,0,0,0,0,0,0,0,0,0,0,0,0,0,0,0,0,0
360 — Charli XCX,360,Charli xcx,2.2300833333333334,2024-05-10,2024-06-22,73,44,8,0,0,0,0,0,0,0,0,0,0,0,0,0,0,0,0,0,0,0,1,0,0,0,0,0,0,0,0,0,0,0,0,0,0,0,0,0,0,0,0,0,0,0,0,0,0,0,0,0,0,0,0,0
Beautiful As You — Thomas Rhett,Beautiful As You,Thomas Rhett,,,2024-06-22,96,50,24,0,0,0,0,0,0,0,0,0,0,0,0,0,0,0,0,0,0,0,0,0,0,0,0,0,0,0,0,0,0,0,0,0,0,0,0,0,0,0,0,0,0,0,0,0,0,0,0,0,0,0,0,0
Never Let Go — Jung Kook,Never Let Go,Jung Kook,2.7802,2024-06-07,2024-06-22,97,97,1,0,0,0,0,0,0,0,0,0,0,0,0,0,0,0,0,0,0,0,0,0,0,0,0,0,0,0,0,0,0,0,0,0,0,1,0,0,0,0,0,0,0,1,0,0,0,0,0,0,0,0,0,0
Hang Tight Honey — Lainey Wilson,Hang Tight Honey,Lainey Wilson,3.163116666666667,2024-05-13,2024-06-22,100,61,11,0,0,0,0,0,0,0,0,0,0,0,0,0,0,0,0,0,0,1,0,0,0,0,0,0,0,0,0,0,0,0,0,0,0,0,0,0,0,0,0,0,0,0,0,0,0,0,0,0,0,0,0,0
I Am Not Okay — Jelly Roll,I Am Not Okay,Jelly Roll,3.28555,2024-06-12,2024-06-29,30,14,32,0,0,0,0,0,0,0,0,0,0,0,0,0,0,0,0,0,0,1,0,0,0,0,0,0,0,0,0,0,0,0,0,0,0,0,0,0,0,0,0,0,0,0,0,0,0,0,0,0,0,0,0,0
Remember Him That Way — Luke Combs,Remember Him That Way,Luke Combs,3.93425,2024-06-14,2024-06-29,35,35,3,0,0,0,0,0,0,0,0,0,0,0,0,0,0,0,0,0,0,1,0,0,0,0,0,0,0,0,0,0,0,0,0,0,0,0,0,0,0,0,0,0,0,0,0,0,0,0,0,0,0,0,0,0
Devil Is A Lie — Tommy Richman,Devil Is A Lie,Tommy Richman,2.1824,2024-06-14,2024-06-29,47,32,13,0,0,0,0,0,0,0,0,0,0,0,0,0,0,0,0,0,0,0,0,0,0,0,0,0,0,0,0,1,0,0,0,0,0,0,0,0,0,0,0,0,0,0,0,0,0,0,0,0,0,0,0,0
The Thin Grey Line — $uicideboy$,The Thin Grey Line,$uicideboy$,1.7620666666666667,2024-06-14,2024-06-29,71,71,1,0,0,0,0,0,0,0,0,0,0,0,0,0,0,0,0,0,0,0,0,0,0,0,0,0,0,0,1,1,0,0,0,0,0,0,0,0,0,0,0,0,0,0,0,0,0,0,0,0,0,0,0,0
Tore Up — Don Toliver,Tore Up,Don Toliver,2.11645,2024-06-14,2024-06-29,78,78,1,0,0,0,0,0,0,0,0,0,0,0,0,0,0,0,0,0,0,0,0,0,0,0,0,0,0,0,0,1,0,0,0,0,0,0,0,0,0,0,0,0,0,0,0,0,0,0,0,0,0,0,0,0
Burgundy — $uicideboy$,Burgundy,$uicideboy$,4.474583333333333,2024-06-14,2024-06-29,86,86,1,0,0,0,0,0,0,0,0,0,0,0,0,0,0,0,0,0,0,0,0,0,0,0,0,0,0,0,1,1,0,0,0,0,0,0,0,0,0,0,0,0,0,0,0,0,0,0,0,0,0,0,0,0
Pink Pony Club — Chappell Roan,Pink Pony Club,Chappell Roan,4.300583333333333,2020-04-03,2024-06-29,90,4,61,0,0,0,0,0,0,0,0,0,0,0,0,0,0,0,0,0,0,0,0,0,0,0,0,0,0,0,0,0,0,0,0,0,0,0,0,0,0,0,0,0,0,1,0,0,0,0,0,0,0,0,0,0
Thorns — $uicideboy$,Thorns,$uicideboy$,2.175,2024-06-14,2024-06-29,91,91,1,0,0,0,0,0,0,0,0,0,0,0,0,0,0,0,0,0,0,0,0,0,0,0,0,0,0,0,1,1,0,0,0,0,0,0,0,0,0,0,0,0,0,0,0,0,0,0,0,0,0,0,0,0
Front Door Famous — Luke Combs,Front Door Famous,Luke Combs,3.306216666666667,2024-06-14,2024-06-29,95,95,1,0,0,0,0,0,0,0,0,0,0,0,0,0,0,0,0,0,0,1,0,0,0,0,0,0,0,0,0,0,0,0,0,0,0,0,0,0,0,0,0,0,0,0,0,0,0,0,0,0,0,0,0,0
Kryptonite — Don Toliver,Kryptonite,Don Toliver,3.038666666666667,2024-06-14,2024-06-29,98,98,1,0,0,0,0,0,0,0,0,0,0,0,0,0,0,0,0,0,0,0,0,0,0,0,0,0,0,0,0,1,0,0,0,0,0,0,0,0,0,0,0,0,0,0,0,0,0,0,0,0,0,0,0,0
Si Antes Te Hubiera Conocido — Karol G,Si Antes Te Hubiera Conocido,Karol G,3.263733333333333,2024-06-21,2024-07-06,34,32,20,0,0,0,0,0,0,0,0,0,0,0,0,0,0,0,0,0,0,0,0,0,0,0,0,0,0,0,0,0,0,0,0,0,0,0,1,0,0,0,0,0,0,0,0,0,0,0,0,0,0,0,0,0
TGIF — GloRilla,TGIF,GloRilla,2.74285,2024-06-11,2024-07-06,47,22,22,0,0,0,0,0,0,0,0,0,0,0,0,0,0,0,0,0,0,0,0,0,0,0,0,0,0,0,0,1,0,0,0,0,0,0,0,0,0,0,0,0,0,0,0,0,0,0,0,0,0,0,0,0
Kehlani — Jordan Adetunji,Kehlani,Jordan Adetunji,2.25,2024-06-24,2024-07-06,70,24,21,0,0,0,0,0,0,0,0,0,0,0,0,0,0,0,0,0,0,0,0,0,0,0,0,0,0,0,0,1,0,0,0,0,0,0,0,0,0,0,0,0,0,0,0,0,0,0,0,0,0,0,0,0
Nights Like This — The Kid LAROI,Nights Like This,The Kid LAROI,2.7728166666666665,2024-08-08,2024-07-06,76,47,20,0,0,0,0,0,0,0,0,0,0,0,0,0,0,0,0,0,0,0,0,0,0,0,0,0,0,0,0,0,0,0,0,0,0,0,0,0,0,0,0,0,0,1,0,0,0,0,0,0,0,0,0,0
feelslikeimfallinginlove — Coldplay,feelslikeimfallinginlove,Coldplay,3.9371833333333335,2024-06-20,2024-07-06,81,81,1,0,0,0,0,0,0,1,0,0,0,0,0,0,0,0,0,0,0,0,0,0,0,0,0,0,0,0,0,0,0,0,0,0,0,0,0,0,0,0,0,0,0,0,0,0,0,0,0,0,0,0,0,0
Casual — Chappell Roan,Casual,Chappell Roan,3.8799333333333332,2022-10-28,2024-07-06,82,59,16,0,0,0,0,0,0,0,0,0,0,0,0,0,0,0,0,0,0,0,0,0,0,0,0,0,0,0,0,0,0,0,0,0,0,0,0,0,0,0,0,0,0,1,0,0,0,0,0,0,0,0,0,0
Risk — Gracie Abrams,Risk,Gracie Abrams,3.1927833333333333,2024-04-30,2024-07-06,94,94,1,0,0,0,0,0,0,0,0,0,0,0,0,0,0,0,0,0,0,0,0,0,0,0,0,0,0,0,0,0,0,0,0,0,0,0,0,0,0,0,0,0,0,1,0,0,0,0,0,0,0,0,0,0
Girls — The Kid LAROI,Girls,The Kid LAROI,2.5496666666666665,2024-06-28,2024-07-13,51,51,7,0,0,0,0,0,0,0,0,0,0,0,0,0,0,0,0,0,0,0,0,0,0,0,0,0,0,0,0,0,0,0,0,0,0,0,0,0,0,0,0,0,0,1,0,0,0,0,0,0,0,0,0,0
Otaku Hot Girl — Megan Thee Stallion,Otaku Hot Girl,Megan Thee Stallion,,,2024-07-13,67,67,1,0,0,0,0,0,0,0,0,0,0,0,0,0,0,0,0,0,0,0,0,0,0,0,0,0,0,0,0,0,0,0,0,0,0,0,0,0,0,0,0,0,0,0,0,0,0,0,0,0,0,0,0,0
Rockstar — LISA,Rockstar,LISA,2.30355,2024-06-27,2024-07-13,70,70,1,0,0,0,0,0,0,0,0,0,0,0,0,0,0,0,0,0,0,0,0,0,0,0,0,0,0,0,0,0,0,0,0,0,0,1,0,0,0,0,0,0,0,1,0,0,0,0,0,0,0,0,0,0
Where Them Girls At — Megan Thee Stallion,Where Them Girls At,Megan Thee Stallion,3.1951833333333335,2024-06-28,2024-07-13,77,77,1,0,0,0,0,0,0,0,0,0,0,0,0,0,0,0,0,0,0,0,0,0,0,0,0,0,0,0,0,1,0,0,0,0,0,0,0,0,0,0,0,0,0,0,0,0,1,0,0,0,0,0,0,0
New To Country — Bailey Zimmerman,New To Country,Bailey Zimmerman,2.95205,2024-06-28,2024-07-13,94,94,1,0,0,0,0,0,0,0,0,0,0,0,0,0,0,0,0,0,0,1,0,0,0,0,0,0,0,0,0,0,0,0,0,0,0,0,0,0,0,0,0,0,0,0,0,0,0,0,0,0,0,0,0,0
Lies Lies Lies — Morgan Wallen,Lies Lies Lies,Morgan Wallen,3.30115,2024-07-05,2024-07-20,7,7,23,0,0,0,0,0,0,0,0,0,0,0,0,0,0,0,0,0,0,1,0,0,0,0,0,0,0,0,0,0,0,0,0,0,0,0,0,0,0,0,0,0,0,0,0,0,0,0,0,0,0,0,0,0
28 — Zach Bryan,28,Zach Bryan,3.8888833333333332,2024-07-04,2024-07-20,14,14,20,0,0,0,0,0,0,0,0,0,0,0,0,0,0,0,0,0,0,1,0,0,0,0,0,0,0,0,0,0,0,0,0,0,0,0,0,0,0,0,0,0,0,0,0,0,0,0,0,0,0,0,0,0
American Nights — Zach Bryan,American Nights,Zach Bryan,3.6488833333333335,2024-07-04,2024-07-20,21,21,9,0,0,0,0,0,0,0,0,0,0,0,0,0,0,0,0,0,0,1,0,0,0,0,0,0,0,0,0,0,0,0,0,0,0,0,0,0,0,0,0,0,0,0,0,0,0,0,0,0,0,0,0,0
Oak Island — Zach Bryan,Oak Island,Zach Bryan,3.9901666666666666,2024-07-04,2024-07-20,48,48,2,0,0,0,0,0,0,0,0,0,0,0,0,0,0,0,0,0,0,1,0,0,0,0,0,0,0,0,0,0,0,0,0,0,0,0,0,0,0,0,0,0,0,0,0,0,0,0,0,0,0,0,0,0
The Way Back — Zach Bryan,The Way Back,Zach Bryan,3.092,2024-07-04,2024-07-20,57,57,1,0,0,0,0,0,0,0,0,0,0,0,0,0,0,0,0,0,0,1,0,0,0,0,0,0,0,0,0,0,0,0,0,0,0,0,0,0,0,0,0,0,0,0,0,0,0,0,0,0,0,0,0,0
The Great American Bar Scene — Zach Bryan,The Great American Bar Scene,Zach Bryan,3.612,2024-07-04,2024-07-20,58,58,1,0,0,0,0,0,0,0,0,0,0,0,0,0,0,0,0,0,0,1,0,0,0,0,0,0,0,0,0,0,0,0,0,0,0,0,0,0,0,0,0,0,0,0,0,0,0,0,0,0,0,0,0,0
Bass Boat — Zach Bryan,Bass Boat,Zach Bryan,3.6121333333333334,2024-07-04,2024-07-20,61,61,2,0,0,0,0,0,0,0,0,0,0,0,0,0,0,0,0,0,0,1,0,0,0,0,0,0,0,0,0,0,0,0,0,0,0,0,0,0,0,0,0,0,0,0,0,0,0,0,0,0,0,0,0,0
Mechanical Bull — Zach Bryan,Mechanical Bull,Zach Bryan,3.48245,2024-07-04,2024-07-20,73,73,1,0,0,0,0,0,0,0,0,0,0,0,0,0,0,0,0,0,0,1,0,0,0,0,0,0,0,0,0,0,0,0,0,0,0,0,0,0,0,0,0,0,0,0,0,0,0,0,0,0,0,0,0,0
Boons — Zach Bryan,Boons,Zach Bryan,3.0862166666666666,2024-07-04,2024-07-20,74,74,1,0,0,0,0,0,0,0,0,0,0,0,0,0,0,0,0,0,0,1,0,0,0,0,0,0,0,0,0,0,0,0,0,0,0,0,0,0,0,0,0,0,0,0,0,0,0,0,0,0,0,0,0,0
Like Ida — Zach Bryan,Like Ida,Zach Bryan,3.584216666666667,2024-07-04,2024-07-20,91,91,1,0,0,0,0,0,0,0,0,0,0,0,0,0,0,0,0,0,0,1,0,0,0,0,0,0,0,0,0,0,0,0,0,0,0,0,0,0,0,0,0,0,0,0,0,0,0,0,0,0,0,0,0,0
Northern Thunder — Zach Bryan,Northern Thunder,Zach Bryan,3.5113333333333334,2024-07-04,2024-07-20,93,93,1,0,0,0,0,0,0,0,0,0,0,0,0,0,0,0,0,0,0,1,0,0,0,0,0,0,0,0,0,0,0,0,0,0,0,0,0,0,0,0,0,0,0,0,0,0,0,0,0,0,0,0,0,0
Towers — Zach Bryan,Towers,Zach Bryan,2.8356,2024-07-04,2024-07-20,94,94,1,0,0,0,0,0,0,0,0,0,0,0,0,0,0,0,0,0,0,1,0,0,0,0,0,0,0,0,0,0,0,0,0,0,0,0,0,0,0,0,0,0,0,0,0,0,0,0,0,0,0,0,0,0
Lithonia — Childish Gambino,Lithonia,Childish Gambino,2.9886666666666666,2024-07-02,2024-07-20,97,69,3,0,0,0,0,0,0,0,0,0,0,0,0,0,0,0,0,0,0,0,0,0,0,0,0,0,0,0,0,0,0,0,0,0,0,0,0,0,0,0,0,0,0,1,0,0,0,0,0,0,0,0,0,0
Funny Man — Zach Bryan,Funny Man,Zach Bryan,3.279933333333333,2024-07-04,2024-07-20,99,99,1,0,0,0,0,0,0,0,0,0,0,0,0,0,0,0,0,0,0,1,0,0,0,0,0,0,0,0,0,0,0,0,0,0,0,0,0,0,0,0,0,0,0,0,0,0,0,0,0,0,0,0,0,0
Renaissance — Eminem,Renaissance,Eminem,1.6358833333333334,2024-07-12,2024-07-27,20,20,2,0,0,0,0,0,0,0,0,0,0,0,0,0,0,0,0,0,0,0,0,0,0,0,0,0,0,0,0,1,0,0,0,0,0,0,0,0,0,0,0,0,0,0,0,0,0,0,0,0,0,0,0,0
Brand New Dance — Eminem,Brand New Dance,Eminem,3.44415,2024-07-12,2024-07-27,25,25,2,0,0,0,0,0,0,0,0,0,0,0,0,0,0,0,0,0,0,0,0,0,0,0,0,0,0,0,0,1,0,0,0,0,0,0,0,0,0,0,0,0,0,0,0,0,0,0,0,0,0,0,0,0
Evil — Eminem,Evil,Eminem,3.8393,2024-07-12,2024-07-27,30,30,1,0,0,0,0,0,0,0,0,0,0,0,0,0,0,0,0,0,0,0,0,0,0,0,0,0,0,0,0,1,0,0,0,0,0,0,0,0,0,0,0,0,0,0,0,0,0,0,0,0,0,0,0,0
Trouble — Eminem,Trouble,Eminem,0.6914666666666667,2024-07-12,2024-07-27,31,31,1,0,0,0,0,0,0,0,0,0,0,0,0,0,0,0,0,0,0,0,0,0,0,0,0,0,0,0,0,1,0,0,0,0,0,0,0,0,0,0,0,0,0,0,0,0,0,0,0,0,0,0,0,0
Antichrist — Eminem,Antichrist,Eminem,5.2371,2024-07-12,2024-07-27,39,39,1,0,0,0,0,0,0,0,0,0,0,0,0,0,0,0,0,0,0,0,0,0,0,0,0,0,0,0,0,1,0,0,0,0,0,0,0,0,0,0,0,0,0,0,0,0,0,0,0,0,0,0,0,0
Guilty Conscience 2 — Eminem,Guilty Conscience 2,Eminem,5.425516666666667,2024-07-12,2024-07-27,45,45,1,0,0,0,0,0,0,0,0,0,0,0,0,0,0,0,0,0,0,0,0,0,0,0,0,0,0,0,0,1,0,0,0,0,0,0,0,0,0,0,0,0,0,0,0,0,0,0,0,0,0,0,0,0
Woman's World — Katy Perry,Woman's World,Katy Perry,,,2024-07-27,63,63,1,0,0,0,0,0,0,0,0,0,0,0,0,0,0,0,0,0,0,0,0,0,0,0,0,0,0,0,0,0,0,0,0,0,0,0,0,0,0,0,0,0,0,0,0,0,0,0,0,0,0,0,0,0
Indifferent — Megan Moroney,Indifferent,Megan Moroney,2.9337166666666668,2024-05-03,2024-07-27,91,91,2,0,0,0,0,0,0,0,0,0,0,0,0,0,0,0,0,0,0,1,0,0,0,0,0,0,0,0,0,0,0,0,0,0,0,0,0,0,0,0,0,0,0,0,0,0,0,0,0,0,0,0,0,0
Who — Jimin,Who,Jimin,2.848133333333333,2024-07-19,2024-08-03,14,12,33,0,0,0,0,0,0,0,0,0,0,0,0,0,0,0,0,0,0,0,0,0,0,0,0,0,0,0,0,0,0,0,0,0,0,1,0,0,0,0,0,0,0,1,0,0,0,0,0,0,0,0,0,0
Chk Chk Boom — Stray Kids,Chk Chk Boom,Stray Kids,2.4675166666666666,2024-07-19,2024-08-03,49,49,1,0,0,0,0,0,0,0,0,0,0,0,0,0,0,0,0,0,0,0,0,0,0,0,0,0,0,0,0,0,0,0,0,0,0,1,0,0,0,0,0,0,0,1,0,0,0,0,0,0,0,0,0,0
Apple — Charli XCX,Apple,Charli xcx,2.529,2024-06-07,2024-08-03,81,66,2,0,0,0,0,0,0,0,0,0,0,0,0,0,0,0,0,0,0,0,0,0,0,1,0,0,0,0,0,0,0,0,0,0,0,0,0,0,0,0,0,0,0,0,0,0,0,0,0,0,0,0,0,0
Help Me — Real Boston Richey,Help Me,Real Boston Richey,3.019433333333333,2024-05-31,2024-08-03,93,47,29,0,0,0,0,0,0,0,0,0,0,0,0,0,0,0,0,0,0,0,0,0,0,0,0,0,0,0,0,1,0,0,0,0,0,0,0,0,0,0,0,0,0,0,0,0,0,0,0,0,0,0,0,0
Femininomenon — Chappell Roan,Femininomenon,Chappell Roan,3.66185,2022-08-12,2024-08-03,96,66,9,0,0,0,0,0,0,0,0,0,0,0,0,0,0,0,0,0,0,0,0,0,0,0,0,0,0,0,0,0,0,0,0,0,0,0,0,0,0,0,0,0,0,1,0,0,0,0,0,0,0,0,0,0
Misses — Dominic Fike,Misses,Dominic Fike,1.23965,2024-05-03,2024-08-03,100,99,2,0,0,0,0,0,0,1,0,0,0,0,0,0,0,0,0,0,0,0,0,0,0,0,0,0,0,0,0,0,0,0,0,0,0,0,0,0,0,0,0,0,0,0,0,0,0,0,0,0,0,0,0,0
Lucky — Halsey,Lucky,Halsey,3.3091166666666667,2024-06-26,2024-08-10,88,88,1,0,0,0,0,0,0,1,0,0,0,0,0,0,0,0,0,0,0,0,0,0,0,0,0,0,0,0,0,0,0,0,0,0,0,0,0,0,0,0,0,0,0,0,0,0,0,0,0,0,0,0,0,0
Nel — Fuerza Regida,Nel,Fuerza Regida,2.484566666666667,2024-07-25,2024-08-10,91,70,14,0,0,0,0,0,0,0,0,0,0,0,0,0,0,0,0,0,0,0,1,0,0,0,0,0,0,0,0,0,0,0,0,0,0,0,1,0,0,1,0,0,0,0,0,0,0,0,0,0,0,0,0,0
Linger — Royel Otis,Linger,Royel Otis,3.1,2024-04-10,2024-08-10,94,94,1,0,0,0,0,0,0,1,0,0,0,0,0,0,0,0,0,0,0,0,0,0,0,0,0,0,0,0,0,0,0,0,1,0,0,0,0,0,0,0,0,0,0,0,0,0,0,0,0,0,0,0,0,0
Wanna Be Loved — The Red Clay Strays,Wanna Be Loved,The Red Clay Strays,3.6218,2024-05-22,2024-08-10,100,100,1,0,0,0,0,0,0,1,0,0,0,0,0,0,0,0,0,0,0,1,0,0,0,0,0,0,0,0,0,0,0,0,0,0,0,0,0,0,0,0,0,0,0,0,0,0,0,0,0,0,0,0,0,0
"I Love You, I'm Sorry — Gracie Abrams","I Love You, I'm Sorry",Gracie Abrams,2.6189833333333334,2024-06-21,2024-08-17,83,19,21,0,0,0,0,0,0,0,0,0,0,0,0,0,0,0,0,0,0,0,0,0,0,0,0,0,0,0,0,0,0,0,0,0,0,0,0,0,0,0,0,0,0,1,0,0,0,0,0,0,0,0,0,0
Am I Okay? — Megan Moroney,Am I Okay?,Megan Moroney,3.916716666666667,2024-07-12,2024-08-17,86,34,40,0,0,0,0,0,0,0,0,0,0,0,0,0,0,0,0,0,0,1,0,0,0,0,0,0,0,0,0,0,0,0,0,0,0,0,0,0,0,0,0,0,0,0,0,0,0,0,0,0,0,0,0,0
My Kink Is Karma — Chappell Roan,My Kink Is Karma,Chappell Roan,3.709633333333333,2022-05-06,2024-08-17,91,81,5,0,0,0,0,0,0,0,0,0,0,0,0,0,0,0,0,0,0,0,0,0,0,0,0,0,0,0,0,0,0,0,0,0,0,0,0,0,0,0,0,0,0,1,0,0,0,0,0,0,0,0,0,0
Liar — Jelly Roll,Liar,Jelly Roll,3.41555,2024-08-02,2024-08-17,94,31,24,0,0,0,0,0,0,0,0,0,0,0,0,0,0,0,0,0,0,1,0,0,0,0,0,0,0,0,0,0,0,0,0,0,0,0,0,0,0,0,0,0,0,0,0,0,0,0,0,0,0,0,0,0
"Love You, Miss You, Mean It — Luke Bryan","Love You, Miss You, Mean It",Luke Bryan,3.36345,2024-04-05,2024-08-17,99,39,10,0,0,0,0,0,0,0,0,0,0,0,0,0,0,0,0,0,0,1,0,0,0,0,0,0,0,0,0,0,0,0,0,0,0,0,0,0,0,0,0,0,0,0,0,0,0,0,0,0,0,0,0,0
Blue Green Red — Drake,Blue Green Red,Drake,,,2024-08-24,63,63,1,0,0,0,0,0,0,0,0,0,0,0,0,0,0,0,0,0,0,0,0,0,0,0,0,0,0,0,0,0,0,0,0,0,0,0,0,0,0,0,0,0,0,0,0,0,0,0,0,0,0,0,0,0
Evergreen — Richy Mitch And The Coal Miners,Evergreen,Richy Mitch And The Coal Miners,1.45,2017-05-17,2024-08-24,83,83,2,0,0,0,0,0,0,0,0,0,0,0,0,0,0,0,0,0,0,0,0,0,0,0,0,0,0,0,0,0,0,0,0,0,0,0,0,0,0,0,0,0,0,0,0,0,0,0,0,1,0,0,0,0
Why Why Why — Shawn Mendes,Why Why Why,Shawn Mendes,,,2024-08-24,84,84,1,0,0,0,0,0,0,0,0,0,0,0,0,0,0,0,0,0,0,0,0,0,0,0,0,0,0,0,0,0,0,0,0,0,0,0,0,0,0,0,0,0,0,0,0,0,0,0,0,0,0,0,0,0
Double Life — Pharrell Williams,Double Life,Pharrell Williams,3.1797,2024-06-14,2024-08-24,89,89,1,0,0,0,0,0,0,0,0,0,0,0,0,0,0,0,0,0,0,0,0,0,0,0,0,0,0,0,0,0,0,0,0,0,0,0,0,0,0,0,0,0,0,1,0,0,0,0,0,0,1,0,0,0
Big Mama — Latto,Big Mama,Latto,2.9,2024-06-28,2024-08-24,92,92,1,0,0,0,0,0,0,0,0,0,0,0,0,0,0,0,0,0,0,0,0,0,0,0,0,0,0,0,0,1,0,0,0,0,0,0,0,0,0,0,0,0,0,0,0,0,1,0,0,0,0,0,0,0
She's Somebody's Daughter (Reimagined) — Drew Baldridge,She's Somebody's Daughter (Reimagined),Drew Baldridge,2.9393333333333334,2019-07-19,2024-08-24,93,93,3,0,0,0,0,0,0,0,0,0,0,0,0,0,0,0,0,0,0,1,0,0,0,0,0,0,0,0,0,0,0,0,0,0,0,0,0,0,0,0,0,0,0,0,0,0,0,0,0,0,0,0,0,0
Residuals — Chris Brown,Residuals,Chris Brown,3.5863,2024-04-11,2024-08-24,97,40,35,0,0,0,0,0,0,0,0,0,0,0,0,0,0,0,0,0,0,0,0,0,0,0,0,0,0,0,0,0,0,0,0,0,0,0,0,0,0,0,0,0,0,0,0,1,0,0,0,0,0,0,0,0
What Don't Belong To Me — Post Malone,What Don't Belong To Me,Post Malone,3.452933333333333,2024-08-16,2024-08-31,40,40,2,0,0,0,0,0,0,0,0,0,0,0,0,0,0,0,0,0,0,1,0,0,0,0,0,0,0,0,0,0,0,0,0,0,0,0,0,0,0,0,0,0,0,0,0,0,0,0,0,0,0,0,0,0
Yours — Post Malone,Yours,Post Malone,3.3239833333333335,2024-08-16,2024-08-31,54,54,1,0,0,0,0,0,0,0,0,0,0,0,0,0,0,0,0,0,0,1,0,0,0,0,0,0,0,0,0,0,0,0,0,0,0,0,0,0,0,0,0,0,0,0,0,0,0,0,0,0,0,0,0,0
Right About You — Post Malone,Right About You,Post Malone,3.0507666666666666,2024-08-16,2024-08-31,88,88,1,0,0,0,0,0,0,0,0,0,0,0,0,0,0,0,0,0,0,1,0,0,0,0,0,0,0,0,0,0,0,0,0,0,0,0,0,0,0,0,0,0,0,0,0,0,0,0,0,0,0,0,0,0
Pretty Slowly — Benson Boone,Pretty Slowly,Benson Boone,4.3570166666666665,2024-08-15,2024-08-31,91,86,3,0,0,0,0,0,0,0,0,0,0,0,0,0,0,0,0,0,0,0,0,0,0,0,0,0,0,0,0,0,0,0,0,0,0,0,0,0,0,0,0,0,0,1,0,0,0,0,0,0,0,0,0,0
Sailor Song — Gigi Perez,Sailor Song,Gigi Perez,3.532983333333333,2025-04-12,2024-08-31,98,22,39,0,0,0,0,0,0,0,0,0,0,0,0,0,0,0,0,0,0,0,0,0,0,0,0,0,0,0,0,0,0,0,0,0,0,0,0,0,0,0,0,0,0,1,0,0,0,0,0,0,0,0,0,0
Taste — Sabrina Carpenter,Taste,Sabrina Carpenter,2.6213333333333333,2024-08-23,2024-09-07,2,2,38,0,0,0,0,0,0,0,0,0,0,0,0,0,0,0,0,0,0,0,0,0,0,0,0,0,0,0,0,0,0,0,0,0,0,0,0,0,0,0,0,0,0,1,0,0,0,0,0,0,0,0,0,0
Bed Chem — Sabrina Carpenter,Bed Chem,Sabrina Carpenter,2.8645,2024-08-23,2024-09-07,14,14,32,0,0,0,0,0,0,0,0,0,0,0,0,0,0,0,0,0,0,0,0,0,0,0,0,0,0,0,0,0,0,0,0,0,0,0,0,0,0,0,0,0,0,1,0,0,0,0,0,0,0,0,0,0
Good Graces — Sabrina Carpenter,Good Graces,Sabrina Carpenter,3.0877833333333333,2024-08-23,2024-09-07,15,15,13,0,0,0,0,0,0,0,0,0,0,0,0,0,0,0,0,0,0,0,0,0,0,0,0,0,0,0,0,0,0,0,0,0,0,0,0,0,0,0,0,0,0,1,0,0,0,0,0,0,0,0,0,0
Sharpest Tool — Sabrina Carpenter,Sharpest Tool,Sabrina Carpenter,3.6380666666666666,2024-08-23,2024-09-07,21,21,7,0,0,0,0,0,0,0,0,0,0,0,0,0,0,0,0,0,0,0,0,0,0,0,0,0,0,0,0,0,0,0,0,0,0,0,0,0,0,0,0,0,0,1,0,0,0,0,0,0,0,0,0,0
Juno — Sabrina Carpenter,Juno,Sabrina Carpenter,3.719866666666667,2024-08-23,2024-09-07,22,22,17,0,0,0,0,0,0,0,0,0,0,0,0,0,0,0,0,0,0,0,0,0,0,0,0,0,0,0,0,0,0,0,0,0,0,0,0,0,0,0,0,0,0,1,0,0,0,0,0,0,0,0,0,0
Coincidence — Sabrina Carpenter,Coincidence,Sabrina Carpenter,2.7367166666666667,2024-08-23,2024-09-07,26,26,7,0,0,0,0,0,0,0,0,0,0,0,0,0,0,0,0,0,0,0,0,0,0,0,0,0,0,0,0,0,0,0,0,0,0,0,0,0,0,0,0,0,0,1,0,0,0,0,0,0,0,0,0,0
Slim Pickins — Sabrina Carpenter,Slim Pickins,Sabrina Carpenter,2.536583333333333,2024-08-23,2024-09-07,27,27,5,0,0,0,0,0,0,0,0,0,0,0,0,0,0,0,0,0,0,0,0,0,0,0,0,0,0,0,0,0,0,0,0,0,0,0,0,0,0,0,0,0,0,1,0,0,0,0,0,0,0,0,0,0
Dumb & Poetic — Sabrina Carpenter,Dumb & Poetic,Sabrina Carpenter,,,2024-09-07,32,32,3,0,0,0,0,0,0,0,0,0,0,0,0,0,0,0,0,0,0,0,0,0,0,0,0,0,0,0,0,0,0,0,0,0,0,0,0,0,0,0,0,0,0,0,0,0,0,0,0,0,0,0,0,0
Don't Smile — Sabrina Carpenter,Don't Smile,Sabrina Carpenter,3.438266666666667,2024-08-23,2024-09-07,35,35,3,0,0,0,0,0,0,0,0,0,0,0,0,0,0,0,0,0,0,0,0,0,0,0,0,0,0,0,0,0,0,0,0,0,0,0,0,0,0,0,0,0,0,1,0,0,0,0,0,0,0,0,0,0
Lie To Girls — Sabrina Carpenter,Lie To Girls,Sabrina Carpenter,3.3666833333333335,2024-08-23,2024-09-07,41,41,2,0,0,0,0,0,0,0,0,0,0,0,0,0,0,0,0,0,0,0,0,0,0,0,0,0,0,0,0,0,0,0,0,0,0,0,0,0,0,0,0,0,0,1,0,0,0,0,0,0,0,0,0,0
Drugs You Should Try It — Travis Scott,Drugs You Should Try It,Travis Scott,,,2024-09-07,66,66,1,0,0,0,0,0,0,0,0,0,0,0,0,0,0,0,0,0,0,0,0,0,0,0,0,0,0,0,0,0,0,0,0,0,0,0,0,0,0,0,0,0,0,0,0,0,0,0,0,0,0,0,0,0
No Face — Drake,No Face,Drake,2.2857166666666666,2024-08-31,2024-09-14,60,60,3,0,0,0,0,0,0,0,0,0,0,0,0,0,0,0,0,0,0,0,0,0,0,0,0,0,0,0,0,1,0,0,0,0,0,0,0,0,0,0,0,0,0,0,0,0,0,0,0,0,0,0,0,0
Circadian Rhythm — Drake,Circadian Rhythm,Drake,2.105933333333333,2024-08-23,2024-09-14,69,59,4,0,0,0,0,0,0,0,0,0,0,0,0,0,0,0,0,0,0,0,0,0,0,0,0,0,0,0,0,1,0,0,0,0,0,0,0,0,0,0,0,0,0,0,0,0,0,0,0,0,0,0,0,0
Crazy — LE SSERAFIM,Crazy,LE SSERAFIM,3.4230833333333335,2024-09-02,2024-09-14,76,76,2,0,0,0,0,0,0,0,0,0,0,0,0,0,0,0,0,0,0,0,0,0,0,0,0,0,0,0,0,0,0,0,0,0,0,1,0,0,0,0,0,0,0,1,0,0,0,0,0,0,0,0,0,0
Tailor Swif — A$AP Rocky,Tailor Swif,A$AP Rocky,2.58985,2024-08-30,2024-09-14,84,84,1,0,0,0,0,0,0,0,0,0,0,0,0,0,0,0,0,0,0,0,0,0,0,0,0,0,0,0,0,1,0,0,0,0,0,0,0,0,0,0,0,0,0,0,0,0,1,0,0,0,0,0,0,0
Love You Again — Chase Matthew,Love You Again,Chase Matthew,2.8939333333333335,2022-12-09,2024-09-14,91,91,1,0,0,0,0,0,0,0,0,0,0,0,0,0,0,0,0,0,0,1,0,0,0,0,0,0,0,0,0,0,0,0,0,0,0,0,0,0,0,0,0,0,0,0,0,0,0,0,0,0,0,0,0,0
Young Love & Saturday Nights — Chris Young,Young Love & Saturday Nights,Chris Young,3.2559666666666667,2023-07-21,2024-09-14,94,94,1,0,0,0,0,0,0,0,0,0,0,0,0,0,0,0,0,0,0,1,0,0,0,0,0,0,0,0,0,0,0,0,0,0,0,0,0,0,0,0,0,0,0,0,0,0,0,0,0,0,0,0,0,0
The Emptiness Machine — Linkin Park,The Emptiness Machine,Linkin Park,3.0872333333333333,2024-09-05,2024-09-21,21,21,7,0,0,0,0,0,0,1,0,0,0,0,0,0,0,0,0,0,0,0,0,0,0,0,0,0,0,0,0,0,0,0,0,0,0,0,0,0,0,0,0,0,0,0,0,0,0,0,0,0,0,0,0,0
Diet Pepsi — Addison Rae,Diet Pepsi,Addison Rae,2.8283,2024-08-09,2024-09-21,86,54,20,0,0,0,0,0,0,0,0,0,0,0,0,0,0,0,0,0,0,0,0,0,0,0,0,0,0,0,0,0,0,0,0,0,0,0,0,0,0,0,0,0,0,1,0,0,0,0,0,0,0,0,0,0
Disco — Surf Curse,Disco,Surf Curse,2.5460166666666666,2019-06-12,2024-09-21,91,91,1,0,0,0,0,0,0,1,0,0,0,0,0,0,0,0,0,0,0,0,0,0,0,0,0,0,0,0,0,0,0,0,0,0,0,0,0,0,0,0,0,0,0,0,0,0,0,0,0,0,0,0,0,0
Shake Dat Ass (Twerk Song) — BossMan DLow,Shake Dat Ass (Twerk Song),BossMan Dlow,3.283333333333333,2023-01-01,2024-09-21,93,82,2,0,0,0,0,0,0,0,0,0,0,0,0,0,0,0,0,0,0,0,0,0,0,0,0,0,0,0,0,1,0,0,0,0,0,0,0,0,0,0,0,0,0,0,0,0,1,0,0,0,0,0,0,0
Baby I'm Back — The Kid LAROI,Baby I'm Back,The Kid LAROI,2.8540666666666668,2024-08-08,2024-09-21,95,89,2,0,0,0,0,0,0,0,0,0,0,0,0,0,0,0,0,0,0,0,0,0,0,0,0,0,0,0,0,0,0,0,0,0,0,0,0,0,0,0,0,0,0,1,0,0,0,0,0,0,0,0,0,0
Dancing In The Flames — The Weeknd,Dancing In The Flames,The Weeknd,,,2024-09-28,14,14,18,0,0,0,0,0,0,0,0,0,0,0,0,0,0,0,0,0,0,0,0,0,0,0,0,0,0,0,0,0,0,0,0,0,0,0,0,0,0,0,0,0,0,0,0,0,0,0,0,0,0,0,0,0
All Red — Playboi Carti,All Red,Playboi Carti,2.46755,2024-09-13,2024-09-28,15,15,4,0,0,0,0,0,0,0,0,0,0,0,0,0,0,0,0,0,0,0,0,0,0,0,0,0,0,0,0,1,0,0,0,0,0,0,0,0,0,0,0,0,0,0,0,0,0,0,0,0,0,0,0,0
It's Ok I'm Ok — Tate McRae,It's Ok I'm Ok,Tate McRae,2.3983166666666667,2024-10-11,2024-09-28,20,20,20,0,0,0,0,0,0,0,0,0,0,0,0,0,0,0,0,0,0,0,0,0,0,0,0,0,0,0,0,0,0,0,0,0,0,0,0,0,0,0,0,0,0,1,0,0,0,0,0,0,0,0,0,0
Passport Junkie — Rod Wave,Passport Junkie,Rod Wave,2.4625,2024-09-13,2024-09-28,61,51,6,0,0,0,0,0,0,0,0,0,0,0,0,0,0,0,0,0,0,0,0,0,0,0,0,0,0,0,0,1,0,0,0,0,0,0,0,0,0,0,0,0,0,0,0,0,1,0,0,0,0,0,0,0
Bad Dreams — Teddy Swims,Bad Dreams,Teddy Swims,3.0763,2024-09-13,2024-09-28,75,30,24,0,0,0,0,0,0,0,0,0,0,0,0,0,0,0,0,0,0,0,0,0,0,0,0,0,0,0,0,0,0,0,0,0,0,0,0,0,0,0,0,0,0,1,0,0,0,0,0,0,0,0,0,0
I Never Lie — Zach Top,I Never Lie,Zach Top,3.74845,2024-04-05,2024-09-28,95,24,34,0,0,0,0,0,0,0,0,0,0,0,0,0,0,0,0,0,0,1,0,0,0,0,0,0,0,0,0,0,0,0,0,0,0,0,0,0,0,0,0,0,0,0,0,0,0,0,0,0,0,1,0,0
Worst Way — Riley Green,Worst Way,Riley Green,3.6759666666666666,2024-03-29,2024-09-28,100,20,31,0,0,0,0,0,0,0,0,0,0,0,0,0,0,0,0,0,0,1,0,0,0,0,0,0,0,0,0,0,0,0,0,0,0,0,0,0,0,0,0,0,0,0,0,0,0,0,0,0,0,0,0,0
Teflon Don — Future,Teflon Don,Future,2.6649,2024-09-20,2024-10-05,21,21,3,0,0,0,0,0,0,0,0,0,0,0,0,0,0,0,0,0,0,0,0,0,0,0,0,0,0,0,0,1,0,0,0,0,0,0,0,0,0,0,0,0,0,0,0,0,0,0,0,0,0,0,0,0
Too Fast — Future,Too Fast,Future,3.42885,2024-09-20,2024-10-05,23,23,3,0,0,0,0,0,0,0,0,0,0,0,0,0,0,0,0,0,0,0,0,0,0,0,0,0,0,0,0,1,0,0,0,0,0,0,0,0,0,0,0,0,0,0,0,0,0,0,0,0,0,0,0,0
Lil Demon — Future,Lil Demon,Future,2.31995,2024-09-20,2024-10-05,25,25,5,0,0,0,0,0,0,0,0,0,0,0,0,0,0,0,0,0,0,0,0,0,0,0,0,0,0,0,0,1,0,0,0,0,0,0,0,0,0,0,0,0,0,0,0,0,0,0,0,0,0,0,0,0
Ski — Future,Ski,Future,2.4598833333333334,2024-09-20,2024-10-05,26,26,3,0,0,0,0,0,0,0,0,0,0,0,0,0,0,0,0,0,0,0,0,0,0,0,0,0,0,0,0,1,0,0,0,0,0,0,0,0,0,0,0,0,0,0,0,0,0,0,0,0,0,0,0,0
Plutoski — Future,Plutoski,Future,2.9837166666666666,2024-09-20,2024-10-05,29,29,3,0,0,0,0,0,0,0,0,0,0,0,0,0,0,0,0,0,0,0,0,0,0,0,0,0,0,0,0,1,0,0,0,0,0,0,0,0,0,0,0,0,0,0,0,0,0,0,0,0,0,0,0,0
Ready To Cook Up — Future,Ready To Cook Up,Future,,,2024-10-05,42,42,1,0,0,0,0,0,0,0,0,0,0,0,0,0,0,0,0,0,0,0,0,0,0,0,0,0,0,0,0,0,0,0,0,0,0,0,0,0,0,0,0,0,0,0,0,0,0,0,0,0,0,0,0,0
Ocean — Future,Ocean,Future,3.38495,2024-09-20,2024-10-05,46,46,1,0,0,0,0,0,0,0,0,0,0,0,0,0,0,0,0,0,0,0,0,0,0,0,0,0,0,0,0,1,0,0,0,0,0,0,0,0,0,0,0,0,0,0,0,0,0,0,0,0,0,0,0,0
South Of France — Future,South Of France,Future,3.0653166666666665,2024-11-01,2024-10-05,57,57,2,0,0,0,0,0,0,0,0,0,0,0,0,0,0,0,0,0,0,0,0,0,0,0,0,0,0,0,0,1,0,0,0,0,0,0,0,0,0,0,0,0,0,0,0,0,0,0,0,0,0,0,0,0
Brazzier — Future,Brazzier,Future,3.1427666666666667,2024-09-20,2024-10-05,59,59,1,0,0,0,0,0,0,0,0,0,0,0,0,0,0,0,0,0,0,0,0,0,0,0,0,0,0,0,0,1,0,0,0,0,0,0,0,0,0,0,0,0,0,0,0,0,0,0,0,0,0,0,0,0
Press The Button — Future,Press The Button,Future,2.8376166666666665,2024-09-20,2024-10-05,61,61,1,0,0,0,0,0,0,0,0,0,0,0,0,0,0,0,0,0,0,0,0,0,0,0,0,0,0,0,0,1,0,0,0,0,0,0,0,0,0,0,0,0,0,0,0,0,0,0,0,0,0,0,0,0
Surfing A Tsunami — Future,Surfing A Tsunami,Future,3.56165,2024-09-20,2024-10-05,63,63,1,0,0,0,0,0,0,0,0,0,0,0,0,0,0,0,0,0,0,0,0,0,0,0,0,0,0,0,0,1,0,0,0,0,0,0,0,0,0,0,0,0,0,0,0,0,0,0,0,0,0,0,0,0
MJ — Future,MJ,Future,1.9152666666666667,2024-09-20,2024-10-05,68,68,1,0,0,0,0,0,0,0,0,0,0,0,0,0,0,0,0,0,0,0,0,0,0,0,0,0,0,0,0,1,0,0,0,0,0,0,0,0,0,0,0,0,0,0,0,0,0,0,0,0,0,0,0,0
Oath — Future,Oath,Future,1.5796166666666667,2024-09-20,2024-10-05,70,70,1,0,0,0,0,0,0,0,0,0,0,0,0,0,0,0,0,0,0,0,0,0,0,0,0,0,0,0,0,1,0,0,0,0,0,0,0,0,0,0,0,0,0,0,0,0,0,0,0,0,0,0,0,0
Burning Down — Alex Warren,Burning Down,Alex Warren,2.9906166666666665,2024-09-16,2024-10-05,76,69,14,0,0,0,0,0,0,0,0,0,0,0,0,0,0,0,0,0,0,0,0,0,0,0,0,0,0,0,0,0,0,0,0,0,0,0,0,0,0,0,0,0,0,1,0,0,0,0,0,0,0,0,0,0
Una Velita — Bad Bunny,Una Velita,Bad Bunny,3.9997666666666665,2024-09-19,2024-10-05,79,79,1,0,0,0,0,0,0,0,0,0,0,0,0,0,0,0,0,0,0,0,0,0,0,0,0,0,0,0,0,0,0,0,0,0,0,0,1,0,0,0,0,0,0,0,0,0,0,0,0,0,0,0,1,0
Aye Say Gang — Future,Aye Say Gang,Future,,,2024-10-05,80,80,1,0,0,0,0,0,0,0,0,0,0,0,0,0,0,0,0,0,0,0,0,0,0,0,0,0,0,0,0,0,0,0,0,0,0,0,0,0,0,0,0,0,0,0,0,0,0,0,0,0,0,0,0,0
Told My — Future,Told My,Future,1.6901333333333333,2024-09-20,2024-10-05,81,81,1,0,0,0,0,0,0,0,0,0,0,0,0,0,0,0,0,0,0,0,0,0,0,0,0,0,0,0,0,1,0,0,0,0,0,0,0,0,0,0,0,0,0,0,0,0,0,0,0,0,0,0,0,0
Lost My Dog — Future,Lost My Dog,Future,2.8956166666666667,2024-09-20,2024-10-05,83,83,1,0,0,0,0,0,0,0,0,0,0,0,0,0,0,0,0,0,0,0,0,0,0,0,0,0,0,0,0,1,0,0,0,0,0,0,0,0,0,0,0,0,0,0,0,0,0,0,0,0,0,0,0,0
Made My Hoe Faint — Future,Made My Hoe Faint,Future,,,2024-10-05,85,85,1,0,0,0,0,0,0,0,0,0,0,0,0,0,0,0,0,0,0,0,0,0,0,0,0,0,0,0,0,0,0,0,0,0,0,0,0,0,0,0,0,0,0,0,0,0,0,0,0,0,0,0,0,0
Hollon — GloRilla,Hollon,GloRilla,2.14765,2024-09-19,2024-10-05,86,48,7,0,0,0,0,0,0,0,0,0,0,0,0,0,0,0,0,0,0,0,0,0,0,0,0,0,0,0,0,1,0,0,0,0,0,0,0,0,0,0,0,0,0,0,0,0,0,0,0,0,0,0,0,0
Fall Fast In Love — Rod Wave,Fall Fast In Love,Rod Wave,,,2024-10-12,68,49,4,0,0,0,0,0,0,0,0,0,0,0,0,0,0,0,0,0,0,0,0,0,0,0,0,0,0,0,0,0,0,0,0,0,0,0,0,0,0,0,0,0,0,0,0,0,0,0,0,0,0,0,0,0
Heavy Is The Crown — Linkin Park,Heavy Is The Crown,Linkin Park,2.3043833333333335,2024-09-24,2024-10-12,79,79,1,0,0,0,0,0,0,1,0,0,0,0,0,0,0,0,0,0,0,0,0,0,0,0,0,0,0,0,0,0,0,0,0,0,0,0,0,0,0,0,0,0,0,0,0,0,0,0,0,0,0,0,0,0
No One Noticed — The Marias,No One Noticed,The Marias,3.94845,2024-05-03,2024-10-12,90,22,41,0,0,0,0,0,0,1,0,0,0,0,0,0,0,0,0,0,0,0,0,0,0,0,0,0,0,0,0,0,0,0,0,0,0,0,0,0,0,0,0,0,0,0,0,0,0,0,0,0,0,0,0,0
El Lokeron — Tito Double P,El Lokeron,Tito Double P,2.4245666666666668,2024-08-22,2024-10-12,92,73,8,0,0,0,0,0,0,0,0,0,0,0,0,0,0,0,0,0,0,0,0,0,0,0,0,0,0,0,0,0,0,0,0,0,0,0,1,0,0,1,0,0,0,0,0,0,0,0,0,0,0,0,0,0
Keep Up — Odetari,Keep Up,Odetari,2.22045,2024-07-17,2024-10-12,96,96,1,0,0,0,0,0,0,0,0,0,0,0,0,0,0,0,0,0,0,0,1,0,0,0,0,0,0,0,0,0,0,0,0,0,0,0,0,0,0,0,0,0,0,0,0,0,0,0,0,0,0,0,0,0
This Is My Dirt — Justin Moore,This Is My Dirt,Justin Moore,3.61765,2023-11-17,2024-10-12,98,96,2,0,0,0,0,0,0,0,0,0,0,0,0,0,0,0,0,0,0,1,0,0,0,0,0,0,0,0,0,0,0,0,0,0,0,0,0,0,0,0,0,0,0,0,0,0,0,0,0,0,0,0,0,0
Fix What You Didn't Break — Nate Smith,Fix What You Didn't Break,Nate Smith,3.35925,2024-08-23,2024-10-19,88,52,20,0,0,0,0,0,0,0,0,0,0,0,0,0,0,0,0,0,0,1,0,0,0,0,0,0,0,0,0,0,0,0,0,0,0,0,0,0,0,0,0,0,0,0,0,0,0,0,0,0,0,0,0,0
New Drop — Don Toliver,New Drop,Don Toliver,3.6222166666666666,2024-06-14,2024-10-19,95,81,6,0,0,0,0,0,0,0,0,0,0,0,0,0,0,0,0,0,0,0,0,0,0,0,0,0,0,0,0,1,0,0,0,0,0,0,0,0,0,0,0,0,0,0,0,0,0,0,0,0,0,0,0,0
25 — Rod Wave,25,Rod Wave,3.0,2024-10-11,2024-10-26,16,16,14,0,0,0,0,0,0,0,0,0,0,0,0,0,0,0,0,0,0,0,0,0,0,0,0,0,0,0,0,1,0,0,0,0,0,0,0,0,0,0,0,0,0,0,0,0,1,0,0,0,0,0,0,0
Last Lap — Rod Wave,Last Lap,Rod Wave,4.1386666666666665,2024-10-11,2024-10-26,35,35,2,0,0,0,0,0,0,0,0,0,0,0,0,0,0,0,0,0,0,0,0,0,0,0,0,0,0,0,0,1,0,0,0,0,0,0,0,0,0,0,0,0,0,0,0,0,1,0,0,0,0,0,0,0
Federal Nightmares — Rod Wave,Federal Nightmares,Rod Wave,3.1431666666666667,2024-10-11,2024-10-26,44,44,2,0,0,0,0,0,0,0,0,0,0,0,0,0,0,0,0,0,0,0,0,0,0,0,0,0,0,0,0,1,0,0,0,0,0,0,0,0,0,0,0,0,0,0,0,0,1,0,0,0,0,0,0,0
Angel With An Attitude — Rod Wave,Angel With An Attitude,Rod Wave,3.26115,2024-10-11,2024-10-26,46,46,2,0,0,0,0,0,0,0,0,0,0,0,0,0,0,0,0,0,0,0,0,0,0,0,0,0,0,0,0,1,0,0,0,0,0,0,0,0,0,0,0,0,0,0,0,0,1,0,0,0,0,0,0,0
Never Mind — Rod Wave,Never Mind,Rod Wave,2.8387166666666666,2024-10-11,2024-10-26,54,54,1,0,0,0,0,0,0,0,0,0,0,0,0,0,0,0,0,0,0,0,0,0,0,0,0,0,0,0,0,1,0,0,0,0,0,0,0,0,0,0,0,0,0,0,0,0,1,0,0,0,0,0,0,0
Turtle Race — Rod Wave,Turtle Race,Rod Wave,3.1094333333333335,2024-10-11,2024-10-26,57,57,1,0,0,0,0,0,0,0,0,0,0,0,0,0,0,0,0,0,0,0,0,0,0,0,0,0,0,0,0,1,0,0,0,0,0,0,0,0,0,0,0,0,0,0,0,0,1,0,0,0,0,0,0,0
Apply Pressure — Rod Wave,Apply Pressure,Rod Wave,2.926833333333333,2024-10-11,2024-10-26,63,63,1,0,0,0,0,0,0,0,0,0,0,0,0,0,0,0,0,0,0,0,0,0,0,0,0,0,0,0,0,1,0,0,0,0,0,0,0,0,0,0,0,0,0,0,0,0,1,0,0,0,0,0,0,0
The Best — Rod Wave,The Best,Rod Wave,2.59655,2024-10-11,2024-10-26,75,75,1,0,0,0,0,0,0,0,0,0,0,0,0,0,0,0,0,0,0,0,0,0,0,0,0,0,0,0,0,1,0,0,0,0,0,0,0,0,0,0,0,0,0,0,0,0,1,0,0,0,0,0,0,0
Even Love — Rod Wave,Even Love,Rod Wave,2.58065,2024-10-11,2024-10-26,82,82,1,0,0,0,0,0,0,0,0,0,0,0,0,0,0,0,0,0,0,0,0,0,0,0,0,0,0,0,0,1,0,0,0,0,0,0,0,0,0,0,0,0,0,0,0,0,1,0,0,0,0,0,0,0
Change Me — BigXthaPlug,Change Me,BigXthaPlug,2.2811166666666667,2024-09-27,2024-10-26,89,79,4,0,0,0,0,0,0,0,0,0,0,0,0,0,0,0,0,0,0,0,0,0,0,0,0,0,0,0,0,1,0,0,0,0,0,0,0,0,0,0,0,0,0,0,0,0,0,0,0,0,0,0,0,0
Waited 2 Late — Rod Wave,Waited 2 Late,Rod Wave,,,2024-10-26,93,93,1,0,0,0,0,0,0,0,0,0,0,0,0,0,0,0,0,0,0,0,0,0,0,0,0,0,0,0,0,0,0,0,0,0,0,0,0,0,0,0,0,0,0,0,0,0,0,0,0,0,0,0,0,0
Mike — Rod Wave,Mike,Rod Wave,2.58385,2024-10-11,2024-10-26,94,94,1,0,0,0,0,0,0,0,0,0,0,0,0,0,0,0,0,0,0,0,0,0,0,0,0,0,0,0,0,1,0,0,0,0,0,0,0,0,0,0,0,0,0,0,0,0,1,0,0,0,0,0,0,0
D.A.R.E. — Rod Wave,D.A.R.E.,Rod Wave,2.5212166666666667,2024-10-11,2024-10-26,95,95,1,0,0,0,0,0,0,0,0,0,0,0,0,0,0,0,0,0,0,0,0,0,0,0,0,0,0,0,0,1,0,0,0,0,0,0,0,0,0,0,0,0,0,0,0,0,1,0,0,0,0,0,0,0
Scared Love — Rod Wave,Scared Love,Rod Wave,3.0980666666666665,2024-10-11,2024-10-26,96,96,1,0,0,0,0,0,0,0,0,0,0,0,0,0,0,0,0,0,0,0,0,0,0,0,0,0,0,0,0,1,0,0,0,0,0,0,0,0,0,0,0,0,0,0,0,0,1,0,0,0,0,0,0,0
Mantra — Jennie,Mantra,JENNIE,2.2771166666666667,2024-10-11,2024-10-26,98,98,2,0,0,0,0,0,0,0,0,0,0,0,0,0,0,0,0,0,0,0,0,0,0,0,0,0,0,0,0,0,0,0,0,0,0,1,0,0,0,0,0,0,0,1,0,0,0,0,0,0,0,0,0,0
Leave Me Alone — BigXthaPlug,Leave Me Alone,BigXthaPlug,2.387783333333333,2024-10-11,2024-10-26,99,96,2,0,0,0,0,0,0,0,0,0,0,0,0,0,0,0,0,0,0,0,0,0,0,0,0,0,0,0,0,1,0,0,0,0,0,0,0,0,0,0,0,0,0,0,0,0,0,0,0,0,0,0,0,0
Karma — Rod Wave,Karma,Rod Wave,2.912333333333333,2024-10-11,2024-10-26,100,100,1,0,0,0,0,0,0,0,0,0,0,0,0,0,0,0,0,0,0,0,0,0,0,0,0,0,0,0,0,1,0,0,0,0,0,0,0,0,0,0,0,0,0,0,0,0,1,0,0,0,0,0,0,0
Love Somebody — Morgan Wallen,Love Somebody,Morgan Wallen,3.4138166666666665,2024-10-18,2024-11-02,1,1,43,0,0,0,0,0,0,0,0,0,0,0,0,0,0,0,0,0,0,1,0,0,0,0,0,0,0,0,0,0,0,0,0,0,0,0,0,0,0,0,0,0,0,0,0,0,0,0,0,0,0,0,0,0
"Noid — Tyler, The Creator",Noid,"Tyler, The Creator",4.7394,2024-10-21,2024-11-02,43,10,5,0,0,0,0,0,0,0,0,0,0,0,0,0,0,0,0,0,0,0,0,0,0,0,0,0,0,0,0,1,0,0,0,0,0,0,0,0,0,0,0,0,0,0,0,0,0,0,1,0,0,0,0,0
That's So True — Gracie Abrams,That's So True,Gracie Abrams,2.7716666666666665,2024-10-18,2024-11-02,44,6,38,0,0,0,0,0,0,0,0,0,0,0,0,0,0,0,0,0,0,0,0,0,0,0,0,0,0,0,0,0,0,0,0,0,0,0,0,0,0,0,0,0,0,1,0,0,0,0,0,0,0,0,0,0
Him All Along — Gunna,Him All Along,Gunna,2.64445,2024-10-18,2024-11-02,58,58,5,0,0,0,0,0,0,0,0,0,0,0,0,0,0,0,0,0,0,0,0,0,0,0,0,0,0,0,0,1,0,0,0,0,0,0,0,0,0,0,0,0,0,0,0,0,0,0,0,0,0,0,0,0
2AM — BigXthaPlug,2AM,BigXthaPlug,3.0688833333333334,2024-10-11,2024-11-02,64,64,3,0,0,0,0,0,0,0,0,0,0,0,0,0,0,0,0,0,0,0,0,0,0,0,0,0,0,0,0,1,0,0,0,0,0,0,0,0,0,0,0,0,0,0,0,0,0,0,0,0,0,0,0,0
Back On My BS — BigXthaPlug,Back On My BS,BigXthaPlug,1.5737666666666668,2023-12-01,2024-11-02,95,95,1,0,0,0,0,0,0,0,0,0,0,0,0,0,0,0,0,0,0,0,0,0,0,0,0,0,0,0,0,1,0,0,0,0,0,0,0,0,0,0,0,0,0,0,0,0,0,0,0,0,0,0,0,0
"Rah Tah Tah — Tyler, The Creator",Rah Tah Tah,"Tyler, The Creator",5.5727166666666665,2015-04-13,2024-11-09,16,16,4,0,0,0,0,0,0,0,0,0,0,0,0,0,0,0,0,0,0,0,0,0,0,0,0,0,0,0,0,1,0,0,0,0,0,0,0,0,0,0,0,0,0,0,0,0,0,0,0,0,0,0,0,0
Disease — Lady Gaga,Disease,Lady Gaga,3.833283333333333,2024-10-25,2024-11-09,27,27,9,0,0,0,0,0,0,0,0,0,0,0,0,0,0,0,0,0,0,0,0,0,0,0,0,0,0,0,0,0,0,0,0,0,0,0,0,0,0,0,0,0,0,1,0,0,0,0,0,0,0,0,0,0
"Hey Jane — Tyler, The Creator",Hey Jane,"Tyler, The Creator",4.012366666666667,2024-10-28,2024-11-09,33,33,2,0,0,0,0,0,0,0,0,0,0,0,0,0,0,0,0,0,0,0,0,0,0,0,0,0,0,0,0,1,0,0,0,0,0,0,0,0,0,0,0,0,0,0,0,0,0,0,0,0,0,0,0,0
"Judge Judy — Tyler, The Creator",Judge Judy,"Tyler, The Creator",4.4937,2024-10-28,2024-11-09,40,40,3,0,0,0,0,0,0,0,0,0,0,0,0,0,0,0,0,0,0,0,0,0,0,0,0,0,0,0,0,1,0,0,0,0,0,0,0,0,0,0,0,0,0,0,0,0,0,0,0,0,0,0,0,0
"I Killed You — Tyler, The Creator",I Killed You,"Tyler, The Creator",2.8070166666666667,2024-10-28,2024-11-09,46,46,2,0,0,0,0,0,0,0,0,0,0,0,0,0,0,0,0,0,0,0,0,0,0,0,0,0,0,0,0,1,0,0,0,0,0,0,0,0,0,0,0,0,0,0,0,0,0,0,0,0,0,0,0,0
"Tomorrow — Tyler, The Creator",Tomorrow,"Tyler, The Creator",3.0387666666666666,2024-10-28,2024-11-09,53,53,2,0,0,0,0,0,0,0,0,0,0,0,0,0,0,0,0,0,0,0,0,0,0,0,0,0,0,0,0,1,0,0,0,0,0,0,0,0,0,0,0,0,0,0,0,0,0,0,0,0,0,0,0,0
Heart Of A Woman — Summer Walker,Heart Of A Woman,Summer Walker,2.85,2024-10-25,2024-11-09,57,57,24,0,0,0,0,0,0,0,0,0,0,0,0,0,0,0,0,0,0,0,0,0,0,0,0,0,0,0,0,0,0,0,0,0,0,0,0,0,0,0,0,0,0,0,0,1,0,0,0,0,0,0,0,0
"I Hope You Find Your Way Home — Tyler, The Creator",I Hope You Find Your Way Home,"Tyler, The Creator",4.495066666666666,2024-10-28,2024-11-09,65,65,2,0,0,0,0,0,0,0,0,0,0,0,0,0,0,0,0,0,0,0,0,0,0,0,0,0,0,0,0,1,0,0,0,0,0,0,0,0,0,0,0,0,0,0,0,0,0,0,0,0,0,0,0,0
Bigger In Texas — Megan Thee Stallion,Bigger In Texas,Megan Thee Stallion,2.54285,2024-10-25,2024-11-09,84,84,1,0,0,0,0,0,0,0,0,0,0,0,0,0,0,0,0,0,0,0,0,0,0,0,0,0,0,0,0,1,0,0,0,0,0,0,0,0,0,0,0,0,0,0,0,0,1,0,0,0,0,0,0,0
No Pole — Don Toliver,No Pole,Don Toliver,3.1268833333333332,2023-02-28,2024-11-09,99,66,26,0,0,0,0,0,0,0,0,0,0,0,0,0,0,0,0,0,0,0,0,0,0,0,0,0,0,0,0,1,0,0,0,0,0,0,0,0,0,0,0,0,0,0,0,0,0,0,0,0,0,0,0,0
Chill Bae — Lil Uzi Vert,Chill Bae,Lil Uzi Vert,2.3054,2024-10-31,2024-11-16,48,48,1,0,0,0,0,0,0,0,0,0,0,0,0,0,0,0,0,0,0,0,0,0,0,0,0,0,0,0,0,1,0,0,0,0,0,0,0,0,0,0,0,0,0,0,0,0,0,0,0,0,0,0,0,0
Light Year (Practice) — Lil Uzi Vert,Light Year (Practice),Lil Uzi Vert,,,2024-11-16,54,54,1,0,0,0,0,0,0,0,0,0,0,0,0,0,0,0,0,0,0,0,0,0,0,0,0,0,0,0,0,0,0,0,0,0,0,0,0,0,0,0,0,0,0,0,0,0,0,0,0,0,0,0,0,0
We Good — Lil Uzi Vert,We Good,Lil Uzi Vert,2.0833333333333335,2024-10-31,2024-11-16,82,82,1,0,0,0,0,0,0,0,0,0,0,0,0,0,0,0,0,0,0,0,0,0,0,0,0,0,0,0,0,1,0,0,0,0,0,0,0,0,0,0,0,0,0,0,0,0,0,0,0,0,0,0,0,0
Brokey — Latto,Brokey,Latto,3.6268833333333332,2024-08-09,2024-11-16,100,84,4,0,0,0,0,0,0,0,0,0,0,0,0,0,0,0,0,0,0,0,0,0,0,0,0,0,0,0,0,1,0,0,0,0,0,0,0,0,0,0,0,0,0,0,0,0,1,0,0,0,0,0,0,0
High Road — Zach Bryan,High Road,Zach Bryan,3.33155,2024-11-07,2024-11-23,29,29,5,0,0,0,0,0,0,0,0,0,0,0,0,0,0,0,0,0,0,1,0,0,0,0,0,0,0,0,0,0,0,0,0,0,0,0,0,0,0,0,0,0,0,0,0,0,0,0,0,0,0,0,0,0
This World's A Giant — Zach Bryan,This World's A Giant,Zach Bryan,,,2024-11-23,49,49,1,0,0,0,0,0,0,0,0,0,0,0,0,0,0,0,0,0,0,0,0,0,0,0,0,0,0,0,0,0,0,0,0,0,0,0,0,0,0,0,0,0,0,0,0,0,0,0,0,0,0,0,0,0
Hard Fought Hallelujah — Brandon Lake,Hard Fought Hallelujah,Brandon Lake,5.266666666666667,2024-11-08,2024-11-23,51,51,9,0,0,0,0,0,0,0,0,0,0,0,1,0,0,0,0,0,0,0,0,0,0,0,0,0,0,0,0,0,0,0,0,0,0,0,0,0,0,0,0,0,0,0,0,0,0,0,0,0,0,0,0,0
4x4xU — Lainey Wilson,4x4xU,Lainey Wilson,3.990883333333333,2024-07-06,2024-11-23,97,45,20,0,0,0,0,0,0,0,0,0,0,0,0,0,0,0,0,0,0,1,0,0,0,0,0,0,0,0,0,0,0,0,0,0,0,0,0,0,0,0,0,0,0,0,0,0,0,0,0,0,0,0,0,0
I Ain't Sayin' — Jordan Davis,I Ain't Sayin',Jordan Davis,2.901,2024-07-26,2024-11-23,98,58,14,0,0,0,0,0,0,0,0,0,0,0,0,0,0,0,0,0,0,1,0,0,0,0,0,0,0,0,0,0,0,0,0,0,0,0,0,0,0,0,0,0,0,0,0,0,0,0,0,0,0,0,0,0
The Largest — BigXthaPlug,The Largest,BigXthaPlug,2.2026666666666666,2024-08-09,2024-11-23,99,71,19,0,0,0,0,0,0,0,0,0,0,0,0,0,0,0,0,0,0,0,0,0,0,0,0,0,0,0,0,1,0,0,0,0,0,0,0,0,0,0,0,0,0,0,0,0,0,0,0,0,0,0,0,0
Criminals — Meghan Trainor,Criminals,Meghan Trainor,2.575083333333333,2024-08-15,2024-11-23,100,100,1,0,0,0,0,0,0,0,0,0,0,0,0,0,0,0,0,0,0,0,0,0,0,0,0,0,0,0,0,0,0,0,0,0,0,0,0,0,0,0,0,0,0,1,0,0,0,0,0,0,0,0,0,0
2 Hands — Tate McRae,2 Hands,Tate McRae,3.0456666666666665,2024-11-14,2024-11-30,41,41,3,0,0,0,0,0,0,0,0,0,0,0,0,0,0,0,0,0,0,0,0,0,0,0,0,0,0,0,0,0,0,0,0,0,0,0,0,0,0,0,0,0,0,1,0,0,0,0,0,0,0,0,0,0
Running Wild — JIN,Running Wild,Jin,2.52745,2024-11-15,2024-11-30,53,53,1,0,0,0,0,0,0,0,0,0,0,0,0,0,0,0,0,0,0,0,0,0,0,0,0,0,0,0,0,0,0,0,0,0,0,1,0,0,0,0,0,0,0,1,0,0,0,0,0,0,0,0,0,0
Insecurities — Lil Baby,Insecurities,Lil Baby,2.1192333333333333,2024-11-15,2024-11-30,56,56,2,0,0,0,0,0,0,0,0,0,0,0,0,0,0,0,0,0,0,0,0,0,0,0,0,0,0,0,0,1,0,0,0,0,0,0,0,0,0,0,0,0,0,0,0,0,0,0,0,0,0,0,0,0
Tu Con El — Rauw Alejandro,Tu Con El,Rauw Alejandro,,,2024-11-30,69,69,1,0,0,0,0,0,0,0,0,0,0,0,0,0,0,0,0,0,0,0,0,0,0,0,0,0,0,0,0,0,0,0,0,0,0,0,0,0,0,0,0,0,0,0,0,0,0,0,0,0,0,0,0,0
Good News — Shaboozey,Good News,Shaboozey,3.3201666666666667,2024-11-15,2024-11-30,71,13,38,0,0,0,0,0,0,0,0,0,0,0,0,0,0,0,0,0,0,1,0,0,0,0,0,0,0,0,0,0,0,0,0,0,0,0,0,0,0,0,0,0,0,0,0,0,0,0,0,0,0,0,0,0
Dejame Entrar — Rauw Alejandro,Dejame Entrar,Rauw Alejandro,4.2451,2024-07-18,2024-11-30,96,96,1,0,1,1,0,0,0,0,0,0,0,0,0,0,0,0,0,0,0,0,0,0,0,0,0,0,0,0,0,0,0,0,0,0,0,0,1,0,0,0,0,0,0,0,0,0,0,0,0,0,0,0,1,0
Squabble Up — Kendrick Lamar,Squabble Up,Kendrick Lamar,2.6332,2024-11-21,2024-12-07,1,1,30,0,0,0,0,0,0,0,0,0,0,0,0,0,0,0,0,0,0,0,0,0,0,0,0,0,0,0,0,1,0,0,0,0,0,0,0,0,0,0,0,0,0,0,0,0,0,0,0,0,0,0,0,0
Wacced Out Murals — Kendrick Lamar,Wacced Out Murals,Kendrick Lamar,,,2024-12-07,4,4,7,0,0,0,0,0,0,0,0,0,0,0,0,0,0,0,0,0,0,0,0,0,0,0,0,0,0,0,0,0,0,0,0,0,0,0,0,0,0,0,0,0,0,0,0,0,0,0,0,0,0,0,0,0
Reincarnated — Kendrick Lamar,Reincarnated,Kendrick Lamar,4.595666666666666,2024-11-22,2024-12-07,8,8,4,0,0,0,0,0,0,0,0,0,0,0,0,0,0,0,0,0,0,0,0,0,0,0,0,0,0,0,0,1,0,0,0,0,0,0,0,0,0,0,0,0,0,0,0,0,0,0,0,0,0,0,0,0
Man At The Garden — Kendrick Lamar,Man At The Garden,Kendrick Lamar,,,2024-12-07,9,9,4,0,0,0,0,0,0,0,0,0,0,0,0,0,0,0,0,0,0,0,0,0,0,0,0,0,0,0,0,0,0,0,0,0,0,0,0,0,0,0,0,0,0,0,0,0,0,0,0,0,0,0,0,0
Heart Pt. 6 — Kendrick Lamar,Heart Pt. 6,Kendrick Lamar,4.87435,2024-11-22,2024-12-07,14,14,4,0,0,0,0,0,0,0,0,0,0,0,0,0,0,0,0,0,0,0,0,0,0,0,0,0,0,0,0,1,0,0,0,0,0,0,0,0,0,0,0,0,0,0,0,0,0,0,0,0,0,0,0,0
Popular — Ariana Grande,Popular,Ariana Grande,4.025033333333333,2024-11-22,2024-12-07,53,53,9,0,0,0,0,0,0,0,0,0,0,0,0,0,0,0,0,0,0,0,0,0,0,0,0,0,0,0,0,0,0,0,0,0,0,0,0,0,0,0,0,0,0,0,0,0,0,0,0,0,1,0,0,0
Hello Miss Johnson — Jack Harlow,Hello Miss Johnson,Jack Harlow,2.7457833333333332,2024-11-21,2024-12-07,85,85,1,0,0,0,0,0,0,0,0,0,0,0,0,0,0,0,0,0,0,0,0,0,0,0,0,0,0,0,0,1,0,0,0,0,0,0,0,0,0,0,0,0,0,0,0,0,0,0,0,0,0,0,0,0
I'm Not That Girl — Cynthia Erivo,I'm Not That Girl,Cynthia Erivo,3.9507333333333334,2024-11-22,2024-12-07,94,94,2,0,0,0,0,0,0,0,0,0,0,0,0,0,0,0,0,0,0,0,0,0,0,0,0,0,0,0,0,0,0,0,0,0,0,0,0,0,0,0,0,0,0,0,0,0,0,0,0,0,1,0,0,0
Gang Baby — NLE Choppa,Gang Baby,NLE Choppa,2.303,2023-12-07,2024-12-07,98,82,5,0,0,0,0,0,0,0,0,0,0,0,0,0,0,0,0,0,0,0,0,0,0,0,0,0,0,0,0,1,0,0,0,0,0,0,0,0,0,0,0,0,0,0,0,0,0,0,0,0,0,0,0,0
Empty Out Your Pockets — Juice WRLD,Empty Out Your Pockets,Juice WRLD,2.2609,2024-11-29,2024-12-14,56,56,5,0,0,0,0,0,0,0,0,0,0,0,0,0,0,0,0,0,0,0,0,0,0,0,0,0,0,0,0,1,0,0,0,0,0,0,0,0,0,0,0,0,0,0,0,0,0,0,0,0,0,0,0,0
Misfit — Juice WRLD,Misfit,Juice WRLD,2.6504833333333333,2024-11-29,2024-12-14,65,65,1,0,0,0,0,0,0,0,0,0,0,0,0,0,0,0,0,0,0,0,0,0,0,0,0,0,0,0,0,1,0,0,0,0,0,0,0,0,0,0,0,0,0,0,0,0,0,0,0,0,0,0,0,0
The Party Never Ends — Juice WRLD,The Party Never Ends,Juice WRLD,2.33795,2024-11-29,2024-12-14,80,80,1,0,0,0,0,0,0,0,0,0,0,0,0,0,0,0,0,0,0,0,0,0,0,0,0,0,0,0,0,1,0,0,0,0,0,0,0,0,0,0,0,0,0,0,0,0,0,0,0,0,0,0,0,0
Christmas Magic — Laufey,Christmas Magic,Laufey,,,2024-12-14,84,56,4,0,0,0,0,0,0,0,0,0,0,0,0,0,0,0,0,0,0,0,0,0,0,0,0,0,0,0,0,0,0,0,0,0,0,0,0,0,0,0,0,0,0,0,0,0,0,0,0,0,0,0,0,0
Messy — Lola Young,Messy,Lola Young,4.73445,2024-05-29,2024-12-14,90,14,32,0,0,0,0,0,0,1,0,0,0,0,0,0,0,0,0,0,0,0,0,0,0,0,0,0,0,0,0,0,0,0,0,0,0,0,0,0,0,0,0,0,0,0,0,0,0,0,0,0,0,0,0,0
KTM Drip — Juice WRLD,KTM Drip,Juice WRLD,4.000016666666666,2024-11-29,2024-12-14,91,91,1,0,0,0,0,0,0,0,0,0,0,0,0,0,0,0,0,0,0,0,0,0,0,0,0,0,0,0,0,1,0,0,0,0,0,0,0,0,0,0,0,0,0,0,0,0,0,0,0,0,0,0,0,0
Cuffed — Juice WRLD,Cuffed,Juice WRLD,4.068233333333334,2024-11-29,2024-12-14,95,95,1,0,0,0,0,0,0,0,0,0,0,0,0,0,0,0,0,0,0,0,0,0,0,0,0,0,0,0,0,1,0,0,0,0,0,0,0,0,0,0,0,0,0,0,0,0,0,0,0,0,0,0,0,0
El Club — Bad Bunny,El Club,Bad Bunny,3.7094833333333335,2024-12-05,2024-12-21,66,27,8,0,0,0,0,0,0,0,0,0,0,0,0,0,0,0,0,0,0,0,0,0,0,0,0,0,0,0,0,0,0,0,0,0,0,0,1,0,0,0,0,0,0,0,0,0,0,0,0,0,0,0,1,0
Rosones — Tito Double P,Rosones,Tito Double P,2.9598333333333335,2024-12-05,2024-12-21,87,76,8,0,0,0,0,0,0,0,0,0,0,0,0,0,0,0,0,0,0,0,0,0,0,0,0,0,0,0,0,0,0,0,0,0,0,0,1,0,0,1,0,0,0,0,0,0,0,0,0,0,0,0,0,0
Toxic Till The End — ROSE,Toxic Till The End,ROSE,2.6114333333333333,2024-11-27,2024-12-21,90,90,1,0,0,0,0,0,0,0,0,0,0,0,0,0,0,0,0,0,0,0,0,0,0,0,0,0,0,0,0,0,0,0,0,0,0,0,0,0,0,0,0,0,0,1,0,0,0,0,0,0,0,0,0,0
Holly Jolly Christmas — Michael Buble,Holly Jolly Christmas,Michael Buble,2.02545,2011-10-14,2025-01-04,37,37,1,0,0,0,0,0,0,0,0,0,0,0,0,1,0,0,0,0,0,0,0,0,0,0,0,0,0,0,0,0,1,0,0,0,0,0,0,0,0,0,0,0,0,0,0,0,0,0,0,0,0,0,0,0
Snowman — Sia,Snowman,Sia,2.765,2017-11-09,2025-01-04,43,43,1,0,0,0,0,0,0,0,0,0,0,0,0,0,0,0,0,0,0,0,0,0,0,0,0,0,0,0,0,0,1,0,0,0,0,0,0,0,0,0,0,0,0,0,0,0,0,0,0,0,0,0,0,0
Winter Wonderland — Darlene Love,Winter Wonderland,Darlene Love,2.4346666666666668,1963-11-22,2025-01-04,48,48,1,0,0,0,0,0,0,0,0,0,0,0,0,0,1,0,0,0,0,0,0,0,0,0,0,0,0,0,0,0,1,0,0,0,0,0,0,0,0,0,0,1,0,1,0,0,0,0,0,0,0,0,0,0
BMF — SZA,BMF,SZA,3.01245,2024-12-20,2025-01-04,55,29,20,0,0,0,0,0,0,0,0,0,0,0,0,0,0,0,0,0,0,0,0,0,0,0,0,0,0,0,0,0,0,0,0,0,0,0,0,0,0,0,0,0,0,0,0,1,0,0,0,0,0,0,0,0
Drive — SZA,Drive,SZA,3.08555,2024-12-20,2025-01-04,59,51,4,0,0,0,0,0,0,0,0,0,0,0,0,0,0,0,0,0,0,0,0,0,0,0,0,0,0,0,0,0,0,0,0,0,0,0,0,0,0,0,0,0,0,0,0,1,0,0,0,0,0,0,0,0
Diamond Boy (DTM) — SZA,Diamond Boy (DTM),SZA,3.625383333333333,2024-12-20,2025-01-04,62,60,2,0,0,0,0,0,0,0,0,0,0,0,0,0,0,0,0,0,0,0,0,0,0,0,0,0,0,0,0,0,0,0,0,0,0,0,0,0,0,0,0,0,0,0,0,1,0,0,0,0,0,0,0,0
Scorsese Baby Daddy — SZA,Scorsese Baby Daddy,SZA,,,2025-01-04,63,41,5,0,0,0,0,0,0,0,0,0,0,0,0,0,0,0,0,0,0,0,0,0,0,0,0,0,0,0,0,0,0,0,0,0,0,0,0,0,0,0,0,0,0,0,0,0,0,0,0,0,0,0,0,0
What Do I Do — SZA,What Do I Do,SZA,2.7908,2024-12-20,2025-01-04,64,62,2,0,0,0,0,0,0,0,0,0,0,0,0,0,0,0,0,0,0,0,0,0,0,0,0,0,0,0,0,0,0,0,0,0,0,0,0,0,0,0,0,0,0,0,0,1,0,0,0,0,0,0,0,0
No More Hiding — SZA,No More Hiding,SZA,2.71105,2024-12-20,2025-01-04,69,69,1,0,0,0,0,0,0,0,0,0,0,0,0,0,0,0,0,0,0,0,0,0,0,0,0,0,0,0,0,0,0,0,0,0,0,0,0,0,0,0,0,0,0,0,0,1,0,0,0,0,0,0,0,0
Crybaby — SZA,Crybaby,SZA,4.032466666666667,2024-12-20,2025-01-04,70,70,2,0,0,0,0,0,0,0,0,0,0,0,0,0,0,0,0,0,0,0,0,0,0,0,0,0,0,0,0,0,0,0,0,0,0,0,0,0,0,0,0,0,0,0,0,1,0,0,0,0,0,0,0,0
Kitchen — SZA,Kitchen,SZA,2.8695166666666667,2024-12-20,2025-01-04,71,71,2,0,0,0,0,0,0,0,0,0,0,0,0,0,0,0,0,0,0,0,0,0,0,0,0,0,0,0,0,0,0,0,0,0,0,0,0,0,0,0,0,0,0,0,0,1,0,0,0,0,0,0,0,0
Another Life — SZA,Another Life,SZA,3.42025,2024-12-20,2025-01-04,73,64,2,0,0,0,0,0,0,0,0,0,0,0,0,0,0,0,0,0,0,0,0,0,0,0,0,0,0,0,0,0,0,0,0,0,0,0,0,0,0,0,0,0,0,0,0,1,0,0,0,0,0,0,0,0
Run Rudolph Run — Mark Ambor,Run Rudolph Run,Mark Ambor,,,2025-01-04,78,78,1,0,0,0,0,0,0,0,0,0,0,0,0,0,0,0,0,0,0,0,0,0,0,0,0,0,0,0,0,0,0,0,0,0,0,0,0,0,0,0,0,0,0,0,0,0,0,0,0,0,0,0,0,0
Love Me 4 Me — SZA,Love Me 4 Me,SZA,,,2025-01-04,79,79,1,0,0,0,0,0,0,0,0,0,0,0,0,0,0,0,0,0,0,0,0,0,0,0,0,0,0,0,0,0,0,0,0,0,0,0,0,0,0,0,0,0,0,0,0,0,0,0,0,0,0,0,0,0
Chill Baby — SZA,Chill Baby,SZA,2.34395,2024-12-20,2025-01-04,80,80,2,0,0,0,0,0,0,0,0,0,0,0,0,0,0,0,0,0,0,0,0,0,0,0,0,0,0,0,0,0,0,0,0,0,0,0,0,0,0,0,0,0,0,0,0,1,0,0,0,0,0,0,0,0
My Turn — SZA,My Turn,SZA,2.9540333333333333,2024-12-20,2025-01-04,81,81,1,0,0,0,0,0,0,0,0,0,0,0,0,0,0,0,0,0,0,0,0,0,0,0,0,0,0,0,0,0,0,0,0,0,0,0,0,0,0,0,0,0,0,0,0,1,0,0,0,0,0,0,0,0
Holiday Road — Kesha,Holiday Road,Kesha,,,2025-01-04,88,88,1,0,0,0,0,0,0,0,0,0,0,0,0,0,0,0,0,0,0,0,0,0,0,0,0,0,0,0,0,0,0,0,0,0,0,0,0,0,0,0,0,0,0,0,0,0,0,0,0,0,0,0,0,0
Santa Baby — Laufey,Santa Baby,Laufey,3.034,2024-11-01,2025-01-04,89,89,1,0,0,0,0,0,0,0,0,0,0,0,0,0,0,0,0,0,0,0,0,0,0,0,0,0,0,0,0,0,0,0,0,0,1,0,0,0,0,0,0,0,0,0,0,0,0,0,0,0,0,0,0,0
Smile — Morgan Wallen,Smile,Morgan Wallen,3.73545,2024-12-31,2025-01-11,27,4,21,0,0,0,0,0,0,0,0,0,0,0,0,0,0,0,0,0,0,1,0,0,0,0,0,0,0,0,0,0,0,0,0,0,0,0,0,0,0,0,0,0,0,0,0,0,0,0,0,0,0,0,0,0
Loco — Neton Vega,Loco,Neton Vega,3.1087,2024-12-20,2025-01-11,50,43,20,0,0,0,0,0,0,0,0,0,0,0,0,0,0,0,0,0,0,0,0,0,0,0,0,0,0,0,0,0,0,0,0,0,0,0,1,0,0,0,0,0,0,0,0,0,0,0,0,0,0,0,1,0
Nadie — Tito Double P,Nadie,Tito Double P,3.28385,2024-11-21,2025-01-11,87,78,6,0,0,0,0,0,0,0,0,0,0,0,0,0,0,0,0,0,0,0,0,0,0,0,0,0,0,0,0,0,0,0,0,0,0,0,1,0,0,1,0,0,0,0,0,0,0,0,0,0,0,0,0,0
Pitorro de Coco — Bad Bunny,Pitorro de Coco,Bad Bunny,,,2025-01-11,91,50,5,0,0,0,0,0,0,0,0,0,0,0,0,0,0,0,0,0,0,0,0,0,0,0,0,0,0,0,0,0,0,0,0,0,0,0,0,0,0,0,0,0,0,0,0,0,0,0,0,0,0,0,0,0
Ends Of The Earth — Ty Myers,Ends Of The Earth,Ty Myers,4.497166666666667,2024-12-06,2025-01-11,94,94,1,0,0,0,0,0,0,0,0,0,0,0,0,0,0,0,0,0,0,1,0,0,0,0,0,0,0,0,0,0,0,0,0,0,0,0,0,0,0,0,0,0,0,0,0,0,0,0,0,0,0,0,0,0
Cowboy Songs — George Birge,Cowboy Songs,George Birge,3.1197833333333334,2024-02-23,2025-01-11,100,100,1,0,0,0,0,0,0,0,0,0,0,0,0,0,0,0,0,0,0,1,0,0,0,0,0,0,0,0,0,0,0,0,0,0,0,0,0,0,0,0,0,0,0,0,0,0,0,0,0,0,0,0,0,0
Nuevayol — Bad Bunny,Nuevayol,Bad Bunny,3.0614166666666667,2025-01-05,2025-01-18,27,8,20,0,0,0,0,0,0,0,0,0,0,0,0,0,0,0,0,0,0,0,0,0,0,0,0,0,0,0,0,0,0,0,0,0,0,0,1,0,0,0,0,0,0,0,0,0,0,0,0,0,0,0,0,0
Baile Inolvidable — Bad Bunny,Baile Inolvidable,Bad Bunny,6.12875,2025-01-05,2025-01-18,28,3,20,0,0,0,0,0,0,0,0,0,0,0,0,0,0,0,0,0,0,0,0,0,0,0,0,0,0,0,0,0,0,0,0,0,0,0,1,0,0,0,0,0,0,0,0,0,0,0,0,0,0,0,0,0
Tweaker — Gelo,Tweaker,Gelo,3.1590666666666665,2025-05-30,2025-01-18,29,29,1,0,0,0,0,0,0,0,0,0,0,0,0,0,0,0,0,0,0,0,0,0,0,0,0,0,0,0,0,1,0,0,0,0,0,0,0,0,0,0,0,0,0,0,0,0,0,0,0,0,0,0,0,0
Voy A Llevarte Pa PR — Bad Bunny,Voy A Llevarte Pa PR,Bad Bunny,,,2025-01-18,36,17,11,0,0,0,0,0,0,0,0,0,0,0,0,0,0,0,0,0,0,0,0,0,0,0,0,0,0,0,0,0,0,0,0,0,0,0,0,0,0,0,0,0,0,0,0,0,0,0,0,0,0,0,0,0
DTMF — Bad Bunny,DTMF,Bad Bunny,3.95195,2025-01-05,2025-01-18,38,2,20,0,0,0,0,0,0,0,0,0,0,0,0,0,0,0,0,0,0,0,0,0,0,0,0,0,0,0,0,0,0,0,0,0,0,0,1,0,0,0,0,0,0,0,0,0,0,0,0,0,0,0,0,0
EOO — Bad Bunny,EOO,Bad Bunny,3.4128,2025-01-05,2025-01-18,54,24,30,0,0,0,0,0,0,0,0,0,0,0,0,0,0,0,0,0,0,0,0,0,0,0,0,0,0,0,0,0,0,0,0,0,0,0,1,0,0,0,0,0,0,0,0,0,0,0,0,0,0,0,0,0
F U 2x — Lil Baby,F U 2x,Lil Baby,,,2025-01-18,57,57,2,0,0,0,0,0,0,0,0,0,0,0,0,0,0,0,0,0,0,0,0,0,0,0,0,0,0,0,0,0,0,0,0,0,0,0,0,0,0,0,0,0,0,0,0,0,0,0,0,0,0,0,0,0
Ketu Tecre — Bad Bunny,Ketu Tecre,Bad Bunny,4.1798166666666665,2025-01-05,2025-01-18,59,38,4,0,0,0,0,0,0,0,0,0,0,0,0,0,0,0,0,0,0,0,0,0,0,0,0,0,0,0,0,0,0,0,0,0,0,0,1,0,0,0,0,0,0,0,0,0,0,0,0,0,0,0,0,0
Listen Up — Lil Baby,Listen Up,Lil Baby,2.5833333333333335,2025-01-03,2025-01-18,65,65,1,0,0,0,0,0,0,0,0,0,0,0,0,0,0,0,0,0,0,0,0,0,0,0,0,0,0,0,0,1,0,0,0,0,0,0,0,0,0,0,0,0,0,0,0,0,0,0,0,0,0,0,0,0
Kloufrens — Bad Bunny,Kloufrens,Bad Bunny,3.318583333333333,2025-01-05,2025-01-18,66,40,5,0,0,0,0,0,0,0,0,0,0,0,0,0,0,0,0,0,0,0,0,0,0,0,0,0,0,0,0,0,0,0,0,0,0,0,1,0,0,0,0,0,0,0,0,0,0,0,0,0,0,0,0,0
Bokete — Bad Bunny,Bokete,Bad Bunny,3.5997333333333335,2025-01-05,2025-01-18,69,42,4,0,0,0,0,0,0,0,0,0,0,0,0,0,0,0,0,0,0,0,0,0,0,0,0,0,0,0,0,0,0,0,0,0,0,0,1,0,0,0,0,0,0,0,0,0,0,0,0,0,0,0,0,0
I Promise — Lil Baby,I Promise,Lil Baby,4.5157,2007-04-13,2025-01-18,71,71,1,0,0,0,0,0,0,0,0,0,0,0,0,0,0,0,0,0,0,0,0,0,0,0,0,0,0,0,0,1,0,0,0,0,0,0,0,0,0,0,0,0,0,0,0,0,0,0,0,0,0,0,0,0
Due 4A Win — Lil Baby,Due 4A Win,Lil Baby,2.1011166666666665,2025-01-03,2025-01-18,73,73,1,0,0,0,0,0,0,0,0,0,0,0,0,0,0,0,0,0,0,0,0,0,0,0,0,0,0,0,0,1,0,0,0,0,0,0,0,0,0,0,0,0,0,0,0,0,0,0,0,0,0,0,0,0
So Sorry — Lil Baby,So Sorry,Lil Baby,3.3333333333333335,2025-01-03,2025-01-18,74,74,1,0,0,0,0,0,0,0,0,0,0,0,0,0,0,0,0,0,0,0,0,0,0,0,0,0,0,0,0,1,0,0,0,0,0,0,0,0,0,0,0,0,0,0,0,0,0,0,0,0,0,0,0,0
Denial Is A River — Doechii,Denial Is A River,Doechii,2.6597666666666666,2024-08-30,2025-01-18,76,21,19,0,0,0,0,0,0,0,0,0,0,0,0,0,0,0,0,0,0,0,0,0,0,0,0,0,0,0,0,1,0,0,0,0,0,0,0,0,0,0,0,0,0,0,0,0,0,0,0,0,0,0,0,0
Turista — Bad Bunny,Turista,Bad Bunny,3.167133333333333,2025-01-05,2025-01-18,77,45,4,0,0,0,0,0,0,0,0,0,0,0,0,0,0,0,0,0,0,0,0,0,0,0,0,0,0,0,0,0,0,0,0,0,0,0,1,0,0,0,0,0,0,0,0,0,0,0,0,0,0,0,0,0
Stiff Gang — Lil Baby,Stiff Gang,Lil Baby,2.8577833333333333,2025-01-03,2025-01-18,86,86,1,0,0,0,0,0,0,0,0,0,0,0,0,0,0,0,0,0,0,0,0,0,0,0,0,0,0,0,0,1,0,0,0,0,0,0,0,0,0,0,0,0,0,0,0,0,0,0,0,0,0,0,0,0
Lo Que Le Paso A Hawaii — Bad Bunny,Lo Que Le Paso A Hawaii,Bad Bunny,3.8230333333333335,2025-01-05,2025-01-18,94,62,3,0,0,0,0,0,0,0,0,0,0,0,0,0,0,0,0,0,0,0,0,0,0,0,0,0,0,0,0,0,0,0,0,0,0,0,1,0,0,0,0,0,0,0,0,0,0,0,0,0,0,0,0,0
La Mudanza — Bad Bunny,La Mudanza,Bad Bunny,3.5501833333333335,2025-01-05,2025-01-18,95,51,4,0,0,0,0,0,0,0,0,0,0,0,0,0,0,0,0,0,0,0,0,0,0,0,0,0,0,0,0,0,0,0,0,0,0,0,1,0,0,0,0,0,0,0,0,0,0,0,0,0,0,0,0,0
Free Promo — Lil Baby,Free Promo,Lil Baby,3.0033333333333334,2025-01-03,2025-01-18,99,99,1,0,0,0,0,0,0,0,0,0,0,0,0,0,0,0,0,0,0,0,0,0,0,0,0,0,0,0,0,1,0,0,0,0,0,0,0,0,0,0,0,0,0,0,0,0,0,0,0,0,0,0,0,0
Bigger Houses — Dan + Shay,Bigger Houses,Dan + Shay,3.28445,2023-07-14,2025-01-25,91,91,1,0,0,0,0,0,0,0,0,0,0,0,0,0,0,0,0,0,0,1,0,0,0,0,0,0,0,0,0,0,0,0,0,0,0,0,0,0,0,0,0,0,0,0,0,0,0,0,0,0,0,0,0,0
The Days — CHRYSTAL,The Days,CHRYSTAL,2.82355,2024-10-01,2025-01-25,97,83,6,0,0,0,0,0,0,0,0,0,0,0,0,0,0,0,0,0,0,0,1,0,0,0,0,0,0,0,0,0,0,0,0,0,0,0,0,0,0,0,0,0,0,0,0,0,0,0,0,0,0,0,0,0
Headlock — Imogen Heap,Headlock,Imogen Heap,3.588983333333333,2005-07-18,2025-01-25,100,82,12,0,0,0,0,0,0,0,0,0,0,0,0,0,0,0,0,0,0,0,0,0,0,0,0,0,0,0,0,0,0,0,0,0,0,0,0,0,0,0,0,0,0,1,0,0,0,0,0,0,0,0,0,0
Funny Papers — Mac Miller,Funny Papers,Mac Miller,4.399016666666666,2025-01-17,2025-02-01,77,77,1,0,0,0,0,0,0,0,0,0,0,0,0,0,0,0,0,0,0,0,0,0,0,0,0,0,0,0,0,1,0,0,0,0,0,0,0,0,0,0,0,0,0,0,0,0,0,0,0,0,0,0,0,0
5 Dollar Pony Rides — Mac Miller,5 Dollar Pony Rides,Mac Miller,3.701983333333333,2025-01-09,2025-02-01,85,85,1,0,0,0,0,0,0,0,0,0,0,0,0,0,0,0,0,0,0,0,0,0,0,0,0,0,0,0,0,1,0,0,0,0,0,0,0,0,0,0,0,0,0,0,0,0,0,0,0,0,0,0,0,0
Push 2 Start — Tyla,Push 2 Start,Tyla,2.613766666666667,2024-10-09,2025-02-01,88,88,7,0,0,0,0,0,0,0,0,0,0,0,0,0,0,0,0,0,0,0,0,0,0,0,0,0,0,0,0,0,0,0,0,0,0,0,0,0,0,0,0,0,0,1,0,1,0,0,0,0,0,0,0,0
Stoned — Mac Miller,Stoned,Mac Miller,4.0587,2025-01-17,2025-02-01,97,97,1,0,0,0,0,0,0,0,0,0,0,0,0,0,0,0,0,0,0,0,0,0,0,0,0,0,0,0,0,1,0,0,0,0,0,0,0,0,0,0,0,0,0,0,0,0,0,0,0,0,0,0,0,0
4X4 — Travis Scott,4X4,Travis Scott,3.1763666666666666,2025-01-24,2025-02-08,1,1,4,0,0,0,0,0,0,0,0,0,0,0,0,0,0,0,0,0,0,0,0,0,0,0,0,0,0,0,0,1,0,0,0,0,0,0,0,0,0,0,0,0,0,0,0,0,0,0,0,0,0,0,0,0
Sports Car — Tate McRae,Sports Car,Tate McRae,2.75075,2025-01-24,2025-02-08,21,16,23,0,0,0,0,0,0,0,0,0,0,0,0,0,0,0,0,0,0,0,0,0,0,0,0,0,0,0,0,0,0,0,0,0,0,0,0,0,0,0,0,0,0,1,0,0,0,0,0,0,0,0,0,0
Blue Jean Baby — Zach Bryan,Blue Jean Baby,Zach Bryan,2.2011333333333334,2025-01-27,2025-02-08,73,73,2,0,0,0,0,0,0,0,0,0,0,0,0,0,0,0,0,0,0,1,0,0,0,0,0,0,0,0,0,0,0,0,0,0,0,0,0,0,0,0,0,0,0,0,0,0,0,0,0,0,0,0,0,0
Backseat Driver — Kane Brown,Backseat Driver,Kane Brown,3.8011166666666667,2024-10-11,2025-02-08,79,60,16,0,0,0,0,0,0,0,0,0,0,0,0,0,0,0,0,0,0,1,0,0,0,0,0,0,0,0,0,0,0,0,0,0,0,0,0,0,0,0,0,0,0,0,0,0,0,0,0,0,0,0,0,0
Weren't For The Wind — Ella Langley,Weren't For The Wind,Ella Langley,3.2277833333333334,2024-10-04,2025-02-08,85,18,24,0,0,0,0,0,0,0,0,0,0,0,0,0,0,0,0,0,0,1,0,0,0,0,0,0,0,0,0,0,0,0,0,0,0,0,0,0,0,0,0,0,0,0,0,0,0,0,0,0,0,0,0,0
Mutt — Leon Thomas,Mutt,Leon Thomas,3.2222166666666667,2024-08-08,2025-02-08,100,12,28,0,0,0,0,0,0,0,0,0,0,0,0,0,0,0,0,0,0,0,0,0,0,0,0,0,0,0,0,0,0,0,0,0,0,0,0,0,0,0,0,0,0,0,0,1,0,0,0,0,0,0,0,0
I'm The Problem — Morgan Wallen,I'm The Problem,Morgan Wallen,,,2025-02-15,2,2,28,0,0,0,0,0,0,0,0,0,0,0,0,0,0,0,0,0,0,0,0,0,0,0,0,0,0,0,0,0,0,0,0,0,0,0,0,0,0,0,0,0,0,0,0,0,0,0,0,0,0,0,0,0
Cry For Me — The Weeknd,Cry For Me,The Weeknd,,,2025-02-15,12,12,21,0,0,0,0,0,0,0,0,0,0,0,0,0,0,0,0,0,0,0,0,0,0,0,0,0,0,0,0,0,0,0,0,0,0,0,0,0,0,0,0,0,0,0,0,0,0,0,0,0,0,0,0,0
Abracadabra — Lady Gaga,Abracadabra,Lady Gaga,3.7233,2025-02-03,2025-02-15,29,13,20,0,0,0,0,0,0,0,0,0,0,0,0,0,0,0,0,0,0,0,0,0,0,0,0,0,0,0,0,0,0,0,0,0,0,0,0,0,0,0,0,0,0,1,0,0,0,0,0,0,0,0,0,0
Baptized In Fear — The Weeknd,Baptized In Fear,The Weeknd,3.8696,2025-01-31,2025-02-15,46,46,2,0,0,0,0,0,0,0,0,0,0,0,0,0,0,0,0,0,0,0,0,0,0,0,0,0,0,0,0,0,0,0,0,0,0,0,0,0,0,0,0,0,0,0,0,1,0,0,0,0,0,0,0,0
Open Hearts — The Weeknd,Open Hearts,The Weeknd,3.9154,2025-01-31,2025-02-15,48,48,2,0,0,0,0,0,0,0,0,0,0,0,0,0,0,0,0,0,0,0,0,0,0,0,0,0,0,0,0,0,0,0,0,0,0,0,0,0,0,0,0,0,0,0,0,1,0,0,0,0,0,0,0,0
Niagara Falls — The Weeknd,Niagara Falls,The Weeknd,4.62125,2025-01-31,2025-02-15,65,65,1,0,0,0,0,0,0,0,0,0,0,0,0,0,0,0,0,0,0,0,0,0,0,0,0,0,0,0,0,0,0,0,0,0,0,0,0,0,0,0,0,0,0,0,0,1,0,0,0,0,0,0,0,0
Take Me Back To LA — The Weeknd,Take Me Back To LA,The Weeknd,4.228916666666667,2025-01-31,2025-02-15,69,69,1,0,0,0,0,0,0,0,0,0,0,0,0,0,0,0,0,0,0,0,0,0,0,0,0,0,0,0,0,0,0,0,0,0,0,0,0,0,0,0,0,0,0,0,0,1,0,0,0,0,0,0,0,0
Given Up On Me — The Weeknd,Given Up On Me,The Weeknd,,,2025-02-15,71,71,1,0,0,0,0,0,0,0,0,0,0,0,0,0,0,0,0,0,0,0,0,0,0,0,0,0,0,0,0,0,0,0,0,0,0,0,0,0,0,0,0,0,0,0,0,0,0,0,0,0,0,0,0,0
Opening Night — The Weeknd,Opening Night,The Weeknd,1.6004,2025-01-31,2025-02-15,74,74,1,0,0,0,0,0,0,0,0,0,0,0,0,0,0,0,0,0,0,0,0,0,0,0,0,0,0,0,0,0,0,0,0,0,0,0,0,0,0,0,0,0,0,0,0,1,0,0,0,0,0,0,0,0
I Can't Wait To Get There — The Weeknd,I Can't Wait To Get There,The Weeknd,3.1487,2025-01-31,2025-02-15,82,82,1,0,0,0,0,0,0,0,0,0,0,0,0,0,0,0,0,0,0,0,0,0,0,0,0,0,0,0,0,0,0,0,0,0,0,0,0,0,0,0,0,0,0,0,0,1,0,0,0,0,0,0,0,0
Nissan Altima — Doechii,Nissan Altima,Doechii,2.1355333333333335,2024-08-30,2025-02-15,92,73,2,0,0,0,0,0,0,0,0,0,0,0,0,0,0,0,0,0,0,0,0,0,0,0,0,0,0,0,0,1,0,0,0,0,0,0,0,0,0,0,0,0,0,0,0,0,0,0,0,0,0,0,0,0
Twenties — Giveon,Twenties,Giveon,2.8659333333333334,2025-02-07,2025-02-22,55,55,3,0,0,0,0,0,0,0,0,0,0,0,0,0,0,0,0,0,0,0,0,0,0,0,0,0,0,0,0,0,0,0,0,0,0,0,0,0,0,0,0,0,0,0,0,1,0,0,0,0,0,0,0,0
Ordinary — Alex Warren,Ordinary,Alex Warren,3.1160666666666668,2024-09-26,2025-02-22,61,1,27,0,0,0,0,0,0,0,0,0,0,0,0,0,0,0,0,0,0,0,0,0,0,0,0,0,0,0,0,0,0,0,0,0,0,0,0,0,0,0,0,0,0,1,0,0,0,0,0,0,0,0,0,0
Gimme A Hug — Drake,Gimme A Hug,Drake,3.2175666666666665,2025-02-14,2025-03-01,6,6,11,0,0,0,0,0,0,0,0,0,0,0,0,0,0,0,0,0,0,0,0,0,0,0,0,0,0,0,0,0,0,0,0,0,0,0,0,0,0,0,0,0,0,0,0,1,0,0,0,0,0,0,0,0
Nokia — Drake,Nokia,Drake,4.01705,2025-02-14,2025-03-01,10,2,26,0,0,0,0,0,0,0,0,0,0,0,0,0,0,0,0,0,0,0,0,0,0,0,0,0,0,0,0,0,0,0,0,0,0,0,0,0,0,0,0,0,0,0,0,1,0,0,0,0,0,0,0,0
Busy Woman — Sabrina Carpenter,Busy Woman,Sabrina Carpenter,3.1102166666666666,2024-08-23,2025-03-01,27,27,16,0,0,0,0,0,0,0,0,0,0,0,0,0,0,0,0,0,0,0,0,0,0,0,0,0,0,0,0,0,0,0,0,0,0,0,0,0,0,0,0,0,0,1,0,0,0,0,0,0,0,0,0,0
Deeper — PARTYNEXTDOOR,Deeper,PARTYNEXTDOOR,2.8723,2025-02-14,2025-03-01,31,31,3,0,0,0,0,0,0,0,0,0,0,0,0,0,0,0,0,0,0,0,0,0,0,0,0,0,0,0,0,0,0,0,0,0,0,0,0,0,0,0,0,0,0,0,0,1,0,0,0,0,0,0,0,0
Crying In Chanel — Drake,Crying In Chanel,Drake,3.3267166666666665,2025-02-14,2025-03-01,37,37,1,0,0,0,0,0,0,0,0,0,0,0,0,0,0,0,0,0,0,0,0,0,0,0,0,0,0,0,0,0,0,0,0,0,0,0,0,0,0,0,0,0,0,0,0,1,0,0,0,0,0,0,0,0
Small Town Fame — Drake,Small Town Fame,Drake,2.4751666666666665,2025-02-14,2025-03-01,40,40,2,0,0,0,0,0,0,0,0,0,0,0,0,0,0,0,0,0,0,0,0,0,0,0,0,0,0,0,0,0,0,0,0,0,0,0,0,0,0,0,0,0,0,0,0,1,0,0,0,0,0,0,0,0
Raining In Houston — Drake,Raining In Houston,Drake,4.082183333333333,2025-02-14,2025-03-01,43,43,2,0,0,0,0,0,0,0,0,0,0,0,0,0,0,0,0,0,0,0,0,0,0,0,0,0,0,0,0,0,0,0,0,0,0,0,0,0,0,0,0,0,0,0,0,1,0,0,0,0,0,0,0,0
Brian Steel — Drake,Brian Steel,Drake,1.8567833333333332,2025-02-14,2025-03-01,47,47,1,0,0,0,0,0,0,0,0,0,0,0,0,0,0,0,0,0,0,0,0,0,0,0,0,0,0,0,0,0,0,0,0,0,0,0,0,0,0,0,0,0,0,0,0,1,0,0,0,0,0,0,0,0
15 Minutes — Sabrina Carpenter,15 Minutes,Sabrina Carpenter,3.1919833333333334,2024-08-23,2025-03-01,67,67,1,0,0,0,0,0,0,0,0,0,0,0,0,0,0,0,0,0,0,0,0,0,0,0,0,0,0,0,0,0,0,0,0,0,0,0,0,0,0,0,0,0,0,1,0,0,0,0,0,0,0,0,0,0
Couldn't Make It Any Harder — Sabrina Carpenter,Couldn't Make It Any Harder,Sabrina Carpenter,,,2025-03-01,84,84,1,0,0,0,0,0,0,0,0,0,0,0,0,0,0,0,0,0,0,0,0,0,0,0,0,0,0,0,0,0,0,0,0,0,0,0,0,0,0,0,0,0,0,0,0,0,0,0,0,0,0,0,0,0
Por Esos Ojos — Fuerza Regida,Por Esos Ojos,Fuerza Regida,3.1344166666666666,2025-02-11,2025-03-01,85,64,15,0,0,0,0,0,0,0,0,0,0,0,0,0,0,0,0,0,0,0,0,0,0,0,0,0,0,0,0,0,0,0,0,0,0,0,1,0,0,1,0,0,0,0,0,0,0,0,0,0,0,0,0,0
Bad Reviews — Sabrina Carpenter,Bad Reviews,Sabrina Carpenter,2.35655,2024-08-23,2025-03-01,87,87,1,0,0,0,0,0,0,0,0,0,0,0,0,0,0,0,0,0,0,0,0,0,0,0,0,0,0,0,0,0,0,0,0,0,0,0,0,0,0,0,0,0,0,1,0,0,0,0,0,0,0,0,0,0
Revolving Door — Tate McRae,Revolving Door,Tate McRae,3.00055,2025-02-21,2025-03-08,22,22,18,0,0,0,0,0,0,0,0,0,0,0,0,0,0,0,0,0,0,0,0,0,0,0,0,0,0,0,0,0,0,0,0,0,0,0,0,0,0,0,0,0,0,1,0,0,0,0,0,0,0,0,0,0
Dear God — Tate McRae,Dear God,Tate McRae,2.85025,2025-02-21,2025-03-08,44,44,2,0,0,0,0,0,0,0,0,0,0,0,0,0,0,0,0,0,0,0,0,0,0,0,0,0,0,0,0,0,0,0,0,0,0,0,0,0,0,0,0,0,0,1,0,0,0,0,0,0,0,0,0,0
Purple Lace Bra — Tate McRae,Purple Lace Bra,Tate McRae,3.1855333333333333,2025-02-21,2025-03-08,53,53,2,0,0,0,0,0,0,0,0,0,0,0,0,0,0,0,0,0,0,0,0,0,0,0,0,0,0,0,0,0,0,0,0,0,0,0,0,0,0,0,0,0,0,1,0,0,0,0,0,0,0,0,0,0
Miss Possessive — Tate McRae,Miss Possessive,Tate McRae,2.3183166666666666,2025-02-21,2025-03-08,54,54,2,0,0,0,0,0,0,0,0,0,0,0,0,0,0,0,0,0,0,0,0,0,0,0,0,0,0,0,0,0,0,0,0,0,0,0,0,0,0,0,0,0,0,1,0,0,0,0,0,0,0,0,0,0
cLOUDs — J. Cole,cLOUDs,J. Cole,4.034783333333333,2025-02-21,2025-03-08,69,69,2,0,0,0,0,0,0,0,0,0,0,0,0,0,0,0,0,0,0,0,0,0,0,0,0,0,0,0,0,1,0,0,0,0,0,0,0,0,0,0,0,0,0,0,0,0,0,0,0,0,0,0,0,0
Signs — Tate McRae,Signs,Tate McRae,2.8960833333333333,2025-02-21,2025-03-08,74,74,1,0,0,0,0,0,0,0,0,0,0,0,0,0,0,0,0,0,0,0,0,0,0,0,0,0,0,0,0,0,0,0,0,0,0,0,0,0,0,0,0,0,0,1,0,0,0,0,0,0,0,0,0,0
Little Things — Ella Mai,Little Things,Ella Mai,2.8820666666666668,2024-11-03,2025-03-08,89,81,7,0,0,0,0,0,0,0,0,0,0,0,0,0,0,0,0,0,0,0,0,0,0,0,0,0,0,0,0,0,0,0,0,0,0,0,0,0,0,0,0,0,0,0,0,1,0,0,0,0,0,0,0,0
Like I Do — Tate McRae,Like I Do,Tate McRae,,,2025-03-08,90,90,1,0,0,0,0,0,0,0,0,0,0,0,0,0,0,0,0,0,0,0,0,0,0,0,0,0,0,0,0,0,0,0,0,0,0,0,0,0,0,0,0,0,0,0,0,0,0,0,0,0,0,0,0,0
Greenlight — Tate McRae,Greenlight,Tate McRae,2.7515833333333335,2025-02-21,2025-03-08,99,99,1,0,0,0,0,0,0,0,0,0,0,0,0,0,0,0,0,0,0,0,0,0,0,0,0,0,0,0,0,0,0,0,0,0,0,0,0,0,0,0,0,0,0,1,0,0,0,0,0,0,0,0,0,0
Sorry I'm Here For Someone Else — Benson Boone,Sorry I'm Here For Someone Else,Benson Boone,2.6097,2025-02-27,2025-03-15,44,19,24,0,0,0,0,0,0,0,0,0,0,0,0,0,0,0,0,0,0,0,0,0,0,0,0,0,0,0,0,0,0,0,0,0,0,0,0,0,0,0,0,0,0,1,0,0,0,0,0,0,0,0,0,0
Ms. Whitman — Bhad Bhabie,Ms. Whitman,Bhad Bhabie,2.1006,2025-02-25,2025-03-15,56,56,3,0,0,0,0,0,0,0,0,0,0,0,0,0,0,0,0,0,0,0,0,0,0,0,0,0,0,0,0,1,0,0,0,0,0,0,0,0,0,0,0,0,0,0,0,0,0,0,0,0,0,0,0,0
Tattoo — Tito Double P,Tattoo,Tito Double P,2.7992666666666666,2025-02-27,2025-03-15,85,72,8,0,0,0,0,0,0,0,0,0,0,0,0,0,0,0,0,0,0,0,0,0,0,0,0,0,0,0,0,0,0,0,0,0,0,0,1,0,0,1,0,0,0,0,0,0,0,0,0,0,0,0,0,0
Anxiety — Doechii,Anxiety,Doechii,4.155033333333333,2025-03-05,2025-03-22,13,9,20,0,0,0,0,0,0,0,0,0,0,0,0,0,0,0,0,0,0,0,0,0,0,0,0,0,0,0,0,1,0,0,0,0,0,0,0,0,0,0,0,0,0,0,0,0,0,0,0,0,0,0,0,0
Garden Of Eden — Lady Gaga,Garden Of Eden,Lady Gaga,3.99535,2025-03-07,2025-03-22,52,52,1,0,0,0,0,0,0,0,0,0,0,0,0,0,0,0,0,0,0,0,0,0,0,0,0,0,0,0,0,0,0,0,0,0,0,0,0,0,0,0,0,0,0,1,0,0,0,0,0,0,0,0,0,0
Vanish Into You — Lady Gaga,Vanish Into You,Lady Gaga,4.081916666666666,2025-09-01,2025-03-22,61,61,1,0,0,0,0,0,0,0,0,0,0,0,0,0,0,0,0,0,0,0,0,0,0,0,0,0,0,0,0,0,0,0,0,0,0,0,0,0,0,0,0,0,0,1,0,0,0,0,0,0,0,0,0,0
How Bad Do U Want Me — Lady Gaga,How Bad Do U Want Me,Lady Gaga,3.98145,2025-09-01,2025-03-22,69,69,1,0,0,0,0,0,0,0,0,0,0,0,0,0,0,0,0,0,0,0,0,0,0,0,0,0,0,0,0,0,0,0,0,0,0,0,0,0,0,0,0,0,0,1,0,0,0,0,0,0,0,0,0,0
Perfect Celebrity — Lady Gaga,Perfect Celebrity,Lady Gaga,3.820866666666667,2025-03-07,2025-03-22,81,81,1,0,0,0,0,0,0,0,0,0,0,0,0,0,0,0,0,0,0,0,0,0,0,0,0,0,0,0,0,0,0,0,0,0,0,0,0,0,0,0,0,0,0,1,0,0,0,0,0,0,0,0,0,0
like JENNIE — JENNIE,like JENNIE,JENNIE,2.0586333333333333,2025-03-03,2025-03-22,83,83,3,0,0,0,0,0,0,0,0,0,0,0,0,0,0,0,0,0,0,0,0,0,0,0,0,0,0,0,0,0,0,0,0,0,0,1,0,0,0,0,0,0,0,1,0,0,0,0,0,0,0,0,0,0
Zombieboy — Lady Gaga,Zombieboy,Lady Gaga,3.555616666666667,2025-03-07,2025-03-22,85,85,1,0,0,0,0,0,0,0,0,0,0,0,0,0,0,0,0,0,0,0,0,0,0,0,0,0,0,0,0,0,0,0,0,0,0,0,0,0,0,0,0,0,0,1,0,0,0,0,0,0,0,0,0,0
LoveDrug — Lady Gaga,LoveDrug,Lady Gaga,3.22055,2025-03-07,2025-03-22,95,95,1,0,0,0,0,0,0,0,0,0,0,0,0,0,0,0,0,0,0,0,0,0,0,0,0,0,0,0,0,0,0,0,0,0,0,0,0,0,0,0,0,0,0,1,0,0,0,0,0,0,0,0,0,0
Texas — Blake Shelton,Texas,Blake Shelton,2.8351166666666665,2024-11-15,2025-03-22,97,61,9,0,0,0,0,0,0,0,0,0,0,0,0,0,0,0,0,0,0,1,0,0,0,0,0,0,0,0,0,0,0,0,0,0,0,0,0,0,0,0,0,0,0,0,0,0,0,0,0,0,0,0,0,0
Evil J0rdan — Playboi Carti,Evil J0rdan,Playboi Carti,3.0654833333333333,2025-03-14,2025-03-29,2,2,5,0,0,0,0,0,0,0,0,0,0,0,0,0,0,0,0,0,0,0,0,0,0,0,0,0,0,0,0,1,0,0,0,0,0,0,0,0,0,0,0,0,0,0,0,0,0,0,0,0,0,0,0,0
The Giver — Chappell Roan,The Giver,Chappell Roan,3.3794666666666666,2025-03-13,2025-03-29,5,5,8,0,0,0,0,0,0,0,0,0,0,0,0,0,0,0,0,0,0,1,0,0,0,0,0,0,0,0,0,0,0,0,0,0,0,0,0,0,0,0,0,0,0,0,0,0,0,0,0,0,0,0,0,0
Mojo Jojo — Playboi Carti,Mojo Jojo,Playboi Carti,2.6048833333333334,2025-03-14,2025-03-29,27,27,1,0,0,0,0,0,0,0,0,0,0,0,0,0,0,0,0,0,0,0,0,0,0,0,0,0,0,0,0,1,0,0,0,0,0,0,0,0,0,0,0,0,0,0,0,0,0,0,0,0,0,0,0,0
Fine Shit — Playboi Carti,Fine Shit,Playboi Carti,1.7792166666666667,2025-03-14,2025-03-29,33,33,2,0,0,0,0,0,0,0,0,0,0,0,0,0,0,0,0,0,0,0,0,0,0,0,0,0,0,0,0,1,0,0,0,0,0,0,0,0,0,0,0,0,0,0,0,0,0,0,0,0,0,0,0,0
K Pop — Playboi Carti,K Pop,Playboi Carti,,,2025-03-29,38,38,1,0,0,0,0,0,0,0,0,0,0,0,0,0,0,0,0,0,0,0,0,0,0,0,0,0,0,0,0,0,0,0,0,0,0,0,0,0,0,0,0,0,0,0,0,0,0,0,0,0,0,0,0,0
Pop Out — Playboi Carti,Pop Out,Playboi Carti,,,2025-03-29,41,41,1,0,0,0,0,0,0,0,0,0,0,0,0,0,0,0,0,0,0,0,0,0,0,0,0,0,0,0,0,0,0,0,0,0,0,0,0,0,0,0,0,0,0,0,0,0,0,0,0,0,0,0,0,0
Radar — Playboi Carti,Radar,Playboi Carti,1.7988833333333334,2025-03-14,2025-03-29,43,43,1,0,0,0,0,0,0,0,0,0,0,0,0,0,0,0,0,0,0,0,0,0,0,0,0,0,0,0,0,1,0,0,0,0,0,0,0,0,0,0,0,0,0,0,0,0,0,0,0,0,0,0,0,0
Dark Thoughts — Lil Tecca,Dark Thoughts,Lil Tecca,2.283183333333333,2025-03-14,2025-03-29,45,28,17,0,0,0,0,0,0,0,0,0,0,0,0,0,0,0,0,0,0,0,0,0,0,0,0,0,0,0,0,1,0,0,0,0,0,0,0,0,0,0,0,0,0,0,0,0,0,0,0,0,0,0,0,0
HBA — Playboi Carti,HBA,Playboi Carti,3.5433,2025-03-14,2025-03-29,48,48,1,0,0,0,0,0,0,0,0,0,0,0,0,0,0,0,0,0,0,0,0,0,0,0,0,0,0,0,0,1,0,0,0,0,0,0,0,0,0,0,0,0,0,0,0,0,0,0,0,0,0,0,0,0
I Seeeeee You Baby Boi — Playboi Carti,I Seeeeee You Baby Boi,Playboi Carti,,,2025-03-29,54,54,1,0,0,0,0,0,0,0,0,0,0,0,0,0,0,0,0,0,0,0,0,0,0,0,0,0,0,0,0,0,0,0,0,0,0,0,0,0,0,0,0,0,0,0,0,0,0,0,0,0,0,0,0,0
Crank — Playboi Carti,Crank,Playboi Carti,2.461533333333333,2025-03-14,2025-03-29,55,55,1,0,0,0,0,0,0,0,0,0,0,0,0,0,0,0,0,0,0,0,0,0,0,0,0,0,0,0,0,1,0,0,0,0,0,0,0,0,0,0,0,0,0,0,0,0,0,0,0,0,0,0,0,0
Like Weezy — Playboi Carti,Like Weezy,Playboi Carti,1.9266666666666667,2025-03-14,2025-03-29,56,56,2,0,0,0,0,0,0,0,0,0,0,0,0,0,0,0,0,0,0,0,0,0,0,0,0,0,0,0,0,1,0,0,0,0,0,0,0,0,0,0,0,0,0,0,0,0,0,0,0,0,0,0,0,0
Emergence — Sleep Token,Emergence,Sleep Token,6.43755,2025-03-13,2025-03-29,57,57,4,0,0,0,0,0,0,0,0,0,0,0,0,0,0,0,0,0,0,0,0,0,0,0,0,0,0,0,0,0,0,0,0,0,0,0,0,1,0,0,0,0,0,0,0,0,0,0,1,0,0,0,0,0
Olympian — Playboi Carti,Olympian,Playboi Carti,2.9122166666666667,2025-03-14,2025-03-29,65,65,1,0,0,0,0,0,0,0,0,0,0,0,0,0,0,0,0,0,0,0,0,0,0,0,0,0,0,0,0,1,0,0,0,0,0,0,0,0,0,0,0,0,0,0,0,0,0,0,0,0,0,0,0,0
Munyun — Playboi Carti,Munyun,Playboi Carti,2.5714166666666665,2025-03-14,2025-03-29,69,69,1,0,0,0,0,0,0,0,0,0,0,0,0,0,0,0,0,0,0,0,0,0,0,0,0,0,0,0,0,1,0,0,0,0,0,0,0,0,0,0,0,0,0,0,0,0,0,0,0,0,0,0,0,0
OPM Babi — Playboi Carti,OPM Babi,Playboi Carti,2.8846166666666666,2025-03-14,2025-03-29,75,75,1,0,0,0,0,0,0,0,0,0,0,0,0,0,0,0,0,0,0,0,0,0,0,0,0,0,0,0,0,1,0,0,0,0,0,0,0,0,0,0,0,0,0,0,0,0,0,0,0,0,0,0,0,0
Cocaine Nose — Playboi Carti,Cocaine Nose,Playboi Carti,2.5193333333333334,2025-03-14,2025-03-29,80,80,1,0,0,0,0,0,0,0,0,0,0,0,0,0,0,0,0,0,0,0,0,0,0,0,0,0,0,0,0,1,0,0,0,0,0,0,0,0,0,0,0,0,0,0,0,0,0,0,0,0,0,0,0,0
Dis 1 Got It — Playboi Carti,Dis 1 Got It,Playboi Carti,,,2025-03-29,85,85,1,0,0,0,0,0,0,0,0,0,0,0,0,0,0,0,0,0,0,0,0,0,0,0,0,0,0,0,0,0,0,0,0,0,0,0,0,0,0,0,0,0,0,0,0,0,0,0,0,0,0,0,0,0
Overly — Playboi Carti,Overly,Playboi Carti,2.770566666666667,2020-12-25,2025-03-29,86,86,1,0,0,0,0,0,0,0,0,0,0,0,0,0,0,0,0,0,0,0,0,0,0,0,0,0,0,0,0,1,0,0,0,0,0,0,0,0,0,0,0,0,0,0,0,0,0,0,0,0,0,0,0,0
South Atlanta Baby — Playboi Carti,South Atlanta Baby,Playboi Carti,2.2209833333333333,2025-03-14,2025-03-29,88,88,1,0,0,0,0,0,0,0,0,0,0,0,0,0,0,0,0,0,0,0,0,0,0,0,0,0,0,0,0,1,0,0,0,0,0,0,0,0,0,0,0,0,0,0,0,0,0,0,0,0,0,0,0,0
Walk — Playboi Carti,Walk,Playboi Carti,1.5735333333333332,2025-03-14,2025-03-29,96,96,1,0,0,0,0,0,0,0,0,0,0,0,0,0,0,0,0,0,0,0,0,0,0,0,0,0,0,0,0,1,0,0,0,0,0,0,0,0,0,0,0,0,0,0,0,0,0,0,0,0,0,0,0,0
Just In Case — Morgan Wallen,Just In Case,Morgan Wallen,2.7701,2025-03-21,2025-04-05,4,2,21,0,0,0,0,0,0,0,0,0,0,0,0,0,0,0,0,0,0,1,0,0,0,0,0,0,0,0,0,0,0,0,0,0,0,0,0,0,0,0,0,0,0,0,0,0,0,0,0,0,0,0,0,0
I'm A Little Crazy — Morgan Wallen,I'm A Little Crazy,Morgan Wallen,3.3176666666666668,2025-03-21,2025-04-05,17,17,16,0,0,0,0,0,0,0,0,0,0,0,0,0,0,0,0,0,0,1,0,0,0,0,0,0,0,0,0,0,0,0,0,0,0,0,0,0,0,0,0,0,0,0,0,0,0,0,0,0,0,0,0,0
Mona Lisa — j-hope,Mona Lisa,j-hope,2.2865333333333333,2025-03-21,2025-04-05,65,65,1,0,0,0,0,0,0,0,0,0,0,0,0,0,0,0,0,0,0,0,0,0,0,0,0,0,0,0,0,0,0,0,0,0,0,1,0,0,0,0,0,0,0,1,0,0,0,0,0,0,0,0,0,0
This Town's Been Too Good To Us — Dylan Scott,This Town's Been Too Good To Us,Dylan Scott,3.193783333333333,2025-03-28,2025-04-05,70,70,2,0,0,0,0,0,0,0,0,0,0,0,0,0,0,0,0,0,0,1,0,0,0,0,0,0,0,0,0,0,0,0,0,0,0,0,0,0,0,0,0,0,0,0,0,0,0,0,0,0,0,0,0,0
Twilight Zone — Ariana Grande,Twilight Zone,Ariana Grande,3.3053333333333335,2025-03-27,2025-04-12,18,18,18,0,0,0,0,0,0,0,0,0,0,0,0,0,0,0,0,0,0,0,0,0,0,0,0,0,0,0,0,0,0,0,0,0,0,0,0,0,0,0,0,0,0,1,0,0,0,0,0,0,0,0,0,0
Dandelion — Ariana Grande,Dandelion,Ariana Grande,3.4135833333333334,2025-03-27,2025-04-12,38,38,3,0,0,0,0,0,0,0,0,0,0,0,0,0,0,0,0,0,0,0,0,0,0,0,0,0,0,0,0,0,0,0,0,0,0,0,0,0,0,0,0,0,0,1,0,0,0,0,0,0,0,0,0,0
Past Life — Ariana Grande,Past Life,Ariana Grande,3.5972333333333335,2025-03-27,2025-04-12,53,53,1,0,0,0,0,0,0,0,0,0,0,0,0,0,0,0,0,0,0,0,0,0,0,0,0,0,0,0,0,0,0,0,0,0,0,0,0,0,0,0,0,0,0,1,0,0,0,0,0,0,0,0,0,0
Warm — Ariana Grande,Warm,Ariana Grande,3.365083333333333,2025-03-27,2025-04-12,54,54,1,0,0,0,0,0,0,0,0,0,0,0,0,0,0,0,0,0,0,0,0,0,0,0,0,0,0,0,0,0,0,0,0,0,0,0,0,0,0,0,0,0,0,1,0,0,0,0,0,0,0,0,0,0
Hampstead — Ariana Grande,Hampstead,Ariana Grande,3.604416666666667,2025-03-27,2025-04-12,59,59,1,0,0,0,0,0,0,0,0,0,0,0,0,0,0,0,0,0,0,0,0,0,0,0,0,0,0,0,0,0,0,0,0,0,0,0,0,0,0,0,0,0,0,1,0,0,0,0,0,0,0,0,0,0
Vanish Mode — Lil Durk,Vanish Mode,Lil Durk,2.052583333333333,2024-10-18,2025-04-12,63,63,1,0,0,0,0,0,0,0,0,0,0,0,0,0,0,0,0,0,0,0,0,0,0,0,0,0,0,0,0,1,0,0,0,0,0,0,0,0,0,0,0,0,0,0,0,0,1,0,0,0,0,0,0,0
Love Me Not — Ravyn Lenae,Love Me Not,Ravyn Lenae,3.5577833333333335,2024-05-03,2025-04-12,81,5,20,0,0,0,0,0,0,0,0,0,0,0,0,0,0,0,0,0,0,0,0,0,0,0,0,0,0,0,0,0,0,0,0,0,0,0,0,0,0,0,0,0,0,0,0,1,0,0,0,0,0,0,0,0
Back To Friends — sombr,Back To Friends,sombr,3.3172,2024-12-27,2025-04-12,90,30,20,0,0,0,0,0,0,1,0,0,0,0,0,0,0,0,0,0,0,0,0,0,0,0,0,0,0,0,0,0,0,0,0,1,0,0,0,0,0,0,0,0,0,0,0,0,0,0,0,0,0,0,0,0
Hometown Home — LOCASH,Hometown Home,LOCASH,3.4718333333333335,2024-04-19,2025-04-12,91,91,2,0,0,0,0,0,0,0,0,0,0,0,0,0,0,0,0,0,0,1,0,0,0,0,0,0,0,0,0,0,0,0,0,0,0,0,0,0,0,0,0,0,0,0,0,0,0,0,0,0,0,0,0,0
Shaking When I Pray — Lil Durk,Shaking When I Pray,Lil Durk,,,2025-04-12,94,94,1,0,0,0,0,0,0,0,0,0,0,0,0,0,0,0,0,0,0,0,0,0,0,0,0,0,0,0,0,0,0,0,0,0,0,0,0,0,0,0,0,0,0,0,0,0,0,0,0,0,0,0,0,0
Keep On Sippin' — Lil Durk,Keep On Sippin',Lil Durk,,,2025-04-12,96,96,1,0,0,0,0,0,0,0,0,0,0,0,0,0,0,0,0,0,0,0,0,0,0,0,0,0,0,0,0,0,0,0,0,0,0,0,0,0,0,0,0,0,0,0,0,0,0,0,0,0,0,0,0,0
Azizam — Ed Sheeran,Azizam,Ed Sheeran,2.700483333333333,2025-04-04,2025-04-19,28,28,14,0,0,0,0,0,0,0,0,0,0,0,0,0,0,0,0,0,0,0,0,0,0,0,0,0,0,0,0,0,0,0,0,0,0,0,0,0,0,0,0,0,0,1,0,0,0,0,0,1,0,0,0,0
Caramel — Sleep Token,Caramel,Sleep Token,4.835166666666667,2025-04-04,2025-04-19,34,34,5,0,0,0,0,0,0,0,0,0,0,0,0,0,0,0,0,0,0,0,0,0,0,0,0,0,0,0,0,0,0,0,0,0,0,0,0,1,0,0,0,0,0,0,0,0,0,0,1,0,0,0,0,0
End Of The World — Miley Cyrus,End Of The World,Miley Cyrus,,,2025-04-19,52,52,4,0,0,0,0,0,0,0,0,0,0,0,0,0,0,0,0,0,0,0,0,0,0,0,0,0,0,0,0,0,0,0,0,0,0,0,0,0,0,0,0,0,0,0,0,0,0,0,0,0,0,0,0,0
Chest Pain (I Love) — Malcolm Todd,Chest Pain (I Love),Malcolm Todd,3.3471166666666665,2024-12-04,2025-04-19,68,68,3,0,0,0,0,0,0,1,0,0,0,0,0,0,0,0,0,0,0,0,0,0,0,0,0,0,0,0,0,0,0,0,0,0,0,0,0,0,0,0,0,0,0,0,0,0,0,0,0,0,0,0,0,0
Back To Me — The Marias,Back To Me,The Marias,,,2025-04-19,86,86,1,0,0,0,0,0,0,0,0,0,0,0,0,0,0,0,0,0,0,0,0,0,0,0,0,0,0,0,0,0,0,0,0,0,0,0,0,0,0,0,0,0,0,0,0,0,0,0,0,0,0,0,0,0
Undressed — sombr,Undressed,sombr,3.0348166666666665,2025-03-21,2025-04-19,96,25,19,0,0,0,0,0,0,1,0,0,0,0,0,0,0,0,0,0,0,0,0,0,0,0,0,0,0,0,0,0,0,0,0,1,0,0,0,0,0,0,0,0,0,0,0,0,0,0,0,0,0,0,0,0
Blue Strips — Jessie Murph,Blue Strips,Jessie Murph,2.4534833333333332,2025-06-06,2025-04-26,81,15,14,0,0,0,0,0,0,0,0,0,0,0,0,0,0,0,0,0,0,0,0,0,0,0,0,0,0,0,0,0,0,0,0,0,0,0,0,0,0,0,0,0,0,1,0,0,0,0,0,0,0,0,0,0
"Henry, Come On — Lana Del Rey","Henry, Come On",Lana Del Rey,5.1878166666666665,2025-04-11,2025-04-26,90,90,1,0,0,0,0,0,0,1,0,0,0,0,0,0,0,0,0,0,0,0,0,0,0,0,0,0,0,0,0,0,0,0,0,0,0,0,0,0,0,0,0,0,0,0,0,0,0,0,0,0,0,0,0,0
Hands Of Time — Eric Church,Hands Of Time,Eric Church,3.5495833333333335,2025-05-02,2025-04-26,94,70,4,0,0,0,0,0,0,0,0,0,0,0,0,0,0,0,0,0,0,1,0,0,0,0,0,0,0,0,0,0,0,0,0,0,0,0,0,0,0,0,0,0,0,0,0,0,0,0,0,0,0,0,0,0
Not At This Party — Dasha,Not At This Party,Dasha,3.01515,2025-04-11,2025-04-26,97,97,1,0,0,0,0,0,0,0,0,0,0,0,0,0,0,0,0,0,0,1,0,0,0,0,0,0,0,0,0,0,0,0,0,0,0,0,0,0,0,0,0,0,0,0,0,0,0,0,0,0,0,0,0,0
Whiskey Drink — Jason Aldean,Whiskey Drink,Jason Aldean,3.1733333333333333,2023-11-03,2025-04-26,98,77,8,0,0,0,0,0,0,0,0,0,0,0,0,0,0,0,0,0,0,1,0,0,0,0,0,0,0,0,0,0,0,0,0,0,0,0,0,0,0,0,0,0,0,0,0,0,0,0,0,0,0,0,0,0
Happen To Me — Russell Dickerson,Happen To Me,Russell Dickerson,3.06025,2025-02-21,2025-05-03,71,39,17,0,0,0,0,0,0,0,0,0,0,0,0,0,0,0,0,0,0,1,0,0,0,0,0,0,0,0,0,0,0,0,0,0,0,0,0,0,0,0,0,0,0,0,0,0,0,0,0,0,0,0,0,0
Your Way's Better — Forrest Frank,Your Way's Better,Forrest Frank,3.3013666666666666,2024-10-24,2025-05-03,72,61,17,0,0,0,0,0,0,0,0,0,0,0,1,0,0,0,0,0,0,0,0,0,0,0,0,0,0,0,0,0,0,0,0,0,0,0,0,0,0,0,0,0,0,0,0,0,0,0,0,0,0,0,0,0
Steve's Lava Chicken — Jack Black,Steve's Lava Chicken,Jack Black,0.5733333333333334,2025-03-28,2025-05-03,78,78,3,0,0,0,0,0,0,0,0,0,0,0,0,0,0,0,0,0,0,0,0,0,0,0,0,0,0,0,0,0,0,0,0,0,0,0,0,0,0,0,0,0,0,1,0,0,0,0,0,0,1,0,0,0
Headphones On — Addison Rae,Headphones On,Addison Rae,4.005133333333333,2025-04-18,2025-05-03,87,87,1,0,0,0,0,0,0,0,0,0,0,0,0,0,0,0,0,0,0,0,0,0,0,0,0,0,0,0,0,0,0,0,0,0,0,0,0,0,0,0,0,0,0,1,0,0,0,0,0,0,0,0,0,0
Forever To Me — Cole Swindell,Forever To Me,Cole Swindell,2.99445,2024-04-12,2025-05-03,91,91,1,0,0,0,0,0,0,0,0,0,0,0,0,0,0,0,0,0,0,1,0,0,0,0,0,0,0,0,0,0,0,0,0,0,0,0,0,0,0,0,0,0,0,0,0,0,0,0,0,0,0,0,0,0
Party 4 U — Charli xcx,Party 4 U,Charli xcx,4.944216666666667,2020-05-15,2025-05-03,95,55,17,0,0,0,0,0,0,0,0,0,0,0,0,0,0,0,0,0,0,0,0,0,0,0,0,0,0,0,0,0,0,0,0,0,0,0,0,0,0,0,0,0,0,1,0,0,0,0,0,0,0,0,0,0
Actin Up — Tommy Richman,Actin Up,Tommy Richman,2.2294833333333335,2025-02-07,2025-05-03,96,96,1,0,0,0,0,0,0,0,0,0,0,0,0,0,0,0,0,0,0,0,0,0,0,0,0,0,0,0,0,1,0,0,0,0,0,0,0,0,0,0,0,0,0,0,0,0,0,0,0,0,0,0,0,0
House Again — Hudson Westbrook,House Again,Hudson Westbrook,3.3715166666666665,2024-10-18,2025-05-03,98,64,17,0,0,0,0,0,0,0,0,0,0,0,0,0,0,0,0,0,0,1,0,0,0,0,0,0,0,0,0,0,0,0,0,0,0,0,0,0,0,0,0,0,0,0,0,0,0,0,0,0,0,0,0,0
What Was That — Lorde,What Was That,Lorde,3.4881,2025-04-24,2025-05-10,36,36,4,0,0,0,0,0,0,0,0,0,0,0,0,0,0,0,0,0,0,0,0,0,0,0,0,0,0,0,0,0,0,0,0,0,0,0,0,0,0,0,0,0,0,1,0,0,0,0,0,0,0,0,0,0
Mystical Magical — Benson Boone,Mystical Magical,Benson Boone,2.76245,2025-04-24,2025-05-10,40,17,16,0,0,0,0,0,0,0,0,0,0,0,0,0,0,0,0,0,0,0,0,0,0,0,0,0,0,0,0,0,0,0,0,0,0,0,0,0,0,0,0,0,0,1,0,0,0,0,0,0,0,0,0,0
Damocles — Sleep Token,Damocles,Sleep Token,4.41395,2025-04-25,2025-05-10,47,47,2,0,0,0,0,0,0,0,0,0,0,0,0,0,0,0,0,0,0,0,0,0,0,0,0,0,0,0,0,0,0,0,0,0,0,0,0,1,0,0,0,0,0,0,0,0,0,0,1,0,0,0,0,0
After All The Bars Are Closed — Thomas Rhett,After All The Bars Are Closed,Thomas Rhett,,,2025-05-10,63,35,16,0,0,0,0,0,0,0,0,0,0,0,0,0,0,0,0,0,0,0,0,0,0,0,0,0,0,0,0,0,0,0,0,0,0,0,0,0,0,0,0,0,0,0,0,0,0,0,0,0,0,0,0,0
My World — Chuckyy,My World,Chuckyy,2.6329833333333332,2025-04-24,2025-05-10,79,79,2,0,0,0,0,0,0,0,0,0,0,0,0,0,0,0,0,0,0,0,0,0,0,0,0,0,0,0,0,1,0,0,0,0,0,0,0,0,0,0,0,0,0,0,0,0,0,0,0,0,0,0,0,0
"3,2,1 — Tucker Wetmore","3,2,1",Tucker Wetmore,2.6388833333333332,2025-02-21,2025-05-10,97,97,1,0,0,0,0,0,0,0,0,0,0,0,0,0,0,0,0,0,0,1,0,0,0,0,0,0,0,0,0,0,0,0,0,0,0,0,0,0,0,0,0,0,0,0,0,0,0,0,0,0,0,0,0,0
Ribs — Lorde,Ribs,Lorde,4.31615,2013-09-27,2025-05-10,99,99,2,0,0,0,0,0,0,1,0,0,0,0,0,0,0,0,0,0,0,0,0,0,0,0,0,0,0,0,0,0,0,0,0,0,0,0,0,0,0,0,0,0,0,0,0,0,0,0,0,0,0,0,0,0
Burning Blue — Mariah The Scientist,Burning Blue,Mariah the Scientist,3.4338,2025-04-25,2025-05-17,25,25,11,0,0,0,0,0,0,0,0,0,0,0,0,0,0,0,0,0,0,0,0,0,0,0,0,0,0,0,0,0,0,0,0,0,0,0,0,0,0,0,0,0,0,0,0,1,0,0,0,0,0,0,0,0
Thought It Was Love — Ty Myers,Thought It Was Love,Ty Myers,4.102366666666667,2025-01-24,2025-05-17,79,79,8,0,0,0,0,0,0,0,0,0,0,0,0,0,0,0,0,0,0,1,0,0,0,0,0,0,0,0,0,0,0,0,0,0,0,0,0,0,0,0,0,0,0,0,0,0,0,0,0,0,0,0,0,0
Old Phone — Ed Sheeran,Old Phone,Ed Sheeran,3.6972,2025-05-03,2025-05-17,89,89,1,0,0,0,0,0,0,0,0,0,0,0,0,0,0,0,0,0,0,0,0,0,0,0,0,0,0,0,0,0,0,0,0,0,0,0,0,0,0,0,0,0,0,1,0,0,0,0,0,1,0,0,0,0
Gnarly — KATSEYE,Gnarly,KATSEYE,2.2886,2025-04-30,2025-05-17,92,90,5,0,0,0,0,0,0,0,0,0,0,0,0,0,0,0,0,0,0,0,0,0,0,0,0,0,0,0,0,0,0,0,0,0,0,0,0,0,0,0,0,0,0,1,0,0,0,0,0,0,0,0,0,0
Me Prometi — Ivan Cornejo,Me Prometi,Ivan Cornejo,2.86315,2025-05-03,2025-05-17,95,95,1,0,0,0,0,0,0,0,0,0,0,0,0,0,0,0,0,0,0,0,0,0,0,0,0,0,0,0,0,0,0,0,0,0,0,0,1,0,0,0,0,0,0,0,0,0,0,0,0,0,0,0,0,0
Superman — Morgan Wallen,Superman,Morgan Wallen,3.1366833333333335,2025-05-16,2025-05-24,16,8,14,0,0,0,0,0,0,0,0,0,0,0,0,0,0,0,0,0,0,1,0,0,0,0,0,0,0,0,0,0,0,0,0,0,0,0,0,0,0,0,0,0,0,0,0,0,0,0,0,0,0,0,0,0
Dangerous — Sleep Token,Dangerous,Sleep Token,4.18955,2025-05-09,2025-05-24,56,56,1,0,0,0,0,0,0,0,0,0,0,0,0,0,0,0,0,0,0,0,0,0,0,0,0,0,0,0,0,0,0,0,0,0,0,0,0,1,0,0,0,0,0,0,0,0,0,0,1,0,0,0,0,0
Even In Arcadia — Sleep Token,Even In Arcadia,Sleep Token,4.472816666666667,2025-05-09,2025-05-24,61,61,1,0,0,0,0,0,0,0,0,0,0,0,0,0,0,0,0,0,0,0,0,0,0,0,0,0,0,0,0,0,0,0,0,0,0,0,0,1,0,0,0,0,0,0,0,0,0,0,1,0,0,0,0,0
Look To Windward — Sleep Token,Look To Windward,Sleep Token,7.7744,2025-05-09,2025-05-24,66,66,1,0,0,0,0,0,0,0,0,0,0,0,0,0,0,0,0,0,0,0,0,0,0,0,0,0,0,0,0,0,0,0,0,0,0,0,0,1,0,0,0,0,0,0,0,0,0,0,1,0,0,0,0,0
Past Self — Sleep Token,Past Self,Sleep Token,3.5774833333333333,2025-05-09,2025-05-24,70,70,1,0,0,0,0,0,0,0,0,0,0,0,0,0,0,0,0,0,0,0,0,0,0,0,0,0,0,0,0,0,0,0,0,0,0,0,0,1,0,0,0,0,0,0,0,0,0,0,1,0,0,0,0,0
Marlboro Rojo — Fuerza Regida,Marlboro Rojo,Fuerza Regida,3.0695666666666668,2025-05-02,2025-05-24,74,64,13,0,0,0,0,0,0,0,0,0,0,0,0,0,0,0,0,0,0,0,0,0,0,0,0,0,0,0,0,0,0,0,0,0,0,0,1,0,0,1,0,0,0,0,0,0,0,0,0,0,0,0,0,0
Gethsemane — Sleep Token,Gethsemane,Sleep Token,6.39,2025-05-09,2025-05-24,75,75,1,0,0,0,0,0,0,0,0,0,0,0,0,0,0,0,0,0,0,0,0,0,0,0,0,0,0,0,0,0,0,0,0,0,0,0,0,1,0,0,0,0,0,0,0,0,0,0,1,0,0,0,0,0
Provider — Sleep Token,Provider,Sleep Token,6.0984,2025-05-09,2025-05-24,77,77,1,0,0,0,0,0,0,0,0,0,0,0,0,0,0,0,0,0,0,0,0,0,0,0,0,0,0,0,0,0,0,0,0,0,0,0,0,1,0,0,0,0,0,0,0,0,0,0,1,0,0,0,0,0
Infinite Baths — Sleep Token,Infinite Baths,Sleep Token,8.38765,2025-05-09,2025-05-24,100,100,1,0,0,0,0,0,0,0,0,0,0,0,0,0,0,0,0,0,0,0,0,0,0,0,0,0,0,0,0,0,0,0,0,0,0,0,0,1,0,0,0,0,0,0,0,0,0,0,1,0,0,0,0,0
I Got Better — Morgan Wallen,I Got Better,Morgan Wallen,3.4160666666666666,2025-05-16,2025-05-31,7,7,13,0,0,0,0,0,0,0,0,0,0,0,0,0,0,0,0,0,0,1,0,0,0,0,0,0,0,0,0,0,0,0,0,0,0,0,0,0,0,0,0,0,0,0,0,0,0,0,0,0,0,0,0,0
20 Cigarettes — Morgan Wallen,20 Cigarettes,Morgan Wallen,2.6817,2025-05-16,2025-05-31,20,20,13,0,0,0,0,0,0,0,0,0,0,0,0,0,0,0,0,0,0,1,0,0,0,0,0,0,0,0,0,0,0,0,0,0,0,0,0,0,0,0,0,0,0,0,0,0,0,0,0,0,0,0,0,0
Kick Myself — Morgan Wallen,Kick Myself,Morgan Wallen,2.65495,2025-05-16,2025-05-31,21,21,6,0,0,0,0,0,0,0,0,0,0,0,0,0,0,0,0,0,0,1,0,0,0,0,0,0,0,0,0,0,0,0,0,0,0,0,0,0,0,0,0,0,0,0,0,0,0,0,0,0,0,0,0,0
Eyes Are Closed — Morgan Wallen,Eyes Are Closed,Morgan Wallen,3.2864833333333334,2025-05-16,2025-05-31,22,22,7,0,0,0,0,0,0,0,0,0,0,0,0,0,0,0,0,0,0,1,0,0,0,0,0,0,0,0,0,0,0,0,0,0,0,0,0,0,0,0,0,0,0,0,0,0,0,0,0,0,0,0,0,0
Falling Apart — Morgan Wallen,Falling Apart,Morgan Wallen,3.3153333333333332,2025-05-16,2025-05-31,25,25,5,0,0,0,0,0,0,0,0,0,0,0,0,0,0,0,0,0,0,1,0,0,0,0,0,0,0,0,0,0,0,0,0,0,0,0,0,0,0,0,0,0,0,0,0,0,0,0,0,0,0,0,0,0
"Skoal, Chevy, And Browning — Morgan Wallen","Skoal, Chevy, And Browning",Morgan Wallen,,,2025-05-31,29,29,5,0,0,0,0,0,0,0,0,0,0,0,0,0,0,0,0,0,0,0,0,0,0,0,0,0,0,0,0,0,0,0,0,0,0,0,0,0,0,0,0,0,0,0,0,0,0,0,0,0,0,0,0,0
TN — Morgan Wallen,TN,Morgan Wallen,3.0856333333333335,2025-05-16,2025-05-31,31,31,13,0,0,0,0,0,0,0,0,0,0,0,0,0,0,0,0,0,0,1,0,0,0,0,0,0,0,0,0,0,0,0,0,0,0,0,0,0,0,0,0,0,0,0,0,0,0,0,0,0,0,0,0,0
Where'd That Girl Go — Morgan Wallen,Where'd That Girl Go,Morgan Wallen,2.5204833333333334,2025-05-16,2025-05-31,32,32,6,0,0,0,0,0,0,0,0,0,0,0,0,0,0,0,0,0,0,1,0,0,0,0,0,0,0,0,0,0,0,0,0,0,0,0,0,0,0,0,0,0,0,0,0,0,0,0,0,0,0,0,0,0
Kiss Her In Front Of You — Morgan Wallen,Kiss Her In Front Of You,Morgan Wallen,,,2025-05-31,34,34,6,0,0,0,0,0,0,0,0,0,0,0,0,0,0,0,0,0,0,0,0,0,0,0,0,0,0,0,0,0,0,0,0,0,0,0,0,0,0,0,0,0,0,0,0,0,0,0,0,0,0,0,0,0
If You Were Mine — Morgan Wallen,If You Were Mine,Morgan Wallen,,,2025-05-31,41,41,5,0,0,0,0,0,0,0,0,0,0,0,0,0,0,0,0,0,0,0,0,0,0,0,0,0,0,0,0,0,0,0,0,0,0,0,0,0,0,0,0,0,0,0,0,0,0,0,0,0,0,0,0,0
Missing — Morgan Wallen,Missing,Morgan Wallen,3.0418666666666665,2025-05-16,2025-05-31,42,42,4,0,0,0,0,0,0,0,0,0,0,0,0,0,0,0,0,0,0,1,0,0,0,0,0,0,0,0,0,0,0,0,0,0,0,0,0,0,0,0,0,0,0,0,0,0,0,0,0,0,0,0,0,0
Genesis — Morgan Wallen,Genesis,Morgan Wallen,3.25815,2025-05-16,2025-05-31,46,46,3,0,0,0,0,0,0,0,0,0,0,0,0,0,0,0,0,0,0,1,0,0,0,0,0,0,0,0,0,0,0,0,0,0,0,0,0,0,0,0,0,0,0,0,0,0,0,0,0,0,0,0,0,0
Don't We — Morgan Wallen,Don't We,Morgan Wallen,3.1907,2025-05-16,2025-05-31,48,48,5,0,0,0,0,0,0,0,0,0,0,0,0,0,0,0,0,0,0,1,0,0,0,0,0,0,0,0,0,0,0,0,0,0,0,0,0,0,0,0,0,0,0,0,0,0,0,0,0,0,0,0,0,0
Dark Til Daylight — Morgan Wallen,Dark Til Daylight,Morgan Wallen,,,2025-05-31,50,49,8,0,0,0,0,0,0,0,0,0,0,0,0,0,0,0,0,0,0,0,0,0,0,0,0,0,0,0,0,0,0,0,0,0,0,0,0,0,0,0,0,0,0,0,0,0,0,0,0,0,0,0,0,0
Interlude — Morgan Wallen,Interlude,Morgan Wallen,0.73335,2025-05-16,2025-05-31,51,51,3,0,0,0,0,0,0,0,0,0,0,0,0,0,0,0,0,0,0,1,0,0,0,0,0,0,0,0,0,0,0,0,0,0,0,0,0,0,0,0,0,0,0,0,0,0,0,0,0,0,0,0,0,0
Revelation — Morgan Wallen,Revelation,Morgan Wallen,3.492,2025-05-16,2025-05-31,54,54,3,0,0,0,0,0,0,0,0,0,0,0,0,0,0,0,0,0,0,1,0,0,0,0,0,0,0,0,0,0,0,0,0,0,0,0,0,0,0,0,0,0,0,0,0,0,0,0,0,0,0,0,0,0
Jack And Jill — Morgan Wallen,Jack And Jill,Morgan Wallen,3.6693333333333333,2025-05-16,2025-05-31,60,60,3,0,0,0,0,0,0,0,0,0,0,0,0,0,0,0,0,0,0,1,0,0,0,0,0,0,0,0,0,0,0,0,0,0,0,0,0,0,0,0,0,0,0,0,0,0,0,0,0,0,0,0,0,0
Miami — Morgan Wallen,Miami,Morgan Wallen,3.6272,2025-07-25,2025-05-31,65,65,3,0,0,0,0,0,0,0,0,0,0,0,0,0,0,0,0,0,0,1,0,0,0,0,0,0,0,0,0,0,0,0,0,0,0,0,0,0,0,0,0,0,0,0,0,0,0,0,0,0,0,0,0,0
Leavin's The Least I Could Do — Morgan Wallen,Leavin's The Least I Could Do,Morgan Wallen,,,2025-05-31,70,70,2,0,0,0,0,0,0,0,0,0,0,0,0,0,0,0,0,0,0,0,0,0,0,0,0,0,0,0,0,0,0,0,0,0,0,0,0,0,0,0,0,0,0,0,0,0,0,0,0,0,0,0,0,0
Drinking Til It Does — Morgan Wallen,Drinking Til It Does,Morgan Wallen,,,2025-05-31,72,72,2,0,0,0,0,0,0,0,0,0,0,0,0,0,0,0,0,0,0,0,0,0,0,0,0,0,0,0,0,0,0,0,0,0,0,0,0,0,0,0,0,0,0,0,0,0,0,0,0,0,0,0,0,0
Nothin' Left — Morgan Wallen,Nothin' Left,Morgan Wallen,,,2025-05-31,73,73,1,0,0,0,0,0,0,0,0,0,0,0,0,0,0,0,0,0,0,0,0,0,0,0,0,0,0,0,0,0,0,0,0,0,0,0,0,0,0,0,0,0,0,0,0,0,0,0,0,0,0,0,0,0
LA Night — Morgan Wallen,LA Night,Morgan Wallen,2.730916666666667,2023-02-02,2025-05-31,79,79,2,0,0,0,0,0,0,0,0,0,0,0,0,0,0,0,0,0,0,1,0,0,0,0,0,0,0,0,0,0,0,0,0,0,0,0,0,0,0,0,0,0,0,0,0,0,0,0,0,0,0,0,0,0
Whiskey In Reverse — Morgan Wallen,Whiskey In Reverse,Morgan Wallen,,,2025-05-31,83,83,1,0,0,0,0,0,0,0,0,0,0,0,0,0,0,0,0,0,0,0,0,0,0,0,0,0,0,0,0,0,0,0,0,0,0,0,0,0,0,0,0,0,0,0,0,0,0,0,0,0,0,0,0,0
Working Man's Song — Morgan Wallen,Working Man's Song,Morgan Wallen,,,2025-05-31,84,84,1,0,0,0,0,0,0,0,0,0,0,0,0,0,0,0,0,0,0,0,0,0,0,0,0,0,0,0,0,0,0,0,0,0,0,0,0,0,0,0,0,0,0,0,0,0,0,0,0,0,0,0,0,0
Crazy Eyes — Morgan Wallen,Crazy Eyes,Morgan Wallen,3.304666666666667,2025-05-16,2025-05-31,88,88,1,0,0,0,0,0,0,0,0,0,0,0,0,0,0,0,0,0,0,1,0,0,0,0,0,0,0,0,0,0,0,0,0,0,0,0,0,0,0,0,0,0,0,0,0,0,0,0,0,0,0,0,0,0
Don't Say You Love Me — Jin,Don't Say You Love Me,Jin,3.0119333333333334,2025-05-16,2025-05-31,90,90,1,0,0,0,0,0,0,0,0,0,0,0,0,0,0,0,0,0,0,0,0,0,0,0,0,0,0,0,0,0,0,0,0,0,0,1,0,0,0,0,0,0,0,1,0,0,0,0,0,0,0,0,0,0
Cliche — mgk,Cliche,Machine Gun Kelly,6.247116666666667,2012-09-07,2025-06-07,62,62,4,1,0,0,0,0,0,0,0,0,0,0,0,0,0,0,0,0,1,0,0,0,0,0,0,0,0,0,0,0,0,0,0,0,0,0,0,0,0,0,0,0,0,0,0,0,0,0,1,1,0,0,0,0
Latina Foreva — Karol G,Latina Foreva,Karol G,2.658716666666667,2025-05-22,2025-06-07,74,66,5,0,0,0,0,0,0,0,0,0,0,0,0,0,0,0,0,0,0,0,0,0,0,0,0,0,0,0,0,0,0,0,0,0,0,0,1,0,0,0,0,0,0,0,0,0,0,0,0,0,0,0,0,0
Somewhere Over Laredo — Lainey Wilson,Somewhere Over Laredo,Lainey Wilson,3.7666666666666666,2025-08-22,2025-06-07,88,81,6,0,0,0,0,0,0,0,0,0,0,0,0,0,0,0,0,0,0,1,0,0,0,0,0,0,0,0,0,0,0,0,0,0,0,0,0,0,0,0,0,0,0,0,0,0,0,0,0,0,0,0,0,0
Just Keep Watching — Tate McRae,Just Keep Watching,Tate McRae,2.37585,2025-05-29,2025-06-14,33,33,11,0,0,0,0,0,0,0,0,0,0,0,0,0,0,0,0,0,0,0,0,0,0,0,0,0,0,0,0,0,0,0,0,0,0,0,0,0,0,0,0,0,0,1,0,0,0,0,0,0,0,0,0,0
OWA OWA — Lil Tecca,OWA OWA,Lil Tecca,2.20635,2025-05-30,2025-06-14,50,50,5,0,0,0,0,0,0,0,0,0,0,0,0,0,0,0,0,0,0,0,0,0,0,0,0,0,0,0,0,1,0,0,0,0,0,0,0,0,0,0,0,0,0,0,0,0,0,0,0,0,0,0,0,0
Tu Sancho — Fuerza Regida,Tu Sancho,Fuerza Regida,2.9665833333333333,2025-05-02,2025-06-14,81,65,8,0,0,0,0,0,0,0,0,0,0,0,0,0,0,0,0,0,0,0,0,0,0,0,0,0,0,0,0,0,0,0,0,0,0,0,1,0,0,1,0,0,0,0,0,0,0,0,0,0,0,0,0,0
Easy Lover — Miley Cyrus,Easy Lover,Miley Cyrus,3.1106666666666665,2025-05-30,2025-06-14,82,82,1,0,0,0,0,0,0,0,0,0,0,0,0,0,0,0,0,0,0,0,0,0,0,0,0,0,0,0,0,0,0,0,0,0,0,0,0,0,0,0,0,0,0,1,0,0,0,0,0,0,0,0,0,0
Fame Is A Gun — Addison Rae,Fame Is A Gun,Addison Rae,3.0539666666666667,2025-05-30,2025-06-14,94,73,3,0,0,0,0,0,0,0,0,0,0,0,0,0,0,0,0,0,0,0,0,0,0,0,0,0,0,0,0,0,0,0,0,0,0,0,0,0,0,0,0,0,0,1,0,0,0,0,0,0,0,0,0,0
Better Me For You (Brown Eyes) — Max McNown,Better Me For You (Brown Eyes),Max McNown,3.235333333333333,2024-11-14,2025-06-14,98,50,9,0,0,0,0,0,0,0,0,0,0,0,0,0,0,0,0,0,0,1,0,0,0,0,0,0,0,0,0,0,0,0,0,0,0,0,0,0,0,0,0,0,0,0,0,0,0,0,0,0,0,0,0,0
Nice To Meet You — Myles Smith,Nice To Meet You,Myles Smith,2.933333333333333,2024-11-08,2025-06-14,100,82,10,0,0,0,0,0,0,0,0,0,0,0,0,0,0,0,0,0,0,0,0,0,0,0,0,0,0,0,0,0,0,0,0,0,0,0,0,0,0,0,0,0,0,0,0,0,0,0,0,1,0,0,0,0
Manchild — Sabrina Carpenter,Manchild,Sabrina Carpenter,3.560766666666667,2025-06-05,2025-06-21,1,1,10,0,0,0,0,0,0,0,0,0,0,0,0,0,0,0,0,0,0,0,0,0,0,0,0,0,0,0,0,0,0,0,0,0,0,0,0,0,0,0,0,0,0,1,0,0,0,0,0,0,0,0,0,0
Typa — GloRilla,Typa,GloRilla,2.068966666666667,2025-06-05,2025-06-21,42,42,5,0,0,0,0,0,0,0,0,0,0,0,0,0,0,0,0,0,0,0,0,0,0,0,0,0,0,0,0,1,0,0,0,0,0,0,0,0,0,0,0,0,0,0,0,0,0,0,0,0,0,0,0,0
Touch Me Like A Gangster — Jessie Murph,Touch Me Like A Gangster,Jessie Murph,2.7321666666666666,2025-06-06,2025-06-21,56,56,4,0,0,0,0,0,0,0,0,0,0,0,0,0,0,0,0,0,0,0,0,0,0,0,0,0,0,0,0,0,0,0,0,0,0,0,0,0,0,0,0,0,0,1,0,0,0,0,0,0,0,0,0,0
Banned From NO — Lil Wayne,Banned From NO,Lil Wayne,,,2025-06-21,61,61,1,0,0,0,0,0,0,0,0,0,0,0,0,0,0,0,0,0,0,0,0,0,0,0,0,0,0,0,0,0,0,0,0,0,0,0,0,0,0,0,0,0,0,0,0,0,0,0,0,0,0,0,0,0
Welcome To Tha Carter — Lil Wayne,Welcome To Tha Carter,Lil Wayne,,,2025-06-21,62,62,1,0,0,0,0,0,0,0,0,0,0,0,0,0,0,0,0,0,0,0,0,0,0,0,0,0,0,0,0,0,0,0,0,0,0,0,0,0,0,0,0,0,0,0,0,0,0,0,0,0,0,0,0,0
Bells — Lil Wayne,Bells,Lil Wayne,3.4082333333333334,2025-06-06,2025-06-21,65,65,1,0,0,0,0,0,0,0,0,0,0,0,0,0,0,0,0,0,0,0,0,0,0,0,0,0,0,0,0,1,0,0,0,0,0,0,0,0,0,0,0,0,0,0,0,0,0,0,0,0,0,0,0,0
Sapphire — Ed Sheeran,Sapphire,Ed Sheeran,2.9847,2025-03-19,2025-06-21,74,74,3,0,0,0,0,0,0,0,0,0,0,0,0,0,0,0,0,0,0,0,0,0,0,0,0,0,0,0,0,0,0,0,0,0,0,0,0,0,0,0,0,0,0,1,0,0,0,0,0,1,0,0,0,0
Type Dangerous — Mariah Carey,Type Dangerous,Mariah Carey,2.9298,2025-06-06,2025-06-21,95,95,1,0,0,0,0,0,0,0,0,0,0,0,0,0,0,0,0,0,0,0,0,0,0,0,0,0,0,0,0,0,0,0,0,0,0,0,0,0,0,0,0,0,0,1,0,1,0,0,0,0,0,0,0,0
King Carter — Lil Wayne,King Carter,Lil Wayne,1.8012333333333332,2025-06-06,2025-06-21,97,97,1,0,0,0,0,0,0,0,0,0,0,0,0,0,0,0,0,0,0,0,0,0,0,0,0,0,0,0,0,1,0,0,0,0,0,0,0,0,0,0,0,0,0,0,0,0,0,0,0,0,0,0,0,0
Lemon Drop — ATEEZ,Lemon Drop,ATEEZ,2.9899333333333336,2025-06-13,2025-06-28,69,69,1,0,0,0,0,0,0,0,0,0,0,0,0,0,0,0,0,0,0,0,0,0,0,0,0,0,0,0,0,0,0,0,0,0,0,1,0,0,0,0,0,0,0,1,0,0,0,0,0,0,0,0,0,0
Won't Stop — Gunna,Won't Stop,Gunna,3.02555,2025-06-13,2025-06-28,70,70,1,0,0,0,0,0,0,0,0,0,0,0,0,0,0,0,0,0,0,0,0,0,0,0,0,0,0,0,0,1,0,0,0,0,0,0,0,0,0,0,0,0,0,0,0,0,0,0,0,0,0,0,0,0
Folded — Kehlani,Folded,Kehlani,3.9686666666666666,2025-06-11,2025-06-28,76,42,9,0,0,0,0,0,0,0,0,0,0,0,0,0,0,0,0,1,0,0,0,0,0,0,0,0,0,0,0,0,0,0,0,0,0,0,0,0,0,0,0,0,0,0,0,1,0,0,0,0,0,0,0,0
Half The Plot — Lil Tecca,Half The Plot,Lil Tecca,,,2025-06-28,78,78,1,0,0,0,0,0,0,0,0,0,0,0,0,0,0,0,0,0,0,0,0,0,0,0,0,0,0,0,0,0,0,0,0,0,0,0,0,0,0,0,0,0,0,0,0,0,0,0,0,0,0,0,0,0
Holy Blindfold — Chris Brown,Holy Blindfold,Chris Brown,2.84,2025-06-06,2025-06-28,89,89,1,0,0,0,0,0,0,0,0,0,0,0,0,0,0,0,0,0,0,0,0,0,0,0,0,0,0,0,0,0,0,0,0,0,0,0,0,0,0,0,0,0,0,0,0,1,0,0,0,0,0,0,0,0
Sparks — Coldplay,Sparks,Coldplay,3.7849,2000-07-10,2025-06-28,93,79,5,1,0,0,0,0,0,1,0,0,1,0,0,0,0,0,0,0,0,0,0,0,0,0,0,0,0,0,0,0,0,0,0,1,0,0,0,0,0,0,0,0,0,1,0,0,0,0,1,0,0,0,0,0
Single Again — Josh Ross,Single Again,Josh Ross,2.984183333333333,2024-01-12,2025-06-28,97,73,5,0,0,0,0,0,0,0,0,0,0,0,0,0,0,0,0,0,0,1,0,0,0,0,0,0,0,0,0,0,0,0,0,0,0,0,0,0,0,0,0,0,0,0,0,0,0,0,0,0,0,0,0,0
Outside — Cardi B,Outside,Cardi B,3.4451833333333335,2025-06-20,2025-07-05,10,10,8,0,0,0,0,0,0,0,0,0,0,0,0,0,0,0,0,0,0,0,0,0,0,0,0,0,0,0,0,1,0,0,0,0,0,0,0,0,0,0,0,0,0,0,0,0,0,0,0,0,0,0,0,0
6 Months Later — Megan Moroney,6 Months Later,Megan Moroney,3.047816666666667,2025-06-20,2025-07-05,30,30,8,0,0,0,0,0,0,0,0,0,0,0,0,0,0,0,0,0,0,1,0,0,0,0,0,0,0,0,0,0,0,0,0,0,0,0,0,0,0,0,0,0,0,0,0,0,0,0,0,0,0,0,0,0
Mr Electric Blue — Benson Boone,Mr Electric Blue,Benson Boone,3.172,2025-04-25,2025-07-05,73,73,1,0,0,0,0,0,0,0,0,0,0,0,0,0,0,0,0,0,0,0,0,0,0,0,0,0,0,0,0,0,0,0,0,0,0,0,0,0,0,0,0,0,0,1,0,0,0,0,0,0,0,0,0,0
Papasito — Karol G,Papasito,Karol G,2.78635,2025-06-19,2025-07-05,74,74,1,0,0,0,0,0,0,0,0,0,0,0,0,0,0,0,0,0,0,0,0,0,0,0,0,0,0,0,0,0,0,0,0,0,0,0,1,0,0,0,0,0,0,0,0,0,0,0,0,0,0,0,0,0
This Heart — Corey Kent,This Heart,Corey Kent,3.116216666666667,2024-01-26,2025-07-05,82,82,3,0,0,0,0,0,0,0,0,0,0,0,0,0,0,0,0,0,0,1,0,0,0,0,0,0,0,0,0,0,0,0,0,0,0,0,0,0,0,0,0,0,0,0,0,0,0,0,0,0,0,0,0,0
Gabriela — KATSEYE,Gabriela,KATSEYE,3.2871166666666665,2025-06-26,2025-07-05,94,76,4,0,0,0,0,0,0,0,0,0,0,0,0,0,0,0,0,0,0,0,0,0,0,0,0,0,0,0,0,0,0,0,0,0,0,0,0,0,0,0,0,0,0,1,0,0,0,0,0,0,0,0,0,0
How It's Done — HUNTR/X,How It's Done,HUNTR/X,2.9343166666666667,2025-06-19,2025-07-12,42,42,1,0,0,0,0,0,0,0,0,0,0,0,0,0,0,0,0,0,0,0,0,0,0,0,0,0,0,0,0,0,0,0,0,0,0,1,0,0,0,0,0,0,0,1,0,0,0,0,0,0,0,0,0,0
Soda Pop — Saja Boys,Soda Pop,Saja Boys,2.511433333333333,2025-06-19,2025-07-12,49,49,1,0,0,0,0,0,0,0,0,0,0,0,0,0,0,0,0,0,0,0,0,0,0,0,0,0,0,0,0,0,0,0,0,0,0,1,0,0,0,0,0,0,0,1,0,0,0,0,0,0,0,0,0,0
What It Sounds Like — HUNTR/X,What It Sounds Like,HUNTR/X,4.17115,2025-06-19,2025-07-12,55,55,1,0,0,0,0,0,0,0,0,0,0,0,0,0,0,0,0,0,0,0,0,0,0,0,0,0,0,0,0,0,0,0,0,0,0,1,0,0,0,0,0,0,0,1,0,0,0,0,0,0,0,0,0,0
Takedown — HUNTR/X,Takedown,HUNTR/X,3.0336166666666666,2025-06-20,2025-07-12,64,64,1,0,0,0,0,0,0,0,0,0,0,0,0,0,0,0,0,0,0,0,0,0,0,0,0,0,0,0,0,0,0,0,0,0,0,1,0,0,0,0,0,0,0,1,0,0,0,0,0,0,0,0,0,0
FWU — Don Toliver,FWU,Don Toliver,2.85,2025-06-12,2025-07-12,82,82,1,0,0,0,0,0,0,0,0,0,0,0,0,0,0,0,0,0,0,0,0,0,0,0,0,0,0,0,0,1,0,0,0,0,0,0,0,0,0,0,0,0,0,0,0,0,0,0,0,0,0,0,0,0
Went West — BabyChiefDoit,Went West,BabyChiefDoit,2.6014,2025-06-27,2025-07-12,89,71,2,0,0,0,0,0,0,0,0,0,0,0,0,0,0,0,0,0,0,0,0,0,0,0,0,0,0,0,0,1,0,0,0,0,0,0,0,0,0,0,0,0,0,0,0,0,0,0,0,0,0,0,0,0
Went Legit — G Herbo,Went Legit,G Herbo,2.341466666666667,2025-01-11,2025-07-12,95,81,6,0,0,0,0,0,0,0,0,0,0,0,0,0,0,0,0,0,0,0,0,0,0,0,0,0,0,0,0,1,0,0,0,0,0,0,0,0,0,0,0,0,0,0,0,0,1,0,0,0,0,0,0,0
Bar None — Jordan Davis,Bar None,Jordan Davis,2.8844166666666666,2025-03-28,2025-07-12,99,71,6,0,0,0,0,0,0,0,0,0,0,0,0,0,0,0,0,0,0,1,0,0,0,0,0,0,0,0,0,0,0,0,0,0,0,0,0,0,0,0,0,0,0,0,0,0,0,0,0,0,0,0,0,0
What Did I Miss? — Drake,What Did I Miss?,Drake,3.2387333333333332,2025-07-05,2025-07-19,2,2,6,0,0,0,0,0,0,0,0,0,0,0,0,0,0,0,0,0,0,0,0,0,0,0,0,0,0,0,0,1,0,0,0,0,0,0,0,0,0,0,0,0,0,0,0,0,0,0,0,0,0,0,0,0
River Washed Hair — Zach Bryan,River Washed Hair,Zach Bryan,4.360033333333333,2025-07-02,2025-07-19,53,53,4,0,0,0,0,0,0,0,0,0,0,0,0,0,0,0,0,0,0,1,0,0,0,0,0,0,0,0,0,0,0,0,0,0,0,0,0,0,0,0,0,0,0,0,0,0,0,0,0,0,0,0,0,0
Illegal — PinkPantheress,Illegal,PinkPantheress,2.49445,2025-05-09,2025-07-19,96,96,1,0,0,0,0,0,0,0,0,0,0,0,0,0,0,0,0,0,0,0,0,0,0,0,0,0,0,0,0,0,0,0,0,0,0,0,0,0,0,0,0,0,0,1,0,0,0,0,0,0,0,0,0,0
Country House — Sam Hunt,Country House,Sam Hunt,3.57155,2024-04-05,2025-07-19,98,98,1,0,0,0,0,0,0,0,0,0,0,0,0,0,0,0,0,0,0,1,0,0,0,0,0,0,0,0,0,0,0,0,0,0,0,0,0,0,0,0,0,0,0,0,0,0,0,0,0,0,0,0,0,0
Daisies — Justin Bieber,Daisies,Justin Bieber,2.9408833333333333,2025-07-11,2025-07-26,2,2,5,0,0,0,0,0,0,0,0,0,0,0,0,0,0,0,0,0,0,0,0,0,0,0,0,0,0,0,0,0,0,0,0,0,0,0,0,0,0,0,0,0,0,1,0,0,0,0,0,0,0,0,0,0
Yukon — Justin Bieber,Yukon,Justin Bieber,2.731116666666667,2025-07-11,2025-07-26,17,17,5,0,0,0,0,0,0,0,0,0,0,0,0,0,0,0,0,0,0,0,0,0,0,0,0,0,0,0,0,0,0,0,0,0,0,0,0,0,0,0,0,0,0,1,0,0,0,0,0,0,0,0,0,0
Go Baby — Justin Bieber,Go Baby,Justin Bieber,3.246,2025-07-11,2025-07-26,18,18,3,0,0,0,0,0,0,0,0,0,0,0,0,0,0,0,0,0,0,0,0,0,0,0,0,0,0,0,0,0,0,0,0,0,0,0,0,0,0,0,0,0,0,1,0,0,0,0,0,0,0,0,0,0
All I Can Take — Justin Bieber,All I Can Take,Justin Bieber,,,2025-07-26,21,21,1,0,0,0,0,0,0,0,0,0,0,0,0,0,0,0,0,0,0,0,0,0,0,0,0,0,0,0,0,0,0,0,0,0,0,0,0,0,0,0,0,0,0,0,0,0,0,0,0,0,0,0,0,0
Jump — BLACKPINK,Jump,BLACKPINK,2.7453166666666666,2025-07-11,2025-07-26,28,28,5,0,0,0,0,0,0,0,0,0,0,0,0,0,0,0,0,0,0,0,0,0,0,0,0,0,0,0,0,0,0,0,0,0,0,1,0,0,0,0,0,0,0,1,0,0,0,0,0,0,0,0,0,0
Things You Do — Justin Bieber,Things You Do,Justin Bieber,,,2025-07-26,35,35,1,0,0,0,0,0,0,0,0,0,0,0,0,0,0,0,0,0,0,0,0,0,0,0,0,0,0,0,0,0,0,0,0,0,0,0,0,0,0,0,0,0,0,0,0,0,0,0,0,0,0,0,0,0
Walking Away — Justin Bieber,Walking Away,Justin Bieber,4.066883333333333,2025-07-11,2025-07-26,37,37,2,0,0,0,0,0,0,0,0,0,0,0,0,0,0,0,0,0,0,0,0,0,0,0,0,0,0,0,0,0,0,0,0,0,0,0,0,0,0,0,0,0,0,1,0,0,0,0,0,0,0,0,0,0
Butterflies — Justin Bieber,Butterflies,Justin Bieber,3.225416666666667,2025-07-11,2025-07-26,49,49,1,0,0,0,0,0,0,0,0,0,0,0,0,0,0,0,0,0,0,0,0,0,0,0,0,0,0,0,0,0,0,0,0,0,0,0,0,0,0,0,0,0,0,1,0,0,0,0,0,0,0,0,0,0
Kick Out — Travis Scott,Kick Out,Travis Scott,2.8416333333333332,2025-07-10,2025-07-26,50,50,2,0,0,0,0,0,0,0,0,0,0,0,0,0,0,0,0,0,0,0,0,0,0,0,0,0,0,0,0,1,0,0,0,0,0,0,0,0,0,0,0,0,0,0,0,0,0,0,0,0,0,0,0,0
Dumbo — Travis Scott,Dumbo,Travis Scott,3.970816666666667,2025-07-13,2025-07-26,54,54,2,0,0,0,0,0,0,0,0,0,0,0,0,0,0,0,0,0,0,0,0,0,0,0,0,0,0,0,0,1,0,0,0,0,0,0,0,0,0,0,0,0,0,0,0,0,0,0,0,0,0,0,0,0
First Place — Justin Bieber,First Place,Justin Bieber,3.34,2025-07-11,2025-07-26,59,59,1,0,0,0,0,0,0,0,0,0,0,0,0,0,0,0,0,0,0,0,0,0,0,0,0,0,0,0,0,0,0,0,0,0,0,0,0,0,0,0,0,0,0,1,0,0,0,0,0,0,0,0,0,0
So Be It — Clipse,So Be It,Clipse,3.2477833333333335,2025-07-11,2025-07-26,62,62,1,0,0,0,0,0,0,0,0,0,0,0,0,0,0,0,0,0,0,0,0,0,0,0,0,0,0,0,0,1,0,0,0,0,0,0,0,0,0,0,0,0,0,0,0,0,0,0,0,0,0,0,0,0
In Your Fantasy — ATEEZ,In Your Fantasy,ATEEZ,3.2116333333333333,2025-07-11,2025-07-26,68,68,1,0,0,0,0,0,0,0,0,0,0,0,0,0,0,0,0,0,0,0,0,0,0,0,0,0,0,0,0,0,0,0,0,0,0,1,0,0,0,0,0,0,0,1,0,0,0,0,0,0,0,0,0,0
Ace Trumpets — Clipse,Ace Trumpets,Clipse,2.5677833333333333,2025-05-30,2025-07-26,78,78,1,0,0,0,0,0,0,0,0,0,0,0,0,0,0,0,0,0,0,0,0,0,0,0,0,0,0,0,0,1,0,0,0,0,0,0,0,0,0,0,0,0,0,0,0,0,0,0,0,0,0,0,0,0
Too Long — Justin Bieber,Too Long,Justin Bieber,3.076216666666667,2025-07-11,2025-07-26,79,79,1,0,0,0,0,0,0,0,0,0,0,0,0,0,0,0,0,0,0,0,0,0,0,0,0,0,0,0,0,0,0,0,0,0,0,0,0,0,0,0,0,0,0,1,0,0,0,0,0,0,0,0,0,0
Glory Voice Memo — Justin Bieber,Glory Voice Memo,Justin Bieber,,,2025-07-26,83,83,1,0,0,0,0,0,0,0,0,0,0,0,0,0,0,0,0,0,0,0,0,0,0,0,0,0,0,0,0,0,0,0,0,0,0,0,0,0,0,0,0,0,0,0,0,0,0,0,0,0,0,0,0,0
405 — Justin Bieber,405,Justin Bieber,3.5493333333333332,2025-07-11,2025-07-26,86,86,1,0,0,0,0,0,0,0,0,0,0,0,0,0,0,0,0,0,0,0,0,0,0,0,0,0,0,0,0,0,0,0,0,0,0,0,0,0,0,0,0,0,0,1,0,0,0,0,0,0,0,0,0,0
M.T.B.T.T.F. — Clipse,M.T.B.T.T.F.,Clipse,2.600216666666667,2025-07-11,2025-07-26,95,95,1,0,0,0,0,0,0,0,0,0,0,0,0,0,0,0,0,0,0,0,0,0,0,0,0,0,0,0,0,1,0,0,0,0,0,0,0,0,0,0,0,0,0,0,0,0,0,0,0,0,0,0,0,0
Eternity — Alex Warren,Eternity,Alex Warren,3.1592333333333333,2025-07-18,2025-08-02,16,16,4,0,0,0,0,0,0,0,0,0,0,0,0,0,0,0,0,0,0,0,0,0,0,0,0,0,0,0,0,0,0,0,0,0,0,0,0,0,0,0,0,0,0,1,0,0,0,0,0,0,0,0,0,0
"Sugar On My Tongue — Tyler, the Creator",Sugar On My Tongue,"Tyler, The Creator",2.55555,2025-07-21,2025-08-02,41,41,4,0,0,0,0,0,0,0,0,0,0,0,0,0,0,0,0,0,0,0,0,0,0,0,0,0,0,0,0,1,0,0,0,0,0,0,0,0,0,0,0,0,0,0,0,0,1,0,0,0,0,0,0,0
"Ring Ring Ring — Tyler, the Creator",Ring Ring Ring,"Tyler, The Creator",3.3644833333333333,2025-07-21,2025-08-02,44,44,4,0,0,0,0,0,0,0,0,0,0,0,0,0,0,0,0,0,0,0,0,0,0,0,0,0,0,0,0,1,0,0,0,0,0,0,0,0,0,0,0,0,0,0,0,0,1,0,0,0,0,0,0,0
Crazy Train — Ozzy Osbourne,Crazy Train,Ozzy Osbourne,4.8785,1980-09-20,2025-08-02,46,39,2,0,0,0,0,0,0,0,1,0,0,0,0,0,0,0,0,0,0,0,0,0,0,0,0,0,1,1,0,0,0,0,0,0,0,0,0,1,0,0,0,0,0,0,0,0,0,0,1,0,0,0,0,0
"Sucka Free — Tyler, the Creator",Sucka Free,"Tyler, The Creator",2.6842,2025-07-21,2025-08-02,48,48,2,0,0,0,0,0,0,0,0,0,0,0,0,0,0,0,0,0,0,0,0,0,0,0,0,0,0,0,0,1,0,0,0,0,0,0,0,0,0,0,0,0,0,0,0,0,1,0,0,0,0,0,0,0
"Stop Playing With Me — Tyler, the Creator",Stop Playing With Me,"Tyler, The Creator",3.26645,2018-01-10,2025-08-02,51,51,2,0,0,0,0,0,0,0,0,0,0,0,0,0,0,0,0,0,0,1,0,0,0,0,0,0,0,0,0,0,0,0,0,0,0,0,0,0,0,0,0,0,0,0,0,0,0,0,0,0,0,0,0,0
"Mommanem — Tyler, the Creator",Mommanem,"Tyler, The Creator",1.2564333333333333,2025-07-21,2025-08-02,54,54,2,0,0,0,0,0,0,0,0,0,0,0,0,0,0,0,0,0,0,0,0,0,0,0,0,0,0,0,0,1,0,0,0,0,0,0,0,0,0,0,0,0,0,0,0,0,1,0,0,0,0,0,0,0
"I'll Take Care Of You — Tyler, the Creator",I'll Take Care Of You,"Tyler, The Creator",8.59775,2021-06-25,2025-08-02,55,55,2,0,0,0,0,0,0,0,0,0,0,0,0,0,0,0,0,0,0,0,0,0,0,0,0,0,0,0,0,1,0,0,0,0,0,0,0,0,0,0,0,0,0,0,0,0,0,0,0,0,0,0,0,0
"Don't Tap That Glass / Tweakin' — Tyler, the Creator",Don't Tap That Glass / Tweakin',"Tyler, The Creator",3.7020833333333334,2025-07-21,2025-08-02,56,56,2,0,0,0,0,0,0,0,0,0,0,0,0,0,0,0,0,0,0,0,0,0,0,0,0,0,0,0,0,1,0,0,0,0,0,0,0,0,0,0,0,0,0,0,0,0,1,0,0,0,0,0,0,0
"Tell Me What It Is — Tyler, the Creator",Tell Me What It Is,"Tyler, The Creator",3.3689,2025-07-21,2025-08-02,82,82,1,0,0,0,0,0,0,0,0,0,0,0,0,0,0,0,0,0,0,0,0,0,0,0,0,0,0,0,0,1,0,0,0,0,0,0,0,0,0,0,0,0,0,0,0,0,1,0,0,0,0,0,0,0
1965 — jessie murph,1965,Jessie Murph,2.804133333333333,2025-07-16,2025-08-02,84,84,1,0,0,0,0,0,0,0,0,0,0,0,0,0,0,0,0,0,0,0,0,0,0,0,0,0,0,0,0,0,0,0,0,0,0,0,0,0,0,0,0,0,0,1,0,0,0,0,0,0,0,0,0,0
Strategy — Twice,Strategy,TWICE,2.810766666666667,2024-12-06,2025-08-02,92,62,4,0,0,0,0,0,0,0,0,0,0,0,0,0,0,0,0,0,0,0,0,0,0,0,0,0,0,0,0,0,0,0,0,0,0,1,0,0,0,0,0,0,0,1,0,0,0,0,0,0,0,0,0,0
Frecuencia — Dareyes de La Sierra,Frecuencia,Dareyes de La Sierra,3.1738666666666666,2025-06-05,2025-08-02,94,82,4,0,0,0,0,0,0,0,0,0,0,0,0,0,0,0,0,0,0,0,0,0,0,0,0,0,0,0,0,0,0,0,0,0,0,0,1,0,0,1,0,0,0,0,0,0,0,0,0,0,0,0,0,0
Back In The Saddle — Luke Combs,Back In The Saddle,Luke Combs,3.55105,2025-07-25,2025-08-09,38,38,3,0,0,0,0,0,0,0,0,0,0,0,0,0,0,0,0,0,0,1,0,0,0,0,0,0,0,0,0,0,0,0,0,0,0,0,0,0,0,0,0,0,0,0,0,0,0,0,0,0,0,0,0,0
Park — Tyler Hubbard,Park,Tyler Hubbard,2.7377333333333334,2024-04-12,2025-08-09,84,84,2,0,0,0,0,0,0,0,0,0,0,0,0,0,0,0,0,0,0,1,0,0,0,0,0,0,0,0,0,0,0,0,0,0,0,0,0,0,0,0,0,0,0,0,0,0,0,0,0,0,0,0,0,0
The Subway — Chappell Roan,The Subway,Chappell Roan,4.2046,2025-08-01,2025-08-16,3,3,2,0,0,0,0,0,0,0,0,0,0,0,0,0,0,0,0,0,0,0,0,0,0,0,0,0,0,0,0,0,0,0,0,0,0,0,0,0,0,0,0,0,0,1,0,0,0,0,0,0,0,0,0,0
Napoleon — $uicideboy$,Napoleon,$uicideboy$,2.6079666666666665,2025-08-01,2025-08-16,54,54,2,0,0,0,0,0,0,0,0,0,0,0,0,0,0,0,0,0,0,0,0,0,0,0,0,0,0,0,0,1,0,0,0,0,0,0,0,0,0,0,0,0,0,0,0,0,0,0,0,0,0,0,0,0
So Far So Fake — Pierce the Veil,So Far So Fake,Pierce the Veil,3.9361,2023-02-10,2025-08-16,88,73,2,0,0,0,0,0,0,1,0,0,0,0,0,0,0,0,0,0,0,0,0,0,0,0,0,0,0,0,0,0,0,0,0,0,0,0,0,0,0,0,0,0,0,0,0,0,0,0,1,0,0,0,0,0
Count Your Blessings — $uicideboy$,Count Your Blessings,$uicideboy$,4.138333333333334,2025-08-01,2025-08-16,90,90,1,0,0,0,0,0,0,0,0,0,0,0,0,0,0,0,0,0,0,0,0,0,0,0,0,0,0,0,0,1,0,0,0,0,0,0,0,0,0,0,0,0,0,0,0,0,0,0,0,0,0,0,0,0
"Oh, What A Wretched Man I Am! — $uicideboy$","Oh, What A Wretched Man I Am!",$uicideboy$,2.65985,2025-08-01,2025-08-16,91,91,1,0,0,0,0,0,0,0,0,0,0,0,0,0,0,0,0,0,0,0,0,0,0,0,0,0,0,0,0,1,0,0,0,0,0,0,0,0,0,0,0,0,0,0,0,0,0,0,0,0,0,0,0,0
12 To 12 — sombr,12 To 12,sombr,4.048383333333334,2025-07-24,2025-08-16,95,95,1,0,0,0,0,0,0,1,0,0,0,0,0,0,0,0,0,0,0,0,0,0,0,0,0,0,0,0,0,0,0,0,0,1,0,0,0,0,0,0,0,0,0,0,0,0,0,0,0,0,0,0,0,0
A Lot More Free — Max McNown,A Lot More Free,Max McNown,3.3153333333333332,2024-02-21,2025-08-16,97,97,1,0,0,0,0,0,0,0,0,0,0,0,0,0,0,0,0,0,0,1,0,0,0,0,0,0,0,0,0,0,0,0,0,0,0,0,0,0,0,0,0,0,0,0,0,0,0,0,0,0,0,0,0,0
Country Song Came On — Luke Bryan,Country Song Came On,Luke Bryan,3.9108666666666667,2024-08-09,2025-08-16,98,93,2,0,0,0,0,0,0,0,0,0,0,0,0,0,0,0,0,0,0,1,0,0,0,0,0,0,0,0,0,0,0,0,0,0,0,0,0,0,0,0,0,0,0,0,0,0,0,0,0,0,0,0,0,0
Somebody — Latto,Somebody,Latto,3.3737833333333334,2025-05-16,2025-08-16,99,99,1,0,0,0,0,0,0,0,0,0,0,0,0,0,0,0,0,0,0,0,0,0,0,0,0,0,0,0,0,1,0,0,0,0,0,0,0,0,0,0,0,0,0,0,0,0,1,0,0,0,0,0,0,0
Just Say Dat — Gunna,Just Say Dat,Gunna,2.058666666666667,2025-08-07,2025-08-23,46,46,1,0,0,0,0,0,0,0,0,0,0,0,0,0,0,0,0,0,0,0,0,0,0,0,0,0,0,0,0,1,0,0,0,0,0,0,0,0,0,0,0,0,0,0,0,0,0,0,0,0,0,0,0,0
Sakpase — Gunna,Sakpase,Gunna,2.2211166666666666,2025-08-07,2025-08-23,70,70,1,0,0,0,0,0,0,0,0,0,0,0,0,0,0,0,0,0,0,0,0,0,0,0,0,0,0,0,0,1,0,0,0,0,0,0,0,0,0,0,0,0,0,0,0,0,0,0,0,0,0,0,0,0
Let That Sink In — Gunna,Let That Sink In,Gunna,3.0902166666666666,2025-08-07,2025-08-23,80,80,1,0,0,0,0,0,0,0,0,0,0,0,0,0,0,0,0,0,0,0,0,0,0,0,0,0,0,0,0,1,0,0,0,0,0,0,0,0,0,0,0,0,0,0,0,0,0,0,0,0,0,0,0,0
gp — Gunna,gp,Gunna,1.54,2025-08-07,2025-08-23,87,87,1,0,0,0,0,0,0,0,0,0,0,0,0,0,0,0,0,0,0,0,0,0,0,0,0,0,0,0,0,1,0,0,0,0,0,0,0,0,0,0,0,0,0,0,0,0,0,0,0,0,0,0,0,0
Many Nights — Gunna,Many Nights,Gunna,2.132216666666667,2025-08-07,2025-08-23,99,99,1,0,0,0,0,0,0,0,0,0,0,0,0,0,0,0,0,0,0,0,0,0,0,0,0,0,0,0,0,1,0,0,0,0,0,0,0,0,0,0,0,0,0,0,0,0,0,0,0,0,0,0,0,0
